33.657677,-117.91685
33.632954,-117.91789
33.643177,-117.92479
33.655582,-117.9187
33.637543,-117.91696
33.657406,-117.91871
33.640343,-117.922195
33.643703,-117.92296
33.641354,-117.91922
33.656868,-117.9172
33.632515,-117.91681
33.641354,-117.91922
33.6430765,-117.9323745
33.641354,-117.91922
33.64385,-117.92369
33.640343,-117.922195
33.648018,-117.92082
33.6491863,-117.9130945
33.641876,-117.92222
33.632515,-117.91674
33.63389,-117.92662
33.641373,-117.92005
33.634749,-117.917315
33.640343,-117.922195
33.646896,-117.93484
33.642284,-117.93399
33.645103,-117.92499
33.65683,-117.9144
33.632515,-117.91674
33.6425997,-117.9181264
33.6554539,-117.9160088
33.6311924,-117.9061821
33.657566,-117.924034
33.6436183,-117.9264297
33.65746,-117.90994
33.644855,-117.93243
33.64229,-117.91801
33.65213013,-117.932457
33.65248,-117.92777
33.6430673,-117.9272832
33.63672638,-117.9246445
33.656868,-117.9172
33.6399231,-117.9282455
33.65332794,-117.9231033
33.64262009,-117.9328613
33.632008,-117.91236
33.64827,-117.921684
33.648663,-117.92164
33.64859,-117.93029
33.647907,-117.92967
33.64962769,-117.9255905
33.638767,-117.91717
33.636726,-117.924644
33.657307,-117.93138
33.6479891,-117.9131981
33.64962769,-117.9255905
33.64859,-117.93029
33.6430673,-117.9272832
33.657406,-117.91871
33.6358739,-117.9126105
33.65789,-117.90355
33.657345,-117.90471
33.656868,-117.9172
33.6228,-117.9067
33.643764,-117.92024
33.6523056,-117.924202
33.65740585,-117.9187088
33.65751,-117.9318
33.63672638,-117.9246445
33.621723,-117.90703
33.652134,-117.929794
33.65212,-117.93165
33.657883,-117.90356
33.627728,-117.90899
33.62785,-117.91
33.657345,-117.90471
33.6479916,-117.9131766
33.65332794,-117.9231033
33.6423094,-117.93441
33.63251495,-117.9168091
33.63251495,-117.9168091
33.64083481,-117.9215775
33.6426,-117.91813
33.638832,-117.92939
33.650867,-117.91234
33.638832,-117.92939
33.62785,-117.91
33.640728,-117.94012
33.637543,-117.91696
33.6479891,-117.9131981
33.657345,-117.90471
33.635685,-117.920425
33.647907,-117.92967
33.6278485,-117.910002
33.64282,-117.91862
33.634888,-117.92076
33.65522,-117.906784
33.64236832,-117.9203796
33.64962769,-117.9255905
33.6365153,-117.9228929
33.65212,-117.93165
33.654606,-117.91875
33.632607,-117.9264
33.65522,-117.906784
33.6561336,-117.9057735
33.6368885,-117.9241066
33.63423,-117.91597
33.64859,-117.93029
33.656296,-117.90609
33.64260101,-117.918129
33.65332794,-117.9231033
33.65212,-117.93165
33.62785,-117.91
33.6430673,-117.9272832
33.646492,-117.9324265
33.64287,-117.91932
33.6430673,-117.9272832
33.62785,-117.91
33.646492,-117.9324265
33.635887,-117.92284
33.6423094,-117.93441
33.62785,-117.91
33.65728378,-117.9319458
33.64958572,-117.9285736
33.65212,-117.93165
33.64958572,-117.9285736
33.640343,-117.922195
33.62785,-117.91
33.6365153,-117.9228929
33.65212,-117.93165
33.64859,-117.93029
33.64859,-117.93029
33.64277,-117.923744
33.65441,-117.9173443
33.64262,-117.93286
33.64958572,-117.9285736
33.6428193,-117.9186145
33.62785,-117.91
33.632515,-117.91674
33.64287,-117.91932
33.6561336,-117.9057735
33.641354,-117.91922
33.656067,-117.91267
33.64231,-117.93441
33.654213,-117.90317
33.656868,-117.9172
33.64958572,-117.9285736
33.653736,-117.91875
33.6548912,-117.9215368
33.62592,-117.91152
33.65212,-117.93165
33.65728,-117.931946
33.6437018,-117.9229592
33.649715,-117.91798
33.64958572,-117.9285736
33.64231,-117.93441
33.638832,-117.92939
33.62592,-117.91152
33.632554,-117.91527
33.656868,-117.9172
33.649715,-117.91798
33.657566,-117.924034
33.657406,-117.91871
33.64231,-117.93441
33.64262,-117.93286
33.625645,-117.911125
33.64958572,-117.9285736
33.64287,-117.91932
33.657406,-117.91871
33.65212,-117.93165
33.65379,-117.9185612
33.641354,-117.91922
33.6426998,-117.9333671
33.65212,-117.93165
33.625645,-117.911125
33.6554013,-117.9068533
33.6417705,-117.9307716
33.657566,-117.924034
33.657405,-117.918706
33.64958572,-117.9285736
33.6423,-117.91836
33.657406,-117.91871
33.64958572,-117.9285736
33.657566,-117.924034
33.639923,-117.928246
33.636513,-117.92358
33.6468653,-117.915194
33.657405,-117.918706
33.625645,-117.911125
33.6423094,-117.93441
33.638832,-117.92939
33.635685,-117.920425
33.636726,-117.924644
33.65029,-117.931625
33.653328,-117.9231
33.643852,-117.91976
33.6368885,-117.9241066
33.657405,-117.918706
33.648403,-117.92918
33.643505,-117.92384
33.63376,-117.91505
33.637543,-117.91696
33.6423673,-117.9203827
33.625645,-117.911125
33.65212,-117.93165
33.640835,-117.92158
33.64231,-117.93441
33.64569855,-117.9296875
33.64958572,-117.9285736
33.6423094,-117.93441
33.639565,-117.920845
33.640729,-117.9401194
33.6423094,-117.93441
33.62765503,-117.9084015
33.64281845,-117.9186172
33.64231,-117.93441
33.6350065,-117.9150958
33.64958572,-117.9285736
33.6417705,-117.9307716
33.625645,-117.911125
33.631718,-117.914696
33.65212,-117.93165
33.656464,-117.91874
33.6572704,-117.9215402
33.6423673,-117.9203827
33.638832,-117.92939
33.65212,-117.93165
33.64231,-117.93441
33.642056,-117.93438
33.6326552,-117.9098509
33.657406,-117.91871
33.643642,-117.92413
33.632706,-117.910065
33.64958572,-117.9285736
33.64287,-117.91932
33.657405,-117.918706
33.625645,-117.911125
33.627655,-117.9084
33.6324562,-117.9142526
33.63557,-117.91822
33.6284109,-117.9096228
33.639595,-117.9198
33.65212,-117.93165
33.634523,-117.9203653
33.6417705,-117.9307716
33.64958572,-117.9285736
33.625645,-117.911125
33.654015,-117.91237
33.642067,-117.93454
33.642704,-117.91873
33.6428193,-117.9186145
33.6436444,-117.9285158
33.652657,-117.929085
33.642056,-117.934456
33.64958572,-117.9285736
33.656868,-117.9172
33.632458,-117.91425
33.65669,-117.91849
33.639614,-117.931
33.64619,-117.93227
33.648663,-117.92164
33.632515,-117.91681
33.6564528,-117.9170725
33.627655,-117.9084
33.63943,-117.92213
33.64287,-117.91932
33.657406,-117.91871
33.62765503,-117.9084015
33.65733,-117.904686
33.638832,-117.92939
33.65212,-117.93165
33.654415,-117.91863
33.6417705,-117.9307716
33.6284109,-117.9096228
33.657405,-117.918706
33.63943,-117.92213
33.64385,-117.92369
33.643085,-117.93337
33.64262,-117.93286
33.6284109,-117.9096228
33.6417705,-117.9307716
33.634537,-117.920395
33.65212,-117.93165
33.656296,-117.90609
33.656296,-117.90609
33.63376,-117.91505
33.64287,-117.91932
33.6367251,-117.9246408
33.6562948,-117.9060876
33.63943,-117.92213
33.64287,-117.91932
33.627655,-117.9084
33.63014,-117.9106
33.64287,-117.91932
33.657406,-117.91871
33.65212,-117.93165
33.630363,-117.91079
33.64217,-117.92
33.63943,-117.92213
33.65212,-117.93165
33.657566,-117.924034
33.62855,-117.90894
33.6284109,-117.9096228
33.6417705,-117.9307716
33.64287,-117.91932
33.656296,-117.90609
33.6562948,-117.9060876
33.6428727,-117.9193164
33.6423673,-117.9203827
33.6368885,-117.9241066
33.648403,-117.92918
33.65212,-117.93165
33.656067,-117.91267
33.634495,-117.92164
33.643192,-117.93407
33.64693,-117.91966
33.63835,-117.93005
33.635426,-117.923904
33.631947,-117.92426
33.6417705,-117.9307716
33.63874,-117.92181
33.630898,-117.9135
33.6284109,-117.9096228
33.6425997,-117.9181264
33.652008,-117.909584
33.635426,-117.923904
33.65686798,-117.9171982
33.65579987,-117.917305
33.6468653,-117.915194
33.63672638,-117.9246445
33.6426,-117.91813
33.653328,-117.9231
33.64279,-117.9283
33.64231,-117.93441
33.64279,-117.9283
33.64958572,-117.9285736
33.64279,-117.9283
33.6417705,-117.9307716
33.65266,-117.91285
33.625645,-117.911125
33.65212,-117.93165
33.64958572,-117.9285736
33.65212,-117.93165
33.6408361,-117.9215776
33.64231,-117.93441
33.625645,-117.911125
33.6436444,-117.9285158
33.64186,-117.93459
33.656868,-117.9172
33.6436444,-117.9285158
33.653736,-117.91875
33.625645,-117.911125
33.657821,-117.9043101
33.6496434,-117.9116518
33.63393,-117.92344
33.6338,-117.9234437
33.65033,-117.92629
33.6284109,-117.9096228
33.6417705,-117.9307716
33.6423094,-117.93441
33.64231,-117.93441
33.6436,-117.9275
33.625645,-117.911125
33.6338,-117.9234437
33.6468653,-117.915194
33.6496434,-117.9116518
33.6338,-117.9234437
33.6423094,-117.93441
33.656868,-117.9172
33.657405,-117.918706
33.639431,-117.9221268
33.6496434,-117.9116518
33.6562948,-117.9060876
33.630898,-117.9135
33.6428727,-117.9193164
33.6520192,-117.9096312
33.62765503,-117.9084015
33.657406,-117.91871
33.6338,-117.9234437
33.6432112,-117.9252813
33.6355691,-117.9182179
33.6423673,-117.9203827
33.6338,-117.9234437
33.64282,-117.91862
33.655403,-117.90685
33.65212,-117.93165
33.64231,-117.93441
33.657406,-117.91871
33.640728,-117.94012
33.6496144,-117.9323344
33.625645,-117.911125
33.633156,-117.9156
33.65212,-117.93165
33.64237,-117.92038
33.6319471,-117.9149643
33.6423673,-117.9203827
33.625645,-117.911125
33.64281845,-117.9186172
33.639431,-117.9221268
33.6417705,-117.9307716
33.642513,-117.91852
33.63649,-117.92173
33.64199,-117.930756
33.647907,-117.92967
33.6358315,-117.9235203
33.64231,-117.93441
33.6361154,-117.9212383
33.6255237,-117.9072328
33.64281845,-117.9186172
33.625645,-117.911125
33.6317175,-117.9146936
33.64231,-117.93441
33.6255237,-117.9072328
33.64305115,-117.9207535
33.6301392,-117.9105993
33.639431,-117.9221268
33.64287,-117.91932
33.639431,-117.9221268
33.647907,-117.92967
33.639923,-117.928246
33.6373574,-117.9315189
33.64958572,-117.9285736
33.6576579,-117.9048755
33.65212,-117.93165
33.6380801,-117.9292474
33.64281845,-117.9186172
33.6372184,-117.9201431
33.6417705,-117.9307716
33.6284109,-117.9096228
33.639431,-117.9221268
33.6559952,-117.9071728
33.639431,-117.9221268
33.64281845,-117.9186172
33.6561974,-117.9190564
33.6462026,-117.9314282
33.64305115,-117.9207535
33.64281845,-117.9186172
33.657406,-117.91871
33.64287,-117.91932
33.639431,-117.9221268
33.64281845,-117.9186172
33.6496434,-117.9116518
33.6552843,-117.9170872
33.641354,-117.91922
33.65557,-117.92808
33.638596,-117.92185
33.62765503,-117.9084015
33.6496434,-117.9116518
33.64281845,-117.9186172
33.638832,-117.92939
33.6496434,-117.9116518
33.64287,-117.91932
33.649624,-117.919044
33.630898,-117.9135
33.6375965,-117.9226305
33.639431,-117.9221268
33.642654,-117.93223
33.625645,-117.911125
33.65683,-117.9144
33.6284109,-117.9096228
33.633074,-117.915883
33.64262,-117.93286
33.649628,-117.92559
33.64083481,-117.9215775
33.64958572,-117.9285736
33.6496434,-117.9116518
33.6447359,-117.9185726
33.633685,-117.917289
33.64274,-117.92825
33.6496434,-117.9116518
33.65733,-117.904686
33.642094,-117.94021
33.64231,-117.93441
33.625645,-117.911125
33.646572,-117.92796
33.634144,-117.91467
33.6541,-117.921135
33.6496434,-117.9116518
33.64958572,-117.9285736
33.654015,-117.91237
33.6425997,-117.9181264
33.6325423,-117.9271575
33.657405,-117.918706
33.625645,-117.911125
33.64231,-117.93441
33.6553059,-117.917081
33.64958572,-117.9285736
33.646572,-117.92796
33.657406,-117.91871
33.656868,-117.9172
33.625645,-117.911125
33.64083481,-117.9215775
33.64281845,-117.9186172
33.64231,-117.93441
33.6255237,-117.9072328
33.6437844,-117.9242365
33.6562948,-117.9060876
33.6368885,-117.9241066
33.645105,-117.9193602
33.6509691,-117.9103177
33.631884,-117.9123223
33.6496434,-117.9116518
33.65088,-117.93239
33.62765503,-117.9084015
33.647907,-117.92967
33.6482429,-117.9204949
33.636978,-117.9237405
33.639923,-117.928246
33.656868,-117.9172
33.646572,-117.92796
33.625645,-117.911125
33.632515,-117.91681
33.648663,-117.92164
33.6356865,-117.9204254
33.640835,-117.92158
33.646572,-117.92796
33.656868,-117.9172
33.6481123,-117.9128338
33.6541,-117.921135
33.65549,-117.92915
33.648937,-117.91868
33.64231,-117.93441
33.6437844,-117.9242365
33.6255237,-117.9072328
33.625645,-117.911125
33.6389165,-117.9214976
33.634144,-117.91467
33.6387399,-117.9218066
33.6408361,-117.9215776
33.638798,-117.921524
33.6427228,-117.9426573
33.6255237,-117.9072328
33.6496434,-117.9116518
33.625645,-117.911125
33.64287,-117.91932
33.6325423,-117.9271575
33.6255237,-117.9072328
33.646656,-117.92767
33.64382,-117.92227
33.65212,-117.93165
33.64231,-117.93441
33.657552,-117.90411
33.6325423,-117.9271575
33.635857,-117.9227
33.6361154,-117.9212383
33.636517,-117.92289
33.65683,-117.9144
33.657406,-117.91871
33.636978,-117.9237404
33.634113,-117.916016
33.65764,-117.929886
33.625477,-117.91128
33.6496434,-117.9116518
33.6338,-117.9234437
33.648396,-117.91857
33.65683,-117.9144
33.64231,-117.93441
33.632553,-117.91527
33.623726,-117.90783
33.6468728,-117.93025
33.646572,-117.92796
33.6426,-117.91813
33.64287,-117.91932
33.6373197,-117.9394652
33.6426,-117.91813
33.64281845,-117.9186172
33.6437844,-117.9242365
33.6336474,-117.930391
33.6325132,-117.9167399
33.6560527,-117.915972
33.631813,-117.91466
33.638832,-117.92939
33.640343,-117.922195
33.64231,-117.93441
33.657326,-117.9275
33.649643,-117.91165
33.625645,-117.911125
33.64231,-117.93441
33.64314,-117.9297
33.646572,-117.92796
33.65015,-117.93393
33.6576571,-117.9168285
33.657566,-117.924034
33.65581,-117.91622
33.656868,-117.9172
33.6427916,-117.9283004
33.657552,-117.90411
33.6268206,-117.9131472
33.6496434,-117.9116518
33.6552195,-117.9067861
33.64281845,-117.9186172
33.6436183,-117.9264297
33.6408361,-117.9215776
33.6356865,-117.9204254
33.6430913,-117.9172914
33.641354,-117.91922
33.6255237,-117.9072328
33.6423673,-117.9203827
33.6325132,-117.9167399
33.6496434,-117.9116518
33.6426215,-117.9328636
33.642094,-117.94021
33.6408361,-117.9215776
33.64305115,-117.9207535
33.6425997,-117.9181264
33.641834,-117.92358
33.639431,-117.9221268
33.6255237,-117.9072328
33.6397744,-117.9297886
33.6500025,-117.9301187
33.641834,-117.92358
33.6427916,-117.9283004
33.643692,-117.93244
33.6568662,-117.9172009
33.658615,-117.93196
33.6368885,-117.9241066
33.6541,-117.921135
33.63452,-117.920364
33.640835,-117.92158
33.639431,-117.9221268
33.64486,-117.92733
33.657566,-117.924034
33.65033,-117.92629
33.641834,-117.92358
33.657406,-117.91871
33.634144,-117.91467
33.64408875,-117.9255371
33.642094,-117.94021
33.6276558,-117.9084044
33.642796,-117.92376
33.632515,-117.91674
33.6559198,-117.9071993
33.646572,-117.92796
33.640835,-117.92158
33.65009,-117.911385
33.65033,-117.92629
33.656464,-117.91874
33.63029,-117.91815
33.646782,-117.928
33.6541,-117.921135
33.64287,-117.91932
33.6559198,-117.9071993
33.64287,-117.91932
33.655308,-117.91708
33.657821,-117.9043101
33.64231,-117.93441
33.65683,-117.9144
33.6500025,-117.9301187
33.641354,-117.91922
33.65212,-117.93165
33.6255237,-117.9072328
33.64231,-117.93441
33.636726,-117.924644
33.63029,-117.91815
33.65033,-117.92629
33.642094,-117.94021
33.634144,-117.91467
33.640343,-117.922195
33.63523,-117.92305
33.6290883,-117.9103563
33.65741,-117.92926
33.6553059,-117.917081
33.636116,-117.92124
33.657272,-117.93175
33.656464,-117.91874
33.64231,-117.93441
33.6419563,-117.9203276
33.64287,-117.91932
33.65212,-117.93165
33.641136,-117.92011
33.62592,-117.91152
33.6325423,-117.9271575
33.6423094,-117.93441
33.63029,-117.91815
33.641834,-117.92358
33.642094,-117.94021
33.641136,-117.92011
33.6391124,-117.9300032
33.64124,-117.92011
33.6446845,-117.919232
33.657658,-117.91683
33.6520077,-117.9095837
33.63397,-117.917861
33.65733,-117.904686
33.632587,-117.92642
33.65212,-117.93165
33.64279,-117.9283
33.63029,-117.91815
33.65189,-117.911804
33.642796,-117.92376
33.6540969,-117.9211357
33.643692,-117.93244
33.633685,-117.917289
33.644726,-117.919426
33.640835,-117.92158
33.636116,-117.92124
33.6427916,-117.9283004
33.6541,-117.921135
33.65219,-117.91074
33.63862,-117.93016
33.643036,-117.9411
33.646572,-117.92796
33.6496434,-117.9116518
33.640343,-117.922195
33.657552,-117.90411
33.626329,-117.9075243
33.643696,-117.93224
33.641834,-117.92358
33.643692,-117.93244
33.643192,-117.93407
33.6367251,-117.9246408
33.643692,-117.93244
33.6255237,-117.9072328
33.6389165,-117.9214976
33.6420936,-117.940209
33.646572,-117.92796
33.64231,-117.93441
33.646572,-117.92796
33.625847,-117.91093
33.636208,-117.92078
33.6559198,-117.9071993
33.65733,-117.904686
33.6423673,-117.9203827
33.655144,-117.91758
33.6483393,-117.9208694
33.6517619,-117.9186727
33.6552195,-117.9067861
33.640343,-117.922195
33.625645,-117.911125
33.6368885,-117.9241066
33.642094,-117.94021
33.64279,-117.9283
33.633076,-117.915886
33.64271,-117.92001
33.657272,-117.93175
33.63286,-117.9270719
33.657405,-117.918706
33.65733,-117.904686
33.6437916,-117.9242617
33.65212,-117.93165
33.642796,-117.92376
33.641956,-117.92033
33.657272,-117.93175
33.6541,-117.921135
33.632515,-117.91674
33.6573,-117.93194
33.636911,-117.9214127
33.636116,-117.92124
33.634144,-117.91467
33.643803,-117.92382
33.625645,-117.911125
33.65522,-117.906784
33.643063,-117.930084
33.635857,-117.9227
33.640835,-117.92158
33.64806,-117.93205
33.636978,-117.9237404
33.640729,-117.9401194
33.642796,-117.92376
33.6391527,-117.9300032
33.646572,-117.92796
33.6389165,-117.9214976
33.6356866,-117.9204234
33.64016,-117.932755
33.646572,-117.92796
33.6483404,-117.9198084
33.640835,-117.92158
33.6419563,-117.9203276
33.643063,-117.930084
33.641834,-117.92358
33.643692,-117.93244
33.625645,-117.911125
33.6425997,-117.9181264
33.657552,-117.90411
33.625645,-117.911125
33.643044,-117.92808
33.637543,-117.91696
33.636787,-117.92464
33.6271068,-117.9105857
33.6255237,-117.9072328
33.62367,-117.90848
33.6325423,-117.9271575
33.657345,-117.90471
33.6559198,-117.9071993
33.6558272,-117.919923
33.63254,-117.927155
33.6429,-117.918076
33.6559952,-117.9071728
33.64301,-117.93526
33.630978,-117.91287
33.630947,-117.91288
33.6255237,-117.9072328
33.6541,-117.921135
33.643063,-117.930084
33.656464,-117.91874
33.6255237,-117.9072328
33.6426,-117.91813
33.628445,-117.91436
33.642796,-117.92376
33.625645,-117.911125
33.657513,-117.930984
33.631737,-117.91273
33.625237,-117.91018
33.630947,-117.91288
33.636548,-117.9267203
33.642082,-117.9402
33.6423094,-117.93441
33.6351827,-117.9206241
33.657272,-117.93175
33.65212,-117.93165
33.6553059,-117.917081
33.652138,-117.920525
33.636978,-117.9237405
33.642082,-117.9402
33.6560527,-117.915972
33.6373438,-117.9243052
33.6552195,-117.9067861
33.64231,-117.93441
33.63562,-117.918755
33.6389165,-117.9214976
33.6573685,-117.9292632
33.646503,-117.92363
33.64287,-117.91932
33.652958,-117.91743
33.630363,-117.91079
33.6405,-117.93693
33.65212,-117.93165
33.6423094,-117.93441
33.6428429,-117.9194308
33.625645,-117.911125
33.643654,-117.92951
33.6541579,-117.91884
33.648434,-117.92156
33.627144,-117.90778
33.6496252,-117.9190418
33.6367251,-117.9246408
33.631884,-117.9123223
33.657552,-117.90411
33.64016,-117.932755
33.653484,-117.917984
33.6541,-117.921135
33.6564881,-117.9080733
33.6412543,-117.9365366
33.6433903,-117.9310679
33.656334,-117.92049
33.6446179,-117.9195154
33.6541,-117.921135
33.656063,-117.90731
33.6355691,-117.9182179
33.6426215,-117.9328636
33.638565,-117.92917
33.65557,-117.92808
33.642082,-117.9402
33.657406,-117.91871
33.634888,-117.916565
33.627144,-117.90778
33.642017,-117.91878
33.64379,-117.92426
33.640774,-117.94015
33.625008,-117.9049
33.632515,-117.91681
33.6565,-117.91975
33.65241,-117.932076
33.657505,-117.93175
33.6558272,-117.919923
33.65549,-117.92915
33.65212,-117.93165
33.6389165,-117.9214976
33.6327758,-117.9272031
33.64016,-117.932755
33.6561974,-117.9190564
33.64964,-117.93022
33.63943,-117.92213
33.657405,-117.918706
33.65578,-117.91906
33.6425997,-117.9181264
33.639725,-117.92585
33.63202,-117.914825
33.6573685,-117.9292632
33.657405,-117.918706
33.6389165,-117.9214976
33.634144,-117.91467
33.652885,-117.918274
33.6483404,-117.9198084
33.6425997,-117.9181264
33.643623,-117.92377
33.6428727,-117.9193164
33.6368885,-117.9241066
33.6348896,-117.9207585
33.6558272,-117.919923
33.6412543,-117.9365366
33.6344959,-117.9216359
33.6410511,-117.9319726
33.637157,-117.91756
33.6553059,-117.917081
33.6392802,-117.9178436
33.6500025,-117.9301187
33.645374,-117.91926
33.64231,-117.93441
33.6559952,-117.9071728
33.6412543,-117.9365366
33.657405,-117.918706
33.65379,-117.918564
33.651507,-117.909591
33.656868,-117.9172
33.6337576,-117.9150471
33.63397,-117.917861
33.657505,-117.93175
33.657405,-117.918706
33.6413543,-117.9192207
33.645393,-117.91692
33.641068,-117.92121
33.6565,-117.91975
33.65861,-117.93195
33.6408361,-117.9215776
33.65578,-117.91906
33.6569418,-117.9084515
33.6569418,-117.9084515
33.63254,-117.927155
33.6553059,-117.917081
33.6576571,-117.9168285
33.6573685,-117.9292632
33.6541,-117.921135
33.6317175,-117.9146936
33.64382,-117.92227
33.65578,-117.91906
33.636116,-117.92124
33.6573685,-117.9292632
33.6413543,-117.9192207
33.657505,-117.931946
33.6423094,-117.93441
33.652885,-117.918274
33.6541,-117.921135
33.643063,-117.930084
33.6552195,-117.9067861
33.6568662,-117.9172009
33.643406,-117.931984
33.6270473,-117.9100669
33.6325132,-117.9167399
33.642082,-117.9402
33.6576571,-117.9168285
33.645103,-117.91936
33.6373197,-117.9394652
33.645424,-117.925934
33.6541,-117.921135
33.6572984,-117.9319353
33.652885,-117.918274
33.657405,-117.918706
33.656334,-117.92049
33.643063,-117.930084
33.6425997,-117.9181264
33.633495,-117.91728
33.657405,-117.918706
33.6440898,-117.9255409
33.63862,-117.93016
33.6427916,-117.9283004
33.645226,-117.915794
33.656082,-117.93215
33.6559952,-117.9071728
33.64266,-117.91778
33.6426,-117.91813
33.63014,-117.9106
33.6560732,-117.9156532
33.6552195,-117.9067861
33.6427944,-117.923756
33.655716,-117.92212
33.641354,-117.91922
33.6426,-117.91813
33.642299,-117.9331197
33.6325132,-117.9167399
33.649147,-117.93014
33.642933,-117.92726
33.655308,-117.91708
33.625645,-117.911125
33.642796,-117.92376
33.625645,-117.911125
33.657405,-117.918706
33.646645,-117.93013
33.631886,-117.91232
33.6338281,-117.9151868
33.633074,-117.915883
33.65082,-117.93129
33.65530777,-117.9170837
33.6573685,-117.9292632
33.649147,-117.93014
33.642017,-117.91878
33.64231,-117.93441
33.643063,-117.930084
33.625645,-117.911125
33.649628,-117.92559
33.646572,-117.92796
33.657552,-117.90411
33.64859,-117.93029
33.6389165,-117.9214976
33.64274,-117.92825
33.6573685,-117.9292632
33.65683,-117.9144
33.640835,-117.92158
33.657566,-117.924034
33.6576571,-117.9168285
33.652885,-117.918274
33.651507,-117.909591
33.6431009,-117.936778
33.64307,-117.9301
33.636116,-117.92124
33.657513,-117.9313
33.657405,-117.918706
33.64409,-117.92554
33.6425997,-117.9181264
33.635174,-117.9181
33.64231,-117.93441
33.6284109,-117.9096228
33.6573685,-117.9292632
33.6368885,-117.9241066
33.657405,-117.918706
33.646782,-117.928
33.62605,-117.9117
33.656868,-117.9172
33.657405,-117.918706
33.65082,-117.93129
33.64282,-117.91862
33.625645,-117.911125
33.657405,-117.918706
33.642082,-117.9402
33.645103,-117.91936
33.656868,-117.9172
33.6341277,-117.925852
33.657405,-117.918706
33.630836,-117.911644
33.6573685,-117.9292632
33.6503071,-117.925297
33.640835,-117.92158
33.63696,-117.922226
33.6368885,-117.9241066
33.65549,-117.92915
33.6394465,-117.9180364
33.634144,-117.91467
33.6553059,-117.917081
33.6568662,-117.9172009
33.6425997,-117.9181264
33.643063,-117.930084
33.631886,-117.91232
33.6427916,-117.9283004
33.64231,-117.93441
33.65015,-117.93393
33.625645,-117.911125
33.642082,-117.9402
33.65683,-117.9144
33.627144,-117.90778
33.6482216,-117.9217055
33.640407,-117.9383784
33.6431,-117.9236
33.6332294,-117.9267669
33.625645,-117.911125
33.64231,-117.93441
33.641804,-117.920044
33.6430913,-117.9172914
33.64231,-117.93441
33.656334,-117.92049
33.657405,-117.918706
33.657326,-117.9275
33.6365153,-117.9228929
33.657345,-117.90471
33.656868,-117.9172
33.642082,-117.9402
33.6553059,-117.917081
33.655308,-117.91708
33.65212,-117.93165
33.646572,-117.92796
33.643063,-117.930084
33.6291534,-117.9084115
33.65082,-117.93129
33.65379,-117.918564
33.652885,-117.918274
33.636566,-117.92352
33.6573685,-117.9292632
33.6568662,-117.9172009
33.6503071,-117.925297
33.657505,-117.93175
33.62605,-117.9117
33.642082,-117.9402
33.65751,-117.9317
33.64034271,-117.9221954
33.657345,-117.90471
33.641354,-117.91922
33.64237,-117.92038
33.642017,-117.91878
33.625645,-117.911125
33.6578824,-117.9035518
33.6496434,-117.9116518
33.633064,-117.91586
33.625237,-117.91018
33.657405,-117.918706
33.657405,-117.918706
33.646572,-117.92796
33.6341871,-117.9180236
33.63413,-117.92585
33.65082,-117.93129
33.6503071,-117.925297
33.6425997,-117.9181264
33.643063,-117.930084
33.65212,-117.93165
33.6573685,-117.9292632
33.65241,-117.932076
33.6573685,-117.9292632
33.6344158,-117.9215362
33.63862,-117.93016
33.630836,-117.911644
33.652893,-117.91828
33.6480612,-117.9320495
33.635426,-117.923904
33.64381,-117.92804
33.65082,-117.93129
33.64282,-117.91862
33.6351063,-117.9178133
33.657405,-117.918706
33.657552,-117.90411
33.643654,-117.92102
33.6541,-117.921135
33.643063,-117.930084
33.642082,-117.9402
33.6436557,-117.9295136
33.64157,-117.92023
33.636887,-117.92411
33.6559952,-117.9071728
33.637543,-117.91696
33.642082,-117.9402
33.62891,-117.90894
33.632515,-117.91674
33.6437018,-117.9229592
33.6573685,-117.9292632
33.637638,-117.92766
33.6255237,-117.9072328
33.6541,-117.921135
33.633076,-117.915886
33.6291205,-117.9088349
33.654495,-117.93182
33.657405,-117.918706
33.6423673,-117.9203827
33.64688,-117.922775
33.65212,-117.93165
33.640003,-117.93001
33.6573685,-117.9292632
33.62605,-117.9117
33.625645,-117.911125
33.6423094,-117.93441
33.639431,-117.9221268
33.625645,-117.911125
33.635426,-117.923904
33.646645,-117.93013
33.63861,-117.931725
33.652893,-117.91828
33.6427916,-117.9283004
33.65241,-117.932076
33.626217,-117.91152
33.657552,-117.90411
33.657405,-117.918706
33.6354242,-117.9239064
33.642298,-117.9347629
33.6482216,-117.9217055
33.642082,-117.9402
33.64231,-117.93441
33.657552,-117.90411
33.649147,-117.93014
33.650345,-117.926315
33.6500025,-117.9301187
33.657405,-117.918706
33.657405,-117.918706
33.6576571,-117.9168285
33.6553059,-117.917081
33.657513,-117.930984
33.625645,-117.911125
33.6423094,-117.93441
33.625645,-117.911125
33.650826,-117.910446
33.642082,-117.9402
33.643063,-117.930084
33.657368,-117.92926
33.656464,-117.91874
33.64149,-117.91985
33.6541,-117.921135
33.636047,-117.933975
33.652203,-117.932724
33.6389165,-117.9214976
33.6568662,-117.9172009
33.625645,-117.911125
33.6425997,-117.9181264
33.6553059,-117.917081
33.6255237,-117.9072328
33.62592,-117.91152
33.63861,-117.931725
33.6559198,-117.9071993
33.6553059,-117.917081
33.62605,-117.9117
33.646645,-117.93013
33.657405,-117.918706
33.64462,-117.91952
33.656868,-117.9172
33.6285045,-117.9091486
33.657405,-117.918706
33.6553059,-117.917081
33.625843,-117.911736
33.62592,-117.91152
33.6559198,-117.9071993
33.641834,-117.92358
33.64237,-117.92038
33.637543,-117.91696
33.625645,-117.911125
33.625645,-117.911125
33.641354,-117.91922
33.643177,-117.921234
33.65733,-117.904686
33.635857,-117.9227
33.6540969,-117.9211357
33.6568153,-117.9186642
33.6541,-117.921135
33.640729,-117.9401194
33.653484,-117.917984
33.6573436,-117.9047124
33.6410511,-117.9319726
33.6565033,-117.9197476
33.6576571,-117.9168285
33.6503071,-117.925297
33.6358735,-117.91261
33.643177,-117.921234
33.625645,-117.911125
33.630363,-117.91079
33.635426,-117.923904
33.643063,-117.930084
33.63861,-117.931725
33.632515,-117.91674
33.65733,-117.904686
33.64231,-117.93441
33.657505,-117.93175
33.6573685,-117.9292632
33.65212,-117.93165
33.636911,-117.9214127
33.64279,-117.9283
33.6559198,-117.9071993
33.6382,-117.93101
33.62605,-117.9117
33.656868,-117.9172
33.6541,-117.921135
33.6541,-117.921135
33.65733,-117.904686
33.655716,-117.92212
33.63014,-117.9106
33.652252,-117.91868
33.656452,-117.917076
33.643494,-117.91906
33.640835,-117.92158
33.6541,-117.921135
33.638832,-117.92939
33.6541,-117.921135
33.6385807,-117.9311988
33.6389165,-117.9214976
33.656082,-117.93215
33.63354,-117.917336
33.657406,-117.91871
33.65687,-117.92867
33.635426,-117.923904
33.6468811,-117.9227753
33.657406,-117.91871
33.642082,-117.9402
33.643177,-117.92479
33.65082,-117.93129
33.637543,-117.91696
33.641354,-117.91922
33.6536,-117.93206
33.643063,-117.930084
33.6426,-117.91813
33.643063,-117.930084
33.636978,-117.9237405
33.656082,-117.93215
33.657406,-117.91871
33.65088,-117.910576
33.634705,-117.91887
33.63861,-117.931725
33.6481123,-117.9128338
33.657406,-117.91871
33.6426215,-117.9328636
33.6500025,-117.9301187
33.656868,-117.9172
33.63391,-117.91785
33.656868,-117.9172
33.652817,-117.92532
33.637543,-117.91696
33.655304,-117.906685
33.643177,-117.921234
33.62594,-117.909386
33.643803,-117.92018
33.65645,-117.91707
33.6500025,-117.9301187
33.64266,-117.91778
33.6319471,-117.9149643
33.641834,-117.92358
33.62986,-117.90691
33.656654,-117.92199
33.648403,-117.92918
33.65212,-117.93165
33.63251495,-117.9167404
33.643063,-117.930084
33.65596,-117.907166
33.657272,-117.93175
33.6503071,-117.925297
33.656868,-117.9172
33.6426,-117.91813
33.656082,-117.93215
33.62605,-117.9117
33.64231,-117.93441
33.625645,-117.911125
33.65522,-117.906784
33.63721848,-117.9201431
33.653484,-117.917984
33.6285045,-117.9091486
33.62785,-117.91
33.6425997,-117.9181264
33.63478,-117.92012
33.65082,-117.93129
33.64265,-117.93334
33.64404,-117.92444
33.6573685,-117.9292632
33.6541256,-117.9130582
33.65734863,-117.9307709
33.6576571,-117.9168285
33.6558272,-117.919923
33.63819,-117.93155
33.636517,-117.92289
33.625645,-117.911125
33.6284636,-117.9091732
33.64231,-117.93441
33.632827,-117.915229
33.65212,-117.93165
33.65740585,-117.9187088
33.656082,-117.93215
33.626329,-117.9075243
33.6541,-117.921135
33.65082,-117.93129
33.64396,-117.9298
33.62619,-117.91188
33.6496434,-117.9116518
33.6573685,-117.9292632
33.63413,-117.92585
33.642082,-117.9402
33.655647,-117.91841
33.65212,-117.93165
33.654015,-117.91237
33.63862,-117.93016
33.657272,-117.93175
33.6408361,-117.9215776
33.64237,-117.92038
33.642017,-117.91878
33.6417705,-117.9307716
33.642796,-117.92376
33.6503071,-117.925297
33.639484,-117.92323
33.6284109,-117.9096228
33.6367251,-117.9246408
33.643063,-117.930084
33.625645,-117.911125
33.642094,-117.918724
33.64287,-117.91932
33.640774,-117.94015
33.630978,-117.91287
33.6576571,-117.9168285
33.6367539,-117.9211245
33.625645,-117.911125
33.651879,-117.9094032
33.656868,-117.9172
33.633076,-117.915886
33.643177,-117.9247925
33.6419674,-117.9182415
33.65522,-117.906784
33.6572984,-117.9319353
33.6429164,-117.919314
33.6427916,-117.9283004
33.657272,-117.93175
33.626163,-117.91248
33.6436183,-117.9264297
33.656082,-117.93215
33.65088,-117.910576
33.642796,-117.92376
33.642082,-117.9402
33.65212,-117.93165
33.642017,-117.91878
33.6284636,-117.9091732
33.6412543,-117.9365366
33.642567,-117.923996
33.6568662,-117.9172009
33.654361,-117.9170713
33.653328,-117.9231
33.6442436,-117.9302706
33.6483252,-117.9203253
33.6389165,-117.9214976
33.625645,-117.911125
33.64231,-117.93441
33.6524069,-117.932077
33.657405,-117.918706
33.643177,-117.921234
33.643063,-117.930084
33.625645,-117.911125
33.65740585,-117.9187088
33.6325132,-117.9167399
33.625645,-117.911125
33.657405,-117.918706
33.63286,-117.9270719
33.63929,-117.928375
33.643063,-117.930084
33.650307,-117.93164
33.63608,-117.92096
33.6483252,-117.9203253
33.636116,-117.92124
33.6423673,-117.9203827
33.6423094,-117.93441
33.6572151,-117.9294825
33.657463,-117.922295
33.641888,-117.92222
33.63943,-117.92213
33.634327,-117.916245
33.625645,-117.911125
33.6326603,-117.9098582
33.6344959,-117.9216359
33.65033,-117.92629
33.6436183,-117.9264297
33.641354,-117.91922
33.64284,-117.91943
33.6573685,-117.9292632
33.62619,-117.91188
33.6427916,-117.9283004
33.6576571,-117.9168285
33.6408361,-117.9215776
33.64231,-117.93441
33.64462,-117.91952
33.6341277,-117.925852
33.6426,-117.91813
33.641886,-117.9222167
33.656868,-117.9172
33.627655,-117.9084
33.6468653,-117.915194
33.6260097,-117.9105382
33.657405,-117.918706
33.642876,-117.91914
33.650677,-117.93136
33.643066,-117.927284
33.642299,-117.9331197
33.652134,-117.929794
33.657406,-117.91871
33.62605,-117.9117
33.657552,-117.90411
33.625645,-117.911125
33.654015,-117.91237
33.643063,-117.930084
33.63819,-117.93155
33.639523,-117.93335
33.64231,-117.93441
33.632034,-117.907486
33.62785,-117.91
33.654274,-117.91131
33.625645,-117.911125
33.6440898,-117.9255409
33.6559198,-117.9071993
33.6456497,-117.9156339
33.6428193,-117.9186145
33.633062,-117.9270308
33.6496434,-117.9116518
33.656868,-117.9172
33.656334,-117.92049
33.6419563,-117.9203276
33.6358735,-117.91261
33.6255237,-117.9072328
33.656082,-117.93215
33.6576571,-117.9168285
33.657552,-117.90411
33.63861,-117.931725
33.650227,-117.922646
33.6436533,-117.9210238
33.6573685,-117.9292632
33.6426,-117.91813
33.6568662,-117.9172009
33.6389165,-117.9214976
33.65683,-117.9144
33.6284118,-117.90925
33.6431759,-117.9212335
33.6418999,-117.9322641
33.64279,-117.9283
33.656868,-117.9172
33.6502281,-117.9226442
33.641888,-117.92222
33.642017,-117.91878
33.63874,-117.92714
33.6438225,-117.9222685
33.65082,-117.93129
33.6255237,-117.9072328
33.6568662,-117.9172009
33.6540969,-117.9211357
33.6489371,-117.9186802
33.6389445,-117.9322365
33.6559952,-117.9071728
33.656082,-117.93215
33.632515,-117.91674
33.643063,-117.930084
33.6544963,-117.9318247
33.6425997,-117.9181264
33.64462,-117.91952
33.63397,-117.917861
33.632515,-117.91674
33.6504145,-117.9263498
33.6410511,-117.9319726
33.6426317,-117.9322458
33.646645,-117.93013
33.656082,-117.93215
33.64231,-117.93441
33.63354,-117.917336
33.642017,-117.91878
33.625645,-117.911125
33.63929,-117.928375
33.6456497,-117.9156339
33.62597,-117.91192
33.657405,-117.918706
33.657272,-117.93175
33.63929,-117.928375
33.6284118,-117.90925
33.6500025,-117.9301187
33.657406,-117.91871
33.62592,-117.91152
33.6573685,-117.9292632
33.6426,-117.91813
33.627647,-117.9097
33.62592,-117.91152
33.656864,-117.922646
33.636978,-117.9237404
33.6540969,-117.9211357
33.6501107,-117.9287103
33.6255237,-117.9072328
33.62591,-117.911835
33.643383,-117.93285
33.6457074,-117.9157921
33.651507,-117.909591
33.647987,-117.9132
33.625645,-117.911125
33.6389165,-117.9214976
33.6284118,-117.90925
33.62519,-117.90951
33.6576571,-117.9168285
33.657272,-117.93175
33.6573436,-117.9047124
33.656082,-117.93215
33.62651,-117.91005
33.65763,-117.90716
33.657566,-117.924034
33.6284109,-117.9096228
33.656868,-117.9172
33.62785,-117.91
33.6541,-117.921135
33.6417705,-117.9307716
33.640774,-117.94015
33.657405,-117.918706
33.6359206,-117.9337431
33.65212,-117.93165
33.6442436,-117.9302706
33.640728,-117.94012
33.642082,-117.9402
33.6512886,-117.9132682
33.625843,-117.911736
33.657272,-117.93175
33.6344959,-117.9216359
33.6451836,-117.9276827
33.6502281,-117.9226442
33.6321081,-117.9274201
33.6452233,-117.9190299
33.6576571,-117.9168285
33.626526,-117.911224
33.6394465,-117.9180364
33.643063,-117.930084
33.6481123,-117.9128338
33.6284118,-117.90925
33.65189,-117.911804
33.6573685,-117.9292632
33.6392802,-117.9178436
33.6389165,-117.9214976
33.631886,-117.91232
33.6503285,-117.9262961
33.640392,-117.920235
33.640728,-117.94012
33.644135,-117.925514
33.656464,-117.91874
33.6423673,-117.9203827
33.6561974,-117.9190564
33.6428193,-117.9186145
33.62592,-117.91152
33.643166,-117.92479
33.6500025,-117.9301187
33.6496434,-117.9116518
33.652416,-117.92657
33.6500025,-117.9301187
33.6442436,-117.9302706
33.625645,-117.911125
33.6496434,-117.9116518
33.6314507,-117.9198204
33.65212,-117.93165
33.64231,-117.93441
33.6428193,-117.9186145
33.6425997,-117.9181264
33.62651,-117.91005
33.6255237,-117.9072328
33.652893,-117.91828
33.6435827,-117.9300032
33.642298,-117.9347629
33.657284,-117.931694
33.6540969,-117.9211357
33.640774,-117.94015
33.6255237,-117.9072328
33.6541,-117.921135
33.62785,-117.91
33.63929,-117.928375
33.626329,-117.9075243
33.642083,-117.940197
33.642298,-117.9347629
33.6524069,-117.932077
33.656082,-117.93215
33.657405,-117.918706
33.647987,-117.9132
33.643654,-117.92102
33.657405,-117.918706
33.653328,-117.9231
33.643654,-117.92951
33.656868,-117.9172
33.636978,-117.9237405
33.625824,-117.91171
33.6559952,-117.9071728
33.63861,-117.931725
33.627144,-117.90778
33.65592,-117.907196
33.6508274,-117.9104467
33.6425997,-117.9181264
33.6425997,-117.9181264
33.6457074,-117.9157921
33.63929,-117.928375
33.65033,-117.92629
33.657345,-117.90471
33.6500025,-117.9301187
33.626087,-117.91133
33.64929,-117.915726
33.636726,-117.924644
33.657552,-117.90411
33.6437004,-117.9229516
33.6472535,-117.9235944
33.652008,-117.909584
33.631813,-117.91466
33.6344959,-117.9216359
33.64231,-117.93441
33.64262,-117.93286
33.652008,-117.909584
33.6558657,-117.9183661
33.6541,-117.921135
33.6503071,-117.925297
33.6394465,-117.9180364
33.6561948,-117.9277699
33.6255237,-117.9072328
33.625645,-117.911125
33.65683,-117.9144
33.6426,-117.91813
33.642298,-117.9347629
33.631107,-117.913605
33.646645,-117.93013
33.643817,-117.9200417
33.6389165,-117.9214976
33.656082,-117.93215
33.657405,-117.918706
33.6356282,-117.9392344
33.64228058,-117.9341278
33.643063,-117.930084
33.631886,-117.91232
33.641354,-117.91922
33.6541,-117.921135
33.657658,-117.91683
33.64236832,-117.9203796
33.657552,-117.90411
33.630898,-117.9135
33.6554267,-117.9195192
33.652885,-117.918274
33.646645,-117.93013
33.641834,-117.92358
33.6373197,-117.9394652
33.63354,-117.917336
33.6356282,-117.9392344
33.6284118,-117.90925
33.6413543,-117.9192207
33.636887,-117.92411
33.63834,-117.922134
33.6559952,-117.9071728
33.656337,-117.9225788
33.642299,-117.9331197
33.6500025,-117.9301187
33.6502281,-117.9226442
33.642298,-117.9347629
33.631886,-117.91232
33.653328,-117.9231
33.633747,-117.91504
33.656082,-117.93215
33.656868,-117.9172
33.6392802,-117.9178436
33.641354,-117.91922
33.657499,-117.91899
33.640858,-117.9207
33.64258,-117.94351
33.6325132,-117.9167399
33.6419563,-117.9203276
33.62591,-117.911835
33.656082,-117.93215
33.6426,-117.91813
33.63929,-117.928375
33.643177,-117.92479
33.627304,-117.91236
33.65522,-117.906784
33.657406,-117.91871
33.6418764,-117.9222156
33.625645,-117.911125
33.63698,-117.923744
33.6512886,-117.9132682
33.64847,-117.92458
33.63861,-117.931725
33.634495,-117.92164
33.6522948,-117.9322702
33.626526,-117.911224
33.636978,-117.9237405
33.656868,-117.9172
33.643394,-117.93199
33.64231,-117.93441
33.6389165,-117.9214976
33.652428,-117.930046
33.627304,-117.91236
33.657405,-117.918706
33.65733,-117.904686
33.625645,-117.911125
33.633076,-117.915886
33.656868,-117.9172
33.63861,-117.931725
33.6541,-117.921135
33.6541,-117.921135
33.657272,-117.93175
33.6442436,-117.9302706
33.633076,-117.915886
33.6573685,-117.9292632
33.6426,-117.91813
33.6541256,-117.9130582
33.6525574,-117.9190877
33.6500025,-117.9301187
33.64314,-117.9297
33.6502281,-117.9226442
33.650227,-117.922646
33.654404,-117.91703
33.64237,-117.92038
33.6418764,-117.9222156
33.63862,-117.93016
33.657566,-117.924034
33.656082,-117.93215
33.654274,-117.91131
33.651817,-117.932014
33.644646,-117.91968
33.62638,-117.91042
33.627304,-117.91236
33.6389165,-117.9214976
33.657566,-117.924034
33.652428,-117.930046
33.6284118,-117.90925
33.63282,-117.931625
33.657284,-117.931694
33.625645,-117.911125
33.65212,-117.93165
33.65212,-117.93165
33.657345,-117.90471
33.64282,-117.91862
33.63929,-117.928375
33.625843,-117.911736
33.6533121,-117.9318033
33.64806,-117.93205
33.64237,-117.92038
33.64462,-117.91952
33.643063,-117.930084
33.6503071,-117.925297
33.652958,-117.91743
33.64231,-117.93441
33.6553032,-117.9066835
33.640003,-117.93001
33.625645,-117.911125
33.6325132,-117.9167399
33.6496434,-117.9116518
33.6541,-117.921135
33.6466428,-117.9301285
33.642298,-117.9347629
33.627304,-117.91236
33.6436557,-117.9295136
33.64698,-117.92073
33.6502281,-117.9226442
33.654415,-117.91863
33.6576571,-117.9168285
33.639446,-117.91804
33.64236832,-117.9203796
33.6568662,-117.9172009
33.6284118,-117.90925
33.65436,-117.91707
33.640774,-117.94015
33.651287,-117.91327
33.64228058,-117.9341278
33.656868,-117.9172
33.6442436,-117.9302706
33.6389492,-117.9322494
33.6382,-117.93101
33.638172,-117.93066
33.65212,-117.93165
33.625843,-117.911736
33.63373,-117.93494
33.652615,-117.932594
33.6389165,-117.9214976
33.6255237,-117.9072328
33.62592,-117.91152
33.6284118,-117.90925
33.6505088,-117.9308358
33.657272,-117.93175
33.6500025,-117.9301187
33.625645,-117.911125
33.657405,-117.918706
33.64231,-117.93441
33.62605,-117.9117
33.6521012,-117.9088284
33.636887,-117.92411
33.6420975,-117.9201741
33.6418764,-117.9222156
33.652428,-117.930046
33.642094,-117.918724
33.6541,-117.921135
33.656494,-117.91801
33.651287,-117.91327
33.656868,-117.9172
33.64237,-117.92038
33.647987,-117.9132
33.63861,-117.931725
33.643063,-117.930084
33.652428,-117.930046
33.657284,-117.931694
33.644035,-117.9281
33.625645,-117.911125
33.651287,-117.91327
33.657566,-117.924034
33.6382,-117.93101
33.63929,-117.928375
33.641888,-117.92222
33.6389492,-117.9322494
33.65522,-117.906784
33.65345,-117.92246
33.651817,-117.932014
33.643284,-117.93143
33.625645,-117.911125
33.63373,-117.93494
33.631886,-117.91232
33.632515,-117.91674
33.6341277,-117.925852
33.657345,-117.90471
33.6496434,-117.9116518
33.651417,-117.91405
33.65345,-117.92246
33.65522,-117.906784
33.6428193,-117.9186145
33.63697815,-117.9237442
33.643063,-117.930084
33.636993,-117.92157
33.64228058,-117.9341278
33.6436557,-117.9295136
33.6302925,-117.9181553
33.65212,-117.93165
33.6425997,-117.9181264
33.6559952,-117.9071728
33.647987,-117.9132
33.62651,-117.91005
33.62592,-117.91152
33.641886,-117.9222167
33.649147,-117.93014
33.625645,-117.911125
33.64426,-117.91858
33.6482216,-117.9217055
33.652428,-117.930046
33.652428,-117.930046
33.63014,-117.9106
33.652428,-117.930046
33.6442436,-117.9302706
33.6500025,-117.9301187
33.6284118,-117.90925
33.64231,-117.93441
33.6541,-117.921135
33.652615,-117.932594
33.651287,-117.91327
33.6426,-117.91813
33.625645,-117.911125
33.62592,-117.91152
33.651398,-117.91401
33.65601,-117.94198
33.652958,-117.91743
33.656868,-117.9172
33.631886,-117.91232
33.63397,-117.917861
33.64016,-117.932755
33.6325132,-117.9167399
33.652893,-117.91828
33.632008,-117.91236
33.6325132,-117.9167399
33.6559952,-117.9071728
33.654243,-117.91577
33.655975,-117.9316
33.631886,-117.91232
33.655716,-117.92212
33.6389165,-117.9214976
33.638863,-117.93164
33.62355,-117.907555
33.657566,-117.924034
33.655285,-117.91708
33.631886,-117.91232
33.6521012,-117.9088284
33.64438,-117.92373
33.657405,-117.918706
33.62382,-117.90885
33.6573685,-117.9292632
33.6563984,-117.9199222
33.64016,-117.932755
33.632553,-117.91527
33.656334,-117.92049
33.636978,-117.9237404
33.6373768,-117.9226314
33.638664,-117.93119
33.63862,-117.93016
33.6394465,-117.9180364
33.657552,-117.90411
33.64847,-117.92458
33.6382,-117.9312
33.656082,-117.93215
33.6521012,-117.9088284
33.641834,-117.92358
33.657405,-117.918706
33.6436557,-117.9295136
33.642298,-117.9347629
33.641834,-117.92358
33.631886,-117.91232
33.656868,-117.9172
33.657405,-117.918706
33.652428,-117.930046
33.64266,-117.93252
33.6496434,-117.9116518
33.64334,-117.91774
33.63943,-117.92213
33.650227,-117.922646
33.648471,-117.9245829
33.656868,-117.9172
33.64304,-117.93618
33.6426,-117.91813
33.625645,-117.911125
33.644737,-117.91857
33.657272,-117.93175
33.6483252,-117.9203253
33.65586,-117.90365
33.6351577,-117.9177826
33.62592,-117.91152
33.65516,-117.91764
33.651287,-117.91327
33.64231,-117.93441
33.62605,-117.9117
33.62601,-117.91054
33.6427916,-117.9283004
33.656082,-117.93215
33.63929,-117.928375
33.6541,-117.921135
33.631886,-117.91232
33.652428,-117.930046
33.6389165,-117.9214976
33.656338,-117.92258
33.625645,-117.911125
33.65212,-117.93165
33.657566,-117.924034
33.652428,-117.930046
33.6474419,-117.9222157
33.63413,-117.92585
33.642616,-117.91875
33.64266,-117.92606
33.652264,-117.92677
33.6284118,-117.90925
33.643078,-117.92441
33.6447762,-117.9185726
33.62651,-117.91005
33.636887,-117.92411
33.63861,-117.931725
33.657566,-117.924034
33.640774,-117.94015
33.657272,-117.93175
33.6500025,-117.9301187
33.6442436,-117.9302706
33.6412543,-117.9365366
33.6434196,-117.9276614
33.651474,-117.91399
33.635858,-117.922696
33.650345,-117.926315
33.651287,-117.91327
33.6521012,-117.9088284
33.6573436,-117.9047124
33.62591,-117.911835
33.626217,-117.91152
33.637543,-117.91696
33.62651,-117.91005
33.657345,-117.90471
33.655884,-117.92762
33.633816,-117.93512
33.625645,-117.911125
33.656082,-117.93215
33.657658,-117.91683
33.647987,-117.9132
33.64282,-117.91862
33.6483252,-117.9203253
33.654274,-117.91131
33.6496434,-117.9116518
33.6469469,-117.9196654
33.647987,-117.9132
33.633816,-117.93512
33.65441,-117.91734
33.625645,-117.911125
33.653328,-117.9231
33.6541,-117.921135
33.640774,-117.94015
33.62651,-117.91005
33.6389165,-117.9214976
33.640835,-117.92158
33.6442436,-117.9302706
33.64356,-117.932556
33.65158,-117.91401
33.6573685,-117.9292632
33.6576571,-117.9168285
33.656868,-117.9172
33.647255,-117.92359
33.6573685,-117.9292632
33.657566,-117.924034
33.643063,-117.930084
33.646572,-117.92796
33.63452,-117.920364
33.652428,-117.930046
33.643284,-117.93143
33.62592,-117.91152
33.6553032,-117.9066835
33.64231,-117.93441
33.65683,-117.9144
33.6573074,-117.9311939
33.65033,-117.92629
33.6442436,-117.9302706
33.657345,-117.90471
33.6541,-117.921135
33.6356865,-117.9204254
33.652428,-117.930046
33.64287,-117.91932
33.6521012,-117.9088284
33.64237,-117.92038
33.6521012,-117.9088284
33.63861,-117.931725
33.65733,-117.904686
33.654655,-117.91783
33.6552195,-117.9067861
33.6255237,-117.9072328
33.62581,-117.91169
33.6436434,-117.9294938
33.646645,-117.93013
33.63452,-117.920364
33.633816,-117.93512
33.6423673,-117.9203827
33.6284118,-117.90925
33.6344797,-117.9228406
33.65688,-117.92322
33.642704,-117.91873
33.645706,-117.915794
33.656082,-117.93215
33.63413,-117.92585
33.6427944,-117.923756
33.62651,-117.91005
33.62591,-117.911835
33.6576571,-117.9168285
33.64287,-117.91932
33.65082,-117.93129
33.6335428,-117.9173338
33.633816,-117.93512
33.653328,-117.9231
33.64231,-117.93441
33.653328,-117.9231
33.625645,-117.911125
33.63452,-117.920364
33.643284,-117.93143
33.6500025,-117.9301187
33.643646,-117.92856
33.62592,-117.91152
33.6573685,-117.9292632
33.647255,-117.92359
33.652428,-117.930046
33.6436434,-117.9294938
33.657405,-117.918706
33.657566,-117.924034
33.6430762,-117.9244101
33.634495,-117.92164
33.657345,-117.90471
33.654361,-117.9170713
33.655403,-117.90685
33.640774,-117.94015
33.636887,-117.92411
33.652264,-117.92677
33.625645,-117.911125
33.640457,-117.94064
33.62592,-117.91152
33.643063,-117.930084
33.62638,-117.91042
33.64929,-117.915726
33.6474419,-117.9222157
33.652428,-117.930046
33.656082,-117.93215
33.644737,-117.91857
33.6423094,-117.93441
33.653328,-117.9231
33.652428,-117.930046
33.651287,-117.91327
33.65212,-117.93165
33.651436,-117.91405
33.632515,-117.91674
33.657272,-117.93175
33.638172,-117.93066
33.648865,-117.913925
33.642082,-117.9402
33.6423094,-117.93441
33.6425997,-117.9181264
33.6389165,-117.9214976
33.648471,-117.9245829
33.625843,-117.911736
33.657345,-117.90471
33.6255237,-117.9072328
33.656868,-117.9172
33.651463,-117.92796
33.62651,-117.91005
33.639732,-117.92091
33.635887,-117.92284
33.6348803,-117.9285181
33.63722,-117.92014
33.65212,-117.93165
33.6573436,-117.9047124
33.652615,-117.932594
33.630146,-117.91197
33.63838,-117.930115
33.657406,-117.91871
33.6382,-117.9312
33.64929,-117.915726
33.656464,-117.91874
33.65522,-117.906784
33.6559952,-117.9071728
33.639957,-117.9287577
33.657405,-117.918706
33.6426,-117.91813
33.634888,-117.916565
33.65522,-117.906784
33.648273,-117.92927
33.635994,-117.93168
33.6427916,-117.9283004
33.641003,-117.928856
33.6562683,-117.931942
33.643703,-117.92296
33.6355,-117.923355
33.64482,-117.91923
33.6483252,-117.9203253
33.643063,-117.930084
33.65733,-117.904686
33.64367,-117.92835
33.65176,-117.91867
33.657406,-117.91871
33.6521012,-117.9088284
33.636887,-117.92411
33.65212,-117.93165
33.646645,-117.93013
33.6437018,-117.9229592
33.6436557,-117.9295136
33.65351,-117.91802
33.6255237,-117.9072328
33.643227,-117.94359
33.646645,-117.93013
33.657405,-117.918706
33.65212,-117.93165
33.6438517,-117.9197614
33.631886,-117.91232
33.633816,-117.93512
33.6572984,-117.9319353
33.6500025,-117.9301187
33.6368885,-117.9241066
33.634523,-117.9203653
33.6412543,-117.9365366
33.656868,-117.9172
33.64305,-117.93296
33.654404,-117.91703
33.637543,-117.91696
33.656513,-117.91868
33.63376,-117.91505
33.626574,-117.9100249
33.6426,-117.91813
33.633816,-117.93512
33.6348803,-117.9285181
33.64364,-117.92106
33.6425997,-117.9181264
33.6576315,-117.9071602
33.65212,-117.93165
33.633144,-117.91664
33.6427944,-117.923756
33.656494,-117.91801
33.6361154,-117.9212383
33.643803,-117.92018
33.657405,-117.918706
33.639957,-117.9287577
33.654694,-117.91844
33.65683,-117.9144
33.6407734,-117.9401475
33.6425997,-117.9181264
33.6426215,-117.9328636
33.657405,-117.918706
33.6303304,-117.9178678
33.6541,-117.9113
33.6428193,-117.9340719
33.6541,-117.921135
33.632504,-117.93187
33.6573685,-117.9292632
33.6427944,-117.923756
33.6573685,-117.9292632
33.6426,-117.91813
33.6389165,-117.9214976
33.65022,-117.91139
33.648792,-117.91574
33.63373,-117.93494
33.636887,-117.92411
33.6417262,-117.9205014
33.6348803,-117.9285181
33.642616,-117.91875
33.6348803,-117.9285181
33.657405,-117.918706
33.648471,-117.9245829
33.6541,-117.921135
33.6389165,-117.9214976
33.6541,-117.921135
33.6500025,-117.9301187
33.650215,-117.93421
33.6479867,-117.9132086
33.6503071,-117.925297
33.656513,-117.91868
33.646645,-117.93013
33.636875,-117.92408
33.6412543,-117.9365366
33.64228058,-117.9341278
33.63236,-117.932175
33.64207,-117.932045
33.6344158,-117.9215362
33.63862,-117.93016
33.656082,-117.93215
33.651287,-117.91327
33.636204,-117.91945
33.65592,-117.907196
33.639244,-117.920204
33.6552195,-117.9067861
33.6573685,-117.9292632
33.630978,-117.91287
33.64237,-117.92038
33.6541,-117.9113
33.6408361,-117.9215776
33.65733,-117.904686
33.6544963,-117.9318247
33.635685,-117.920425
33.6368885,-117.9241066
33.65345,-117.92246
33.65686798,-117.9171982
33.6541,-117.921135
33.6541,-117.921135
33.652817,-117.92532
33.657406,-117.91871
33.642298,-117.9347629
33.6575037,-117.9321457
33.6356282,-117.9392344
33.633442,-117.915306
33.6389165,-117.9214976
33.6425997,-117.9181264
33.6576571,-117.9168285
33.6356282,-117.9392344
33.64368,-117.93099
33.648471,-117.9245829
33.6567,-117.92265
33.6427387,-117.9282514
33.656475,-117.908
33.6568662,-117.9172009
33.657405,-117.918706
33.6400187,-117.9205293
33.6427916,-117.9283004
33.642796,-117.92376
33.643063,-117.930084
33.649143,-117.9235753
33.6441001,-117.9324874
33.633442,-117.915306
33.631886,-117.91232
33.65574,-117.91836
33.642952,-117.9296
33.6425997,-117.9181264
33.657368,-117.92926
33.6541,-117.921135
33.64016,-117.932755
33.6325132,-117.9167399
33.6356865,-117.9204254
33.64266,-117.91778
33.635889,-117.9228356
33.6302149,-117.9177101
33.6541,-117.921135
33.643784,-117.92424
33.6325132,-117.9167399
33.6367623,-117.9211475
33.636887,-117.92411
33.65733,-117.904686
33.657406,-117.91871
33.656868,-117.9172
33.63448,-117.93248
33.657326,-117.9275
33.6396204,-117.9204601
33.654152,-117.9188
33.652817,-117.92532
33.648273,-117.92927
33.6426,-117.91813
33.6546318,-117.9196215
33.645706,-117.915794
33.63862,-117.93016
33.657406,-117.91871
33.6469752,-117.9206774
33.648471,-117.9245829
33.6429536,-117.9296073
33.655285,-117.91708
33.642796,-117.92376
33.646645,-117.93013
33.657658,-117.91683
33.633816,-117.93512
33.656868,-117.9172
33.6576571,-117.9168285
33.6500025,-117.9301187
33.651154,-117.932594
33.64929,-117.915726
33.656513,-117.91868
33.65585,-117.911316
33.6502281,-117.9226442
33.64228058,-117.9341278
33.646645,-117.93013
33.6503071,-117.925297
33.65212,-117.93165
33.65215,-117.93136
33.6426,-117.91813
33.6348803,-117.9285181
33.633442,-117.915306
33.637775,-117.92859
33.6474419,-117.9222157
33.6389165,-117.9214976
33.634575,-117.93218
33.65686798,-117.9171982
33.6541,-117.921135
33.62409,-117.909256
33.64847,-117.92458
33.638565,-117.92877
33.640343,-117.922195
33.6568626,-117.9226455
33.656082,-117.93215
33.6521198,-117.9316508
33.63874054,-117.9271393
33.657566,-117.924034
33.65036,-117.933914
33.635857,-117.9227
33.65176,-117.91867
33.6428193,-117.9340719
33.63448,-117.93248
33.636887,-117.92411
33.630363,-117.91079
33.657675,-117.91685
33.6427916,-117.9283004
33.6365136,-117.9228713
33.637024,-117.92783
33.63391,-117.91785
33.657552,-117.90411
33.657326,-117.9275
33.6431759,-117.9212335
33.63075,-117.911545
33.657566,-117.924034
33.656513,-117.91868
33.641956,-117.92033
33.656082,-117.93215
33.648663,-117.92164
33.640392,-117.920235
33.643177,-117.92479
33.643063,-117.930084
33.641886,-117.9222167
33.6284118,-117.90925
33.6508274,-117.9104467
33.648273,-117.92927
33.6389165,-117.9214976
33.653046,-117.918686
33.64281,-117.93377
33.65212,-117.93165
33.643177,-117.9247925
33.6464906,-117.932423
33.6431759,-117.9212335
33.6546325,-117.9195019
33.65693283,-117.9309769
33.633816,-117.93512
33.6408361,-117.9215776
33.65626,-117.91065
33.6426,-117.91813
33.64274,-117.92825
33.645105,-117.9193602
33.6426,-117.91813
33.648663,-117.92164
33.6298019,-117.9122175
33.6354242,-117.9239064
33.63391,-117.91785
33.633816,-117.93512
33.63251495,-117.9167404
33.6563858,-117.9297311
33.656082,-117.93215
33.630898,-117.9135
33.6573685,-117.9292632
33.62651,-117.91005
33.6503071,-117.925297
33.643063,-117.930084
33.62651,-117.91005
33.625645,-117.911125
33.642044,-117.93409
33.6474419,-117.9222157
33.657326,-117.9275
33.65088,-117.93239
33.64385,-117.92369
33.657566,-117.924034
33.64258,-117.9218
33.6426,-117.91813
33.652428,-117.930046
33.640774,-117.94015
33.657345,-117.90471
33.6334174,-117.9170508
33.652428,-117.930046
33.651287,-117.91327
33.642082,-117.9402
33.656868,-117.9172
33.648471,-117.9245829
33.633587,-117.9271
33.6572726,-117.9317481
33.6389165,-117.9214976
33.63961,-117.91839
33.628506,-117.90915
33.6325132,-117.9167399
33.65755,-117.921814
33.6503285,-117.9262961
33.633896,-117.92661
33.6473821,-117.9182459
33.6541,-117.921135
33.62765,-117.90951
33.655144,-117.91758
33.65015,-117.93393
33.64806,-117.93205
33.656082,-117.93215
33.652428,-117.930046
33.6341277,-117.925852
33.628506,-117.90915
33.625645,-117.911125
33.657566,-117.924034
33.6554013,-117.9068533
33.6423094,-117.93441
33.657566,-117.924034
33.6284118,-117.90925
33.6382,-117.93101
33.6255237,-117.9072328
33.654404,-117.91703
33.6524069,-117.932077
33.6521012,-117.9088284
33.6389165,-117.9214976
33.651707,-117.919266
33.643063,-117.930084
33.62592,-117.91152
33.6520077,-117.9095837
33.65601,-117.94185
33.63929,-117.928375
33.656868,-117.9172
33.6425997,-117.9181264
33.63397,-117.917861
33.636887,-117.92411
33.6426,-117.91813
33.65733,-117.904686
33.652428,-117.930046
33.657406,-117.91871
33.651287,-117.91327
33.650826,-117.910446
33.657406,-117.91871
33.657272,-117.93175
33.656513,-117.91868
33.656464,-117.91874
33.626217,-117.91152
33.637024,-117.92783
33.6474419,-117.9222157
33.63861,-117.931725
33.642616,-117.91875
33.6502281,-117.9226442
33.637024,-117.92783
33.62651,-117.91005
33.62592,-117.91152
33.633816,-117.93512
33.658257,-117.933075
33.657566,-117.924034
33.641834,-117.92358
33.6573685,-117.9292632
33.64301,-117.93526
33.657326,-117.9275
33.64339,-117.93107
33.652428,-117.930046
33.6561974,-117.9190564
33.636887,-117.92411
33.6427387,-117.9282514
33.65733,-117.904686
33.645105,-117.9193602
33.6573685,-117.9292632
33.633442,-117.915306
33.6500025,-117.9301187
33.62355,-117.907555
33.640774,-117.94015
33.6356282,-117.9392344
33.639446,-117.91804
33.626343,-117.91173
33.6503071,-117.925297
33.64231,-117.93441
33.62605,-117.9117
33.64231,-117.93441
33.652287,-117.92508
33.634495,-117.92164
33.6508771,-117.9105724
33.6541,-117.921135
33.651287,-117.91327
33.657406,-117.91871
33.6576571,-117.9168285
33.6389165,-117.9214976
33.657405,-117.918706
33.642082,-117.9402
33.6503071,-117.925297
33.645706,-117.915794
33.632515,-117.91674
33.63929,-117.928375
33.650394,-117.934204
33.63861,-117.931725
33.65212,-117.93165
33.6524928,-117.9088757
33.6576571,-117.9168285
33.64744,-117.92222
33.6503071,-117.925297
33.643063,-117.930084
33.657566,-117.924034
33.64231,-117.93441
33.64339,-117.93107
33.647255,-117.92359
33.656868,-117.9172
33.657405,-117.918706
33.656082,-117.93215
33.6521012,-117.9088284
33.657566,-117.924034
33.637775,-117.92859
33.640366,-117.930786
33.6341277,-117.925852
33.644737,-117.91857
33.657326,-117.9275
33.6361,-117.92045
33.6573685,-117.9292632
33.636887,-117.92411
33.652287,-117.92508
33.6359303,-117.9316783
33.645473,-117.93145
33.652428,-117.930046
33.652428,-117.930046
33.6508771,-117.9105724
33.6503071,-117.925297
33.640343,-117.922195
33.6474419,-117.9222157
33.63819,-117.93155
33.623657,-117.90744
33.633816,-117.93512
33.625256,-117.905975
33.6356865,-117.9204254
33.6500025,-117.9301187
33.625645,-117.911125
33.651287,-117.91327
33.643177,-117.9247925
33.65557,-117.92808
33.634144,-117.91467
33.626343,-117.91173
33.64265,-117.93334
33.657566,-117.924034
33.643284,-117.93143
33.6555877,-117.918605
33.64885,-117.91045
33.625645,-117.911125
33.633816,-117.93512
33.64301,-117.93526
33.63557,-117.91822
33.641886,-117.9222167
33.65345,-117.92246
33.6423094,-117.93441
33.625435,-117.90991
33.652428,-117.930046
33.651287,-117.91327
33.641956,-117.92033
33.62592,-117.91152
33.6425997,-117.9181264
33.63264,-117.92647
33.6324562,-117.9142526
33.62597,-117.91192
33.6441001,-117.9324874
33.657406,-117.91871
33.6423673,-117.9203827
33.6341277,-117.925852
33.657345,-117.90471
33.656338,-117.92258
33.623306,-117.90779
33.6576571,-117.9168285
33.64231,-117.93441
33.645706,-117.915794
33.657566,-117.924034
33.636887,-117.92411
33.634537,-117.920395
33.64287,-117.91932
33.656082,-117.93215
33.6389165,-117.9214976
33.652287,-117.92508
33.657566,-117.924034
33.656464,-117.91874
33.6537038,-117.9082208
33.6431759,-117.9212335
33.652287,-117.92508
33.6394465,-117.9180364
33.6573436,-117.9047124
33.652428,-117.930046
33.6325132,-117.9167399
33.6502254,-117.9245165
33.62651,-117.91005
33.643063,-117.930084
33.64744,-117.92222
33.655586,-117.9186
33.6552195,-117.9067861
33.6428727,-117.9193164
33.635858,-117.922696
33.64122,-117.93013
33.643063,-117.930084
33.6573436,-117.9047124
33.6482216,-117.9217055
33.637188,-117.92026
33.6555877,-117.918605
33.6441137,-117.9295439
33.651287,-117.91327
33.657552,-117.90411
33.654438,-117.91195
33.6562948,-117.9060876
33.6474419,-117.9222157
33.6389165,-117.9214976
33.6521012,-117.9088284
33.6255237,-117.9072328
33.65522,-117.906784
33.6426,-117.91813
33.65740585,-117.9187088
33.6284118,-117.90925
33.6564528,-117.9170725
33.6482216,-117.9217055
33.63975,-117.93195
33.637775,-117.92859
33.6426,-117.91813
33.65683,-117.9144
33.64083481,-117.9215775
33.657345,-117.90471
33.641354,-117.91922
33.631718,-117.914696
33.6486977,-117.9127026
33.64848,-117.92793
33.6437844,-117.9242365
33.643177,-117.9247925
33.6404037,-117.9200686
33.64744,-117.92222
33.6474419,-117.9222157
33.64405823,-117.9315643
33.631886,-117.91232
33.6479867,-117.9132086
33.64237,-117.92038
33.6427653,-117.9204148
33.633816,-117.93512
33.6430913,-117.9172914
33.657513,-117.930984
33.6552195,-117.9067861
33.655647,-117.91841
33.6430762,-117.9244101
33.6418321,-117.9237424
33.641354,-117.91922
33.6437844,-117.9242365
33.632534,-117.92755
33.6427944,-117.923756
33.6508771,-117.9105724
33.651879,-117.9094032
33.65638733,-117.9297333
33.6519743,-117.9090986
33.64231,-117.93441
33.65683,-117.9144
33.6541,-117.921135
33.656921,-117.9084687
33.63862,-117.93033
33.6436639,-117.9216722
33.636887,-117.92411
33.6255237,-117.9072328
33.657566,-117.924034
33.624203,-117.912964
33.65088,-117.910576
33.657405,-117.918706
33.633816,-117.93512
33.643063,-117.930084
33.6337354,-117.9147317
33.6508771,-117.9105724
33.657566,-117.924034
33.6284118,-117.90925
33.656082,-117.93215
33.64231,-117.93441
33.637543,-117.91696
33.656868,-117.9172
33.631886,-117.91232
33.62597,-117.91192
33.628506,-117.90915
33.6255237,-117.9072328
33.6503071,-117.925297
33.650394,-117.934204
33.64339,-117.93107
33.6472535,-117.9235944
33.6423673,-117.9203827
33.62592,-117.91152
33.63698,-117.923744
33.6559952,-117.9071728
33.632515,-117.91674
33.657555,-117.923096
33.64298,-117.93173
33.63397,-117.917861
33.627075,-117.91315
33.625847,-117.91093
33.625645,-117.911125
33.6426,-117.91813
33.638336,-117.92771
33.64228058,-117.9341736
33.6345362,-117.9203964
33.65033,-117.92629
33.63861,-117.931725
33.6508771,-117.9105724
33.643555,-117.932236
33.656921,-117.9084687
33.637024,-117.92783
33.637775,-117.92859
33.642082,-117.9402
33.6573,-117.93046
33.6429164,-117.919314
33.640774,-117.94015
33.646572,-117.92796
33.6540969,-117.9211357
33.6508771,-117.9105724
33.641197,-117.920654
33.62651,-117.91005
33.63452,-117.920364
33.6325132,-117.9167399
33.641888,-117.92222
33.65692,-117.90847
33.656082,-117.93215
33.655197,-117.92875
33.656933,-117.93098
33.6341277,-117.925852
33.6373438,-117.9243052
33.62605,-117.9117
33.65727234,-117.9317474
33.657405,-117.918706
33.657552,-117.90411
33.6470341,-117.921907
33.62586,-117.91048
33.6284118,-117.90925
33.6325998,-117.9153176
33.625645,-117.911125
33.646645,-117.93013
33.657405,-117.918706
33.6541,-117.921135
33.6501107,-117.9287103
33.645767,-117.93151
33.6348803,-117.9285181
33.62592,-117.91152
33.657566,-117.924034
33.643812,-117.9280396
33.652287,-117.92508
33.65724,-117.93154
33.648273,-117.92927
33.6423094,-117.93441
33.639294,-117.92915
33.64287567,-117.9191437
33.65549,-117.92915
33.657406,-117.91871
33.654404,-117.91703
33.64195633,-117.9203262
33.62651,-117.91005
33.6474419,-117.9222157
33.6394465,-117.9180364
33.656513,-117.91868
33.643063,-117.930084
33.636887,-117.92411
33.64411545,-117.9295425
33.623955,-117.90863
33.650345,-117.926315
33.653328,-117.9231
33.6443534,-117.9185821
33.6541,-117.921135
33.65522,-117.906784
33.62605,-117.9117
33.6373438,-117.9243052
33.6561974,-117.9190564
33.657566,-117.924034
33.6568662,-117.9172009
33.65733,-117.904686
33.656933,-117.93098
33.652428,-117.930046
33.657552,-117.90411
33.65406,-117.919304
33.653328,-117.9231
33.641197,-117.920654
33.63194,-117.91648
33.656933,-117.93098
33.643177,-117.9247925
33.6426215,-117.9328636
33.63908,-117.91918
33.6575651,-117.9240321
33.638832,-117.92939
33.63286,-117.9270719
33.62592,-117.91152
33.6576571,-117.9168285
33.657566,-117.924034
33.656513,-117.91868
33.6357774,-117.9337484
33.6425997,-117.9181264
33.65212,-117.93165
33.6414399,-117.9199595
33.6419563,-117.9203276
33.63861,-117.931725
33.657272,-117.93175
33.6541,-117.921135
33.635635,-117.9161
33.62651,-117.91005
33.6474419,-117.9222157
33.65033,-117.92629
33.647255,-117.92359
33.646645,-117.93013
33.6500025,-117.9301187
33.6427916,-117.9283004
33.642082,-117.9402
33.650345,-117.926315
33.6447359,-117.9185726
33.643063,-117.930084
33.641886,-117.9222167
33.645767,-117.93151
33.64231,-117.93441
33.6426,-117.91813
33.6321081,-117.9274201
33.6535,-117.92248
33.64744,-117.92222
33.6474419,-117.9222157
33.657406,-117.91871
33.654404,-117.91703
33.6508274,-117.9104467
33.6474419,-117.9222157
33.655403,-117.90685
33.636887,-117.92411
33.64744,-117.92222
33.64016,-117.932755
33.625645,-117.911125
33.645706,-117.915794
33.62592,-117.91152
33.6524069,-117.932077
33.65692,-117.90847
33.640404,-117.92007
33.626663,-117.90885
33.6474419,-117.9222157
33.6427916,-117.9283004
33.640163,-117.943794
33.6500025,-117.9301187
33.633816,-117.93512
33.640774,-117.94015
33.6436444,-117.9285158
33.64744,-117.92222
33.64279,-117.9283
33.657566,-117.924034
33.6431759,-117.9212335
33.62519,-117.90951
33.65692,-117.90847
33.641197,-117.920654
33.633022,-117.916756
33.652287,-117.92508
33.633062,-117.9270308
33.656933,-117.93098
33.657406,-117.91871
33.6394465,-117.9180364
33.636191,-117.9145955
33.656082,-117.93215
33.640163,-117.943794
33.6418337,-117.9235781
33.6438026,-117.9238227
33.652511,-117.908881
33.654404,-117.9170303
33.64231,-117.93441
33.6302925,-117.9181553
33.6503071,-117.925297
33.635838,-117.9367384
33.638622,-117.93119
33.6325132,-117.9167399
33.6576571,-117.9168285
33.631884,-117.9123223
33.65522,-117.906784
33.6373438,-117.9243052
33.632008,-117.91236
33.6503071,-117.925297
33.64287,-117.91932
33.65716,-117.91836
33.6284118,-117.90925
33.64228058,-117.9341278
33.6436444,-117.9285158
33.650345,-117.926315
33.64744,-117.92222
33.62785,-117.91
33.657405,-117.918706
33.640343,-117.922195
33.6500025,-117.9301187
33.657552,-117.90411
33.656464,-117.91874
33.657345,-117.90471
33.65686798,-117.9171982
33.62586,-117.91048
33.6436557,-117.9295136
33.653328,-117.9231
33.6354242,-117.9239064
33.63423,-117.91597
33.633062,-117.9270308
33.641354,-117.91922
33.62592,-117.91152
33.656933,-117.93098
33.64462,-117.91952
33.652511,-117.908881
33.656513,-117.91868
33.633816,-117.93512
33.6565747,-117.9273641
33.62502,-117.905975
33.640774,-117.94015
33.6428193,-117.9186145
33.642616,-117.91875
33.65212,-117.93165
33.64231,-117.93441
33.63288,-117.92693
33.643063,-117.930084
33.6423094,-117.93441
33.657405,-117.918706
33.625816,-117.9117
33.6356865,-117.9204254
33.6440898,-117.9255409
33.655937,-117.930664
33.6482728,-117.9292656
33.625645,-117.911125
33.63861,-117.931725
33.6568662,-117.9172009
33.641886,-117.9222167
33.657658,-117.91683
33.6456497,-117.9156339
33.635174,-117.9181
33.6504145,-117.9263498
33.637024,-117.92783
33.656155,-117.91996
33.625847,-117.91093
33.6426,-117.91813
33.63004,-117.91073
33.638863,-117.93164
33.6474419,-117.9222157
33.656464,-117.91874
33.6508274,-117.9104467
33.657883,-117.90355
33.640343,-117.922195
33.64411545,-117.9295425
33.6404037,-117.9200686
33.637775,-117.92859
33.6284118,-117.90925
33.641886,-117.9222167
33.657326,-117.9275
33.657406,-117.91871
33.6325132,-117.9167399
33.6521198,-117.9316508
33.6427916,-117.9283004
33.6404037,-117.9200686
33.65627,-117.931946
33.6356282,-117.9392344
33.6373438,-117.9243052
33.6501642,-117.9113981
33.637543,-117.91696
33.630898,-117.9135
33.6474419,-117.9222157
33.631718,-117.914696
33.657368,-117.92926
33.656868,-117.9172
33.65088,-117.93239
33.6356865,-117.9204254
33.6414371,-117.9268031
33.645775,-117.92785
33.6563745,-117.9209637
33.633816,-117.93512
33.643063,-117.930084
33.6427944,-117.923756
33.63600159,-117.921463
33.64744,-117.92222
33.635124,-117.92061
33.65056992,-117.9159317
33.6508274,-117.9104467
33.64282,-117.934074
33.656082,-117.93215
33.6427944,-117.923756
33.65630341,-117.9297562
33.637775,-117.92859
33.6437018,-117.9229592
33.64411545,-117.9295425
33.6423673,-117.9203827
33.6576571,-117.9168285
33.65056992,-117.9159317
33.633816,-117.93512
33.633144,-117.91664
33.656475,-117.908
33.654404,-117.91703
33.6436444,-117.9285158
33.65549,-117.92915
33.6423293,-117.9214553
33.657406,-117.91871
33.64482,-117.91923
33.6368885,-117.9241066
33.641956,-117.92033
33.642952,-117.9296
33.6546325,-117.9195019
33.657368,-117.92926
33.654346,-117.932045
33.64262,-117.93286
33.656868,-117.9172
33.6428727,-117.9193164
33.64236832,-117.9203796
33.65765762,-117.916832
33.6474419,-117.9222157
33.631886,-117.91232
33.6559603,-117.907166
33.641354,-117.91922
33.631886,-117.91232
33.62843,-117.909676
33.657566,-117.924034
33.6423293,-117.9214553
33.6428193,-117.9340719
33.656933,-117.93098
33.640774,-117.94015
33.6423293,-117.9214553
33.63151932,-117.9176102
33.6557958,-117.9291337
33.62651,-117.91005
33.6436434,-117.9294938
33.639355,-117.91802
33.62597,-117.91192
33.6356282,-117.9392344
33.6284118,-117.90925
33.640366,-117.930786
33.6431488,-117.9388602
33.6503071,-117.925297
33.6356282,-117.9392344
33.62592,-117.91152
33.633816,-117.93512
33.6355,-117.923355
33.65212,-117.93165
33.62592,-117.91152
33.639286,-117.92861
33.6427847,-117.9340078
33.6284118,-117.90925
33.6325132,-117.9167399
33.639923,-117.93101
33.656868,-117.9172
33.63557,-117.91822
33.6417586,-117.9203327
33.656082,-117.93215
33.625847,-117.91093
33.640774,-117.94015
33.64231,-117.93441
33.64744,-117.92222
33.65346,-117.91073
33.6359303,-117.9316783
33.633062,-117.9270308
33.643063,-117.92832
33.625645,-117.911125
33.657326,-117.9275
33.62592,-117.91152
33.62605,-117.9117
33.643063,-117.930084
33.6474419,-117.9222157
33.6474419,-117.9222157
33.656464,-117.91874
33.632008,-117.91236
33.650345,-117.926315
33.6427944,-117.923756
33.64231,-117.93441
33.62884,-117.90919
33.625645,-117.911125
33.6426,-117.91813
33.6508274,-117.9104467
33.6496207,-117.9329781
33.626343,-117.91173
33.634422,-117.918526
33.656933,-117.93098
33.6500025,-117.9301187
33.6356282,-117.9392344
33.6570751,-117.9286734
33.6412543,-117.9365366
33.6546318,-117.9196215
33.646645,-117.93013
33.6423293,-117.9214553
33.633062,-117.9270308
33.6568662,-117.9172009
33.654579,-117.918204
33.6541,-117.921135
33.64298,-117.93634
33.646572,-117.92796
33.639923,-117.93101
33.634523,-117.9203653
33.64744,-117.92222
33.63814,-117.93032
33.638554,-117.92956
33.6356282,-117.9392344
33.6559952,-117.9071728
33.656082,-117.93215
33.65522,-117.906784
33.656082,-117.93215
33.63452,-117.920364
33.633816,-117.93512
33.639275,-117.92955
33.6265105,-117.9100509
33.65522,-117.906784
33.643078,-117.92441
33.6486638,-117.9126703
33.642555,-117.91781
33.656868,-117.9172
33.6423293,-117.9214553
33.625847,-117.91093
33.640835,-117.92158
33.6427944,-117.923756
33.641197,-117.920654
33.628506,-117.90915
33.6524069,-117.932077
33.657566,-117.924034
33.632515,-117.91674
33.6255237,-117.9072328
33.65727,-117.92199
33.63397,-117.917861
33.65294,-117.94393
33.656513,-117.91868
33.63814,-117.93032
33.62592,-117.91152
33.656464,-117.91874
33.6476906,-117.9318467
33.643177,-117.92479
33.6436444,-117.9285158
33.6502254,-117.9245165
33.64231,-117.93441
33.643215,-117.92461
33.6534592,-117.9263943
33.6265105,-117.9100509
33.6436823,-117.9309956
33.6482216,-117.9217055
33.62605,-117.9117
33.6412543,-117.9365366
33.65742,-117.924416
33.626663,-117.90885
33.6474419,-117.9222157
33.6354242,-117.9239064
33.642082,-117.9402
33.6528855,-117.9182771
33.640729,-117.9401194
33.656933,-117.93098
33.64181519,-117.9347229
33.657405,-117.918706
33.632877,-117.92725
33.63856,-117.929
33.6541,-117.921135
33.657345,-117.90471
33.643063,-117.930084
33.6477031,-117.931731
33.6309002,-117.9126629
33.647255,-117.92359
33.63814,-117.93032
33.656128,-117.93175
33.6502268,-117.9253121
33.656452,-117.92973
33.654404,-117.9170303
33.642616,-117.91875
33.6565,-117.91975
33.6302925,-117.9181553
33.6572674,-117.9219918
33.6541,-117.921135
33.657417,-117.92322
33.6356282,-117.9392344
33.656868,-117.9172
33.640533,-117.92356
33.62592,-117.91152
33.633062,-117.9270308
33.65033,-117.92629
33.657566,-117.924034
33.63691,-117.92141
33.6255237,-117.9072328
33.6560804,-117.93215
33.6357,-117.93008
33.64372,-117.931915
33.634158,-117.916591
33.6372,-117.92786
33.6293477,-117.908812
33.657405,-117.918706
33.6430673,-117.9272832
33.633366,-117.916855
33.6524069,-117.932077
33.638172,-117.93066
33.64958572,-117.9285736
33.6423293,-117.9214553
33.6568662,-117.9172009
33.6423293,-117.9214553
33.62592,-117.91152
33.657345,-117.90471
33.6479891,-117.9131981
33.6573074,-117.9311939
33.6427944,-117.923756
33.657272,-117.93175
33.639275,-117.92955
33.6474419,-117.9222157
33.641197,-117.920654
33.657405,-117.918706
33.6382,-117.9312
33.642952,-117.9296
33.623917,-117.90855
33.639355,-117.91802
33.6503071,-117.925297
33.6573,-117.93194
33.62638,-117.91042
33.6284118,-117.90925
33.643284,-117.93143
33.657566,-117.924034
33.6482216,-117.9217055
33.657326,-117.9275
33.63906,-117.92803
33.624355,-117.90856
33.6584,-117.932465
33.641815,-117.934326
33.62867,-117.91003
33.6436444,-117.9285158
33.6265105,-117.9100509
33.6438067,-117.9210909
33.6351197,-117.9290733
33.6423293,-117.9214553
33.6502268,-117.9253121
33.637775,-117.92859
33.656933,-117.93098
33.6572674,-117.9219918
33.639275,-117.92955
33.643063,-117.930084
33.6356282,-117.9392344
33.6541,-117.921135
33.65727,-117.92199
33.6568662,-117.9172009
33.63557,-117.91822
33.6430673,-117.9272832
33.632183,-117.91691
33.633062,-117.9270308
33.657345,-117.90471
33.6481123,-117.9128338
33.6436434,-117.9294938
33.65212,-117.93165
33.65692,-117.90847
33.65033,-117.92629
33.63814,-117.93032
33.6457488,-117.9181176
33.656082,-117.93215
33.62592,-117.91152
33.63907,-117.92852
33.64744,-117.92222
33.6284118,-117.90925
33.64744,-117.92222
33.625847,-117.91093
33.625645,-117.911125
33.654404,-117.91703
33.657658,-117.91683
33.6441137,-117.9295439
33.642082,-117.9402
33.655647,-117.91841
33.62619,-117.91188
33.646492,-117.93243
33.6568662,-117.9172009
33.654655,-117.91783
33.634158,-117.916591
33.656082,-117.93215
33.6575741,-117.9215186
33.6393542,-117.9180208
33.627213,-117.91151
33.639923,-117.928246
33.633062,-117.9270308
33.6436444,-117.9285158
33.6427944,-117.923756
33.65212,-117.93165
33.6541,-117.921135
33.64231,-117.93441
33.635858,-117.922696
33.6356282,-117.9392344
33.6293681,-117.9088204
33.646645,-117.93013
33.62634,-117.912056
33.6423293,-117.9214553
33.656452,-117.92973
33.643105,-117.93672
33.6423293,-117.9214553
33.636887,-117.92411
33.647987,-117.9132
33.636,-117.92146
33.626305,-117.90973
33.63906,-117.92803
33.625645,-117.911125
33.643063,-117.930084
33.6560804,-117.93215
33.640835,-117.92115
33.6356282,-117.9392344
33.656933,-117.93098
33.657272,-117.93175
33.655785,-117.93059
33.640729,-117.9401194
33.6503071,-117.925297
33.647045,-117.93391
33.6502254,-117.9245165
33.6474419,-117.9222157
33.643177,-117.92479
33.632732,-117.93517
33.657272,-117.93175
33.654404,-117.91703
33.6504145,-117.9263498
33.6423094,-117.93441
33.654655,-117.91783
33.62592,-117.91152
33.6265105,-117.9100509
33.6559952,-117.9071728
33.6325132,-117.9167399
33.6541,-117.921135
33.6427944,-117.923756
33.6568662,-117.9172009
33.642082,-117.9402
33.62631,-117.90648
33.637775,-117.92859
33.65345,-117.92246
33.657345,-117.90471
33.657405,-117.918706
33.625847,-117.91093
33.6426,-117.91813
33.656464,-117.91874
33.6564528,-117.9170725
33.657658,-117.91683
33.637775,-117.92859
33.63814,-117.93032
33.629444,-117.90953
33.6423293,-117.9214553
33.6403428,-117.9221969
33.633495,-117.91728
33.6474419,-117.9222157
33.6563354,-117.9204873
33.6284118,-117.90925
33.637775,-117.92859
33.656334,-117.92759
33.641834,-117.92358
33.64181519,-117.9347229
33.638832,-117.92939
33.6419563,-117.9203276
33.65686798,-117.9171982
33.656355,-117.90846
33.64279,-117.9283
33.65665,-117.9187
33.656868,-117.9172
33.64231,-117.93441
33.643703,-117.93245
33.64744,-117.92222
33.657562,-117.92453
33.6428727,-117.9193164
33.6479867,-117.9132086
33.643078,-117.92441
33.6436557,-117.9295136
33.657326,-117.9275
33.65056992,-117.9159317
33.6559198,-117.9071993
33.63862,-117.93016
33.633816,-117.93512
33.656868,-117.9172
33.642298,-117.9347629
33.643177,-117.92479
33.642952,-117.9296
33.65647,-117.91804
33.6427916,-117.9283004
33.6320058,-117.9123593
33.6505163,-117.932334
33.6518186,-117.9121559
33.636528,-117.9301207
33.6365153,-117.9228929
33.6552195,-117.9067861
33.642298,-117.9347629
33.656868,-117.9172
33.637775,-117.92859
33.6361,-117.92045
33.657562,-117.92453
33.645706,-117.915794
33.6424108,-117.932262
33.636116,-117.92124
33.654404,-117.91703
33.656616,-117.925224
33.656868,-117.9172
33.6483807,-117.914106
33.637775,-117.92859
33.641834,-117.92358
33.6393542,-117.9180208
33.65212,-117.93165
33.641354,-117.91922
33.657405,-117.918706
33.657314,-117.92768
33.6428727,-117.9193164
33.643105,-117.93672
33.656082,-117.93215
33.6504607,-117.9224481
33.632008,-117.91236
33.641886,-117.9222167
33.6565033,-117.9197476
33.633144,-117.91664
33.65727,-117.92199
33.6500025,-117.9301187
33.631886,-117.91232
33.654274,-117.91131
33.638573,-117.928604
33.6427916,-117.9283004
33.65736,-117.90815
33.645775,-117.92785
33.6423293,-117.9214553
33.6363858,-117.9316182
33.6423293,-117.9214553
33.6474419,-117.9222157
33.6423293,-117.9214553
33.6265105,-117.9100509
33.643177,-117.92479
33.649586,-117.92857
33.63906,-117.92803
33.65461697,-117.9196373
33.6503071,-117.925297
33.650394,-117.934204
33.6426,-117.91813
33.645706,-117.915794
33.642083,-117.940197
33.625645,-117.911125
33.65692,-117.90847
33.641888,-117.92222
33.631634,-117.91365
33.6423,-117.93476
33.640774,-117.94015
33.657288,-117.93129
33.657405,-117.918706
33.64231,-117.93441
33.625847,-117.91093
33.639275,-117.92955
33.63856,-117.9294
33.657272,-117.93175
33.642933,-117.92726
33.641834,-117.92358
33.6474419,-117.9222157
33.633062,-117.9270308
33.62631,-117.90648
33.6437018,-117.9229592
33.6423293,-117.9214553
33.631632,-117.91633
33.656082,-117.93215
33.6504145,-117.9263498
33.626328,-117.907524
33.656933,-117.93098
33.654415,-117.91863
33.6560804,-117.93215
33.6426517,-117.9326577
33.625645,-117.911125
33.651507,-117.909591
33.6474419,-117.9222157
33.636887,-117.92411
33.641216,-117.93013
33.6326773,-117.9320858
33.6344959,-117.9216359
33.64823,-117.921684
33.62592,-117.91152
33.62592,-117.91152
33.6284118,-117.90925
33.654415,-117.91863
33.65212,-117.93165
33.6423673,-117.9203827
33.631424,-117.91359
33.64229586,-117.9214819
33.6383361,-117.9277143
33.62631,-117.90648
33.652447,-117.92798
33.6436444,-117.9285158
33.6417586,-117.9203327
33.6403428,-117.9221969
33.642616,-117.91875
33.626305,-117.90973
33.626663,-117.90885
33.64304733,-117.919342
33.6521198,-117.9316508
33.6425997,-117.9181264
33.625645,-117.911125
33.637775,-117.92859
33.62592,-117.91152
33.633062,-117.9270308
33.628506,-117.90915
33.6255237,-117.9072328
33.657405,-117.918706
33.63814,-117.93031
33.657364,-117.92481
33.657288,-117.93129
33.6406848,-117.9365371
33.64306,-117.93008
33.625134,-117.90581
33.632504,-117.93187
33.657307,-117.93119
33.6426,-117.91813
33.6474419,-117.9222157
33.62592,-117.91152
33.640404,-117.92007
33.657406,-117.91871
33.634944,-117.9254723
33.63738,-117.917015
33.626045,-117.91171
33.634523,-117.9203653
33.656513,-117.91868
33.639923,-117.93101
33.6503285,-117.9262961
33.6474419,-117.9222157
33.634403,-117.927505
33.645,-117.92929
33.625134,-117.90581
33.64823,-117.921684
33.6331411,-117.9325063
33.64231,-117.93441
33.636,-117.92146
33.64182205,-117.9240333
33.63576778,-117.9337503
33.632008,-117.91236
33.6573,-117.93194
33.6393542,-117.9180208
33.6436444,-117.9285158
33.657405,-117.918706
33.64823,-117.921684
33.65522,-117.906784
33.63906,-117.92803
33.626663,-117.90885
33.648434,-117.92156
33.635685,-117.920425
33.63814,-117.93031
33.625927,-117.91152
33.6568662,-117.9172009
33.6482216,-117.9217055
33.629097,-117.90967
33.65522,-117.906784
33.656452,-117.92973
33.63655,-117.92137
33.644775,-117.920074
33.63391,-117.91785
33.640366,-117.930786
33.6257803,-117.9071634
33.648643,-117.921646
33.6291205,-117.9088349
33.633062,-117.9270308
33.656334,-117.92759
33.63814,-117.93031
33.635858,-117.922696
33.64231,-117.93441
33.64306,-117.93008
33.654194,-117.9196
33.6425997,-117.9181264
33.6422959,-117.9214819
33.64744,-117.92222
33.6474419,-117.9222157
33.625942,-117.9096
33.654404,-117.91703
33.6502254,-117.9245165
33.6541,-117.921135
33.65204,-117.91076
33.638832,-117.92939
33.64372,-117.931915
33.625927,-117.91152
33.6575651,-117.9240321
33.63927,-117.92956
33.6426,-117.91813
33.657405,-117.918706
33.6568662,-117.9172009
33.6496207,-117.9329781
33.6427916,-117.9283004
33.626045,-117.91171
33.657406,-117.91871
33.656452,-117.92973
33.657345,-117.90471
33.648014,-117.92137
33.6368885,-117.9241066
33.645542,-117.927956
33.646492,-117.9324265
33.6546437,-117.9196377
33.638832,-117.92939
33.6293681,-117.9088204
33.65587,-117.9329
33.6427944,-117.923756
33.65522,-117.906784
33.654507,-117.919235
33.657288,-117.93129
33.64287,-117.91932
33.6325132,-117.9167399
33.650345,-117.926315
33.65683,-117.9144
33.631886,-117.91232
33.623314,-117.90778
33.6436444,-117.9285158
33.65726,-117.922
33.6573685,-117.9292632
33.64539,-117.92574
33.6427944,-117.923756
33.6356282,-117.9392344
33.6481883,-117.91367
33.6474419,-117.9222157
33.64292,-117.92726
33.657405,-117.918706
33.6503071,-117.925297
33.6356865,-117.9204254
33.6361,-117.92045
33.6426215,-117.9328636
33.6521198,-117.9316508
33.6423673,-117.9203827
33.633062,-117.9270308
33.6568662,-117.9172009
33.625927,-117.91152
33.656452,-117.92973
33.657345,-117.90471
33.6456497,-117.9156339
33.64231,-117.93441
33.644775,-117.920074
33.6428193,-117.9186145
33.65212,-117.93165
33.643078,-117.93009
33.6519458,-117.9339928
33.655647,-117.91841
33.65724,-117.93154
33.625927,-117.91152
33.656937,-117.918785
33.641052,-117.93198
33.6431458,-117.9212336
33.643566,-117.9327
33.64823,-117.921684
33.6257803,-117.9071634
33.6503285,-117.9262961
33.642082,-117.9402
33.656082,-117.93215
33.62638,-117.91042
33.64287,-117.91932
33.63927,-117.92956
33.65458,-117.918205
33.6481149,-117.9136907
33.636517,-117.92289
33.623917,-117.90855
33.65436,-117.91707
33.626045,-117.91171
33.643784,-117.92424
33.625645,-117.911125
33.654361,-117.9170713
33.657288,-117.93129
33.6573,-117.93194
33.6503285,-117.9262961
33.6474419,-117.9222157
33.641087,-117.92012
33.648304,-117.92167
33.6428193,-117.9186145
33.6456497,-117.9156339
33.657345,-117.90471
33.6255642,-117.9072913
33.63397,-117.91786
33.63856,-117.9294
33.636911,-117.9214127
33.6436444,-117.9285158
33.648304,-117.92167
33.626076,-117.91133
33.657405,-117.918706
33.632687,-117.9321
33.63188,-117.91236
33.6431458,-117.9212336
33.657405,-117.918706
33.633446,-117.92204
33.656868,-117.9172
33.639923,-117.93101
33.634158,-117.916591
33.656452,-117.92973
33.6568662,-117.9172009
33.6484225,-117.9128399
33.657288,-117.93129
33.6519458,-117.9339928
33.657345,-117.90471
33.656452,-117.92973
33.6428193,-117.9186145
33.656513,-117.91868
33.633062,-117.9270308
33.657405,-117.918706
33.6541,-117.921135
33.625195,-117.90951
33.656082,-117.93215
33.63906,-117.92803
33.657288,-117.93192
33.657566,-117.924034
33.626663,-117.90885
33.625645,-117.911125
33.6519458,-117.9339928
33.6541,-117.921135
33.6474419,-117.9222157
33.656464,-117.91874
33.6546437,-117.9196377
33.6394465,-117.9180364
33.6530333,-117.9264334
33.6573685,-117.9292632
33.64231,-117.93441
33.625847,-117.91093
33.6559952,-117.9071728
33.6568662,-117.9172009
33.657405,-117.918706
33.6568153,-117.9186642
33.6474419,-117.9222157
33.62594,-117.91156
33.6501642,-117.9113981
33.626198,-117.9119
33.6565033,-117.9197476
33.643078,-117.93009
33.657047,-117.931946
33.640774,-117.94015
33.6419563,-117.9203276
33.63679,-117.924644
33.6257803,-117.9071634
33.64301,-117.93526
33.655285,-117.91708
33.656334,-117.92759
33.626984,-117.910416
33.641815,-117.92356
33.6428752,-117.9191459
33.6544135,-117.918636
33.655285,-117.91708
33.6423673,-117.9203827
33.6544963,-117.9318247
33.64285,-117.93054
33.6423673,-117.9203827
33.640343,-117.922195
33.64282,-117.934074
33.65522,-117.906784
33.6553039,-117.9170812
33.64135361,-117.91922
33.653736,-117.91875
33.646572,-117.92796
33.642298,-117.9347629
33.656334,-117.92759
33.643692,-117.93244
33.64287,-117.91932
33.6368885,-117.9241066
33.641354,-117.91922
33.6508274,-117.9104467
33.63691,-117.92141
33.63815,-117.93032
33.657574,-117.92306
33.6546437,-117.9196377
33.6448009,-117.9296371
33.6436937,-117.9324415
33.6565844,-117.930763
33.646572,-117.92796
33.6524069,-117.932077
33.6554892,-117.9297286
33.6426,-117.91813
33.657406,-117.91871
33.6357678,-117.9337503
33.633144,-117.91664
33.652122,-117.930786
33.643703,-117.93245
33.633816,-117.93512
33.6436444,-117.9285158
33.6442191,-117.9192586
33.638195,-117.93171
33.6325132,-117.9167399
33.634523,-117.9203653
33.64281,-117.93377
33.643177,-117.9247925
33.6563531,-117.929679
33.642952,-117.9296
33.6368885,-117.9241066
33.65212,-117.93165
33.6541,-117.921135
33.6393542,-117.9180208
33.6326866,-117.9321019
33.65649,-117.9215
33.645105,-117.9193602
33.65522,-117.906784
33.634758,-117.91427
33.6546325,-117.9195019
33.6426517,-117.9326577
33.6559952,-117.9071728
33.6565033,-117.9197476
33.6425997,-117.9181264
33.6255642,-117.9072913
33.639587,-117.91979
33.656334,-117.92759
33.637775,-117.92859
33.657406,-117.91871
33.6423673,-117.9203827
33.6499925,-117.9301405
33.656868,-117.9172
33.647255,-117.92359
33.6367251,-117.9246408
33.6412543,-117.9365366
33.6568662,-117.9172009
33.65726,-117.922
33.642298,-117.9347629
33.657368,-117.92926
33.6474419,-117.9222157
33.6324562,-117.9142526
33.641052,-117.93198
33.6419563,-117.9203276
33.657405,-117.918706
33.65726,-117.922
33.6562807,-117.907565
33.641354,-117.91922
33.648426,-117.91489
33.638744,-117.92059
33.6554892,-117.9297286
33.625847,-117.91093
33.6423673,-117.9203827
33.63975,-117.93158
33.6447359,-117.9185726
33.6441001,-117.9324874
33.63815,-117.93032
33.655403,-117.90685
33.6499925,-117.9301405
33.657566,-117.924034
33.652313,-117.919044
33.6423094,-117.93441
33.62592,-117.91184
33.657552,-117.90411
33.645,-117.92929
33.648304,-117.92167
33.65212,-117.93165
33.6505163,-117.932334
33.63397,-117.917861
33.64231,-117.93441
33.656933,-117.93098
33.6572874,-117.9319254
33.654655,-117.91783
33.64958572,-117.9285736
33.655956,-117.92964
33.640172,-117.9188329
33.625645,-117.911125
33.65744782,-117.9307709
33.640774,-117.94015
33.6357678,-117.9337503
33.6505163,-117.932334
33.6368885,-117.9241066
33.626329,-117.9075243
33.6353941,-117.9186992
33.6437844,-117.9242365
33.6474419,-117.9222157
33.65522,-117.906784
33.6428011,-117.9178287
33.6541,-117.921135
33.6428193,-117.9340719
33.636753,-117.92113
33.633062,-117.9270308
33.6335428,-117.9173338
33.6257803,-117.9071634
33.6423673,-117.9203827
33.6483768,-117.914118
33.6255642,-117.9072913
33.652252,-117.91868
33.64334,-117.92829
33.657406,-117.91871
33.6503285,-117.9262961
33.656868,-117.9172
33.642082,-117.9402
33.634495,-117.92164
33.63251495,-117.9167404
33.6466428,-117.9301285
33.6572876,-117.9319229
33.645775,-117.92785
33.640343,-117.922195
33.657288,-117.93129
33.64231,-117.93441
33.6503071,-117.925297
33.6389165,-117.9214976
33.62594,-117.91156
33.648304,-117.92167
33.63815,-117.93032
33.657566,-117.924034
33.656452,-117.92973
33.6546325,-117.9195019
33.6259959,-117.906129
33.6422959,-117.9214819
33.6408361,-117.9215776
33.6367251,-117.9246408
33.642298,-117.9347629
33.625847,-117.91093
33.639286,-117.92863
33.62638,-117.91042
33.640343,-117.922195
33.6436444,-117.9285158
33.637775,-117.92859
33.625782,-117.907166
33.625645,-117.911125
33.632496,-117.916824
33.6437018,-117.9229592
33.6428193,-117.9340719
33.6430913,-117.9172914
33.64744,-117.92222
33.6365153,-117.9228929
33.65072,-117.919266
33.635858,-117.922696
33.65033,-117.92629
33.646122,-117.924446
33.6431458,-117.9212336
33.656513,-117.91868
33.6568662,-117.9172009
33.6437018,-117.9229592
33.632687,-117.9321
33.656868,-117.9172
33.64958572,-117.9285736
33.6393542,-117.9180208
33.64227,-117.91873
33.65033,-117.92629
33.624058,-117.908775
33.632515,-117.91674
33.643684,-117.92183
33.64789,-117.92968
33.6426,-117.91813
33.654404,-117.91703
33.646645,-117.93013
33.654404,-117.91703
33.657566,-117.924034
33.6344959,-117.9216359
33.656815,-117.91866
33.6423673,-117.9203827
33.643215,-117.92528
33.63815,-117.93032
33.635685,-117.920425
33.64744,-117.92222
33.6546437,-117.9196377
33.657566,-117.924034
33.645103,-117.91936
33.634422,-117.918526
33.65702,-117.92808
33.636887,-117.92411
33.657658,-117.91683
33.63254166,-117.9271545
33.62594,-117.91156
33.648304,-117.92167
33.64237,-117.92038
33.6521936,-117.9335859
33.6559198,-117.9071993
33.625946,-117.91188
33.6345479,-117.9204163
33.625237,-117.91018
33.6499925,-117.9301405
33.62594,-117.91156
33.6541,-117.921135
33.6425997,-117.9181264
33.65726,-117.922
33.657405,-117.918706
33.63188,-117.91236
33.64282,-117.91862
33.64698,-117.92073
33.657406,-117.91871
33.6568662,-117.9172009
33.636116,-117.92124
33.642616,-117.91875
33.657405,-117.918706
33.6393542,-117.9180208
33.653496,-117.92248
33.636887,-117.92411
33.628506,-117.90915
33.6431458,-117.9212336
33.634422,-117.918526
33.641197,-117.930046
33.632504,-117.93187
33.632774,-117.9272
33.643814,-117.921104
33.63815,-117.93032
33.657036,-117.919464
33.6442191,-117.9192586
33.64231,-117.93441
33.6482216,-117.9217055
33.6389165,-117.9214976
33.64368,-117.93099
33.655956,-117.92964
33.63927,-117.92956
33.650154,-117.93394
33.636,-117.92146
33.643078,-117.93009
33.626663,-117.90885
33.656933,-117.93098
33.64282,-117.91862
33.6472386,-117.9182168
33.634327,-117.916245
33.643406,-117.931984
33.657405,-117.918706
33.626663,-117.90885
33.65702,-117.92808
33.63067246,-117.9180603
33.6434937,-117.9190613
33.6474419,-117.9222157
33.62631,-117.90648
33.63815,-117.93032
33.6423673,-117.9203827
33.6554892,-117.9297286
33.640729,-117.9401194
33.657288,-117.93192
33.626575,-117.91003
33.657288,-117.93129
33.6344959,-117.9216359
33.64958572,-117.9285736
33.6474419,-117.9222157
33.655956,-117.92964
33.645172,-117.92956
33.656868,-117.9172
33.62785,-117.91
33.654404,-117.91703
33.632774,-117.9272
33.646122,-117.924446
33.654415,-117.91863
33.64237,-117.92038
33.632515,-117.91674
33.62594,-117.91156
33.6456497,-117.9156339
33.64231,-117.93441
33.63694,-117.92148
33.65726,-117.922
33.640343,-117.922195
33.62594,-117.91156
33.641052,-117.93198
33.632977,-117.9168
33.63927,-117.92956
33.64958572,-117.9285736
33.632515,-117.91674
33.6423,-117.93476
33.634495,-117.92164
33.65088,-117.93239
33.6472535,-117.9235944
33.639297,-117.927986
33.633062,-117.9270308
33.643078,-117.93009
33.64237,-117.92038
33.633062,-117.9270308
33.642616,-117.91875
33.6325145,-117.9168069
33.657405,-117.918706
33.65522,-117.906784
33.6436444,-117.9285158
33.636887,-117.92411
33.64105,-117.926155
33.63815,-117.93032
33.632515,-117.91674
33.6487114,-117.9315219
33.636887,-117.92411
33.645103,-117.91936
33.657405,-117.918706
33.644737,-117.91857
33.642723,-117.94266
33.655975,-117.9316
33.64381,-117.92804
33.628506,-117.90915
33.65345,-117.92246
33.656933,-117.93098
33.657288,-117.93192
33.63906,-117.92803
33.635685,-117.920425
33.641197,-117.920654
33.6541,-117.921135
33.625847,-117.91093
33.65683,-117.9144
33.63391,-117.91785
33.657288,-117.93129
33.6474419,-117.9222157
33.632515,-117.91674
33.625645,-117.911125
33.629757,-117.90999
33.6381615,-117.9304953
33.633545,-117.920944
33.643177,-117.92479
33.62945,-117.909546
33.630363,-117.91079
33.6474419,-117.9222157
33.63188,-117.91236
33.62587,-117.91177
33.6503071,-117.925297
33.6393542,-117.9180208
33.639297,-117.927986
33.623966,-117.906715
33.643078,-117.93009
33.628475,-117.9082
33.63927,-117.92956
33.6568662,-117.9172009
33.6503285,-117.9262961
33.648304,-117.92167
33.63029,-117.91815
33.6522374,-117.9178478
33.6423673,-117.9203827
33.625816,-117.9117
33.625847,-117.91093
33.62594,-117.91156
33.6436444,-117.9285158
33.62601,-117.91054
33.656082,-117.93215
33.656334,-117.92759
33.657566,-117.924034
33.628475,-117.9082
33.62785,-117.91
33.6426,-117.91813
33.6427916,-117.9283004
33.657405,-117.918706
33.6412543,-117.9365366
33.64231,-117.93441
33.657406,-117.91871
33.65613556,-117.9071198
33.6474419,-117.9222157
33.625645,-117.911125
33.65212,-117.93165
33.638832,-117.92939
33.6508771,-117.9105724
33.6520077,-117.9095837
33.625782,-117.907166
33.63416,-117.91659
33.656868,-117.9172
33.6456497,-117.9156339
33.6541,-117.921135
33.639297,-117.927986
33.64958572,-117.9285736
33.657345,-117.90471
33.6399971,-117.9193805
33.6510895,-117.9202157
33.656204,-117.91825
33.657288,-117.93192
33.65729,-117.93174
33.657405,-117.918706
33.6389165,-117.9214976
33.6356866,-117.9204234
33.633062,-117.9270308
33.6573685,-117.9292632
33.628506,-117.90915
33.636887,-117.92411
33.654404,-117.9170303
33.624355,-117.90856
33.65088,-117.93239
33.65408,-117.92114
33.643177,-117.9247925
33.6331709,-117.9217989
33.6554892,-117.9297286
33.6472386,-117.9182168
33.639297,-117.927986
33.6559952,-117.9071728
33.65407879,-117.9211424
33.642704,-117.91873
33.655552,-117.928085
33.657405,-117.918706
33.656868,-117.9172
33.657552,-117.90411
33.650883,-117.91234
33.648426,-117.91489
33.645676,-117.92968
33.65009,-117.911385
33.642982,-117.93584
33.642094,-117.918724
33.641933,-117.91846
33.64282,-117.934074
33.6521012,-117.9088284
33.6428193,-117.9186145
33.643703,-117.92296
33.628475,-117.9082
33.656334,-117.92759
33.6499579,-117.9297058
33.63188,-117.91236
33.645103,-117.91936
33.6428727,-117.9193164
33.656815,-117.91866
33.64267,-117.93386
33.655487,-117.92915
33.64287186,-117.9193192
33.64744,-117.92222
33.643692,-117.93244
33.656868,-117.9172
33.6403428,-117.9221969
33.642298,-117.9347629
33.642094,-117.918724
33.65724,-117.92322
33.65277863,-117.9235916
33.6427944,-117.923756
33.6278485,-117.910002
33.6484252,-117.9148881
33.657658,-117.91683
33.6544963,-117.9318247
33.6563858,-117.9297311
33.6565033,-117.9197476
33.636116,-117.92124
33.63188,-117.91236
33.6427916,-117.9283004
33.6562807,-117.907565
33.6540768,-117.9211357
33.639297,-117.927986
33.631886,-117.91232
33.6546437,-117.9196377
33.641815,-117.92356
33.6474419,-117.9222157
33.63416,-117.91659
33.656082,-117.93215
33.6393542,-117.9180208
33.654579,-117.918204
33.6337354,-117.9147317
33.6431458,-117.9212336
33.642094,-117.918724
33.65702,-117.92808
33.64744,-117.92222
33.6426215,-117.9328636
33.6381481,-117.9303236
33.6474419,-117.9222157
33.637775,-117.92859
33.6564652,-117.9187366
33.6505163,-117.932334
33.639957,-117.9287577
33.65733,-117.904686
33.6425997,-117.9181264
33.65628,-117.9318
33.654579,-117.918204
33.642925,-117.92721
33.644775,-117.920074
33.62531,-117.91061
33.636887,-117.92411
33.642094,-117.918724
33.632263,-117.914734
33.626026,-117.9117
33.634523,-117.9203653
33.62594,-117.91156
33.628506,-117.90915
33.625645,-117.911125
33.656338,-117.92258
33.643812,-117.9280396
33.652252,-117.91868
33.6298688,-117.9154001
33.656082,-117.93215
33.64231,-117.93441
33.6546437,-117.9196377
33.657566,-117.924034
33.6389165,-117.9214976
33.62594,-117.91156
33.63927,-117.92956
33.625847,-117.91093
33.632774,-117.9272
33.65702,-117.92808
33.634117,-117.920944
33.65733,-117.904686
33.62531,-117.91061
33.65726,-117.922
33.644737,-117.91857
33.64693,-117.92069
33.6431458,-117.9212336
33.657288,-117.93192
33.625782,-117.907166
33.6503285,-117.9262961
33.6456497,-117.9156339
33.62587,-117.91177
33.6568662,-117.9172009
33.657658,-117.91683
33.6382,-117.93101
33.635056,-117.917625
33.655422,-117.93194
33.657566,-117.924034
33.6510895,-117.9202157
33.6427944,-117.923756
33.6423,-117.93476
33.633366,-117.916855
33.63815,-117.93032
33.633363,-117.91565
33.6540768,-117.9211357
33.657406,-117.91871
33.6474419,-117.9222157
33.64339066,-117.9310684
33.634144,-117.91467
33.6427653,-117.9204148
33.642616,-117.91875
33.63188,-117.91236
33.632774,-117.9272
33.657288,-117.93129
33.6573685,-117.9292632
33.642616,-117.91875
33.6417802,-117.9351348
33.64958572,-117.9285736
33.65049,-117.92296
33.657085,-117.908066
33.648304,-117.92167
33.6503071,-117.925297
33.657405,-117.918706
33.65682983,-117.9143982
33.638622,-117.93172
33.65033,-117.92629
33.6499925,-117.9301405
33.62531,-117.91061
33.65284,-117.92254
33.657555,-117.90719
33.62594,-117.91156
33.6560804,-117.93215
33.625782,-117.907166
33.65033,-117.92629
33.6559952,-117.9071728
33.64744,-117.92222
33.6503285,-117.9262961
33.6374348,-117.921656
33.632515,-117.91674
33.65665,-117.9187
33.6384,-117.92673
33.625645,-117.911125
33.643124,-117.92232
33.625237,-117.91018
33.634495,-117.92164
33.626602,-117.910995
33.628468,-117.9082
33.657658,-117.91683
33.640774,-117.94015
33.65628,-117.9318
33.6325423,-117.9271575
33.63449478,-117.9216385
33.656082,-117.93215
33.63815,-117.93032
33.64789,-117.92968
33.6573685,-117.9292632
33.657566,-117.924034
33.64282,-117.91862
33.6561974,-117.9190564
33.6568662,-117.9172009
33.640729,-117.9401194
33.63906,-117.92803
33.648643,-117.921646
33.656513,-117.91868
33.648643,-117.921646
33.63188,-117.91236
33.64958572,-117.9285736
33.6568662,-117.9172009
33.6428193,-117.9340719
33.656868,-117.9172
33.657566,-117.924034
33.628277,-117.91248
33.62465,-117.91271
33.6440898,-117.9255409
33.625946,-117.91188
33.626026,-117.9117
33.6436856,-117.9312154
33.636,-117.92146
33.625782,-117.907166
33.644775,-117.920074
33.657405,-117.918706
33.62594,-117.91156
33.656555,-117.922966
33.6503285,-117.9262961
33.625645,-117.911125
33.648304,-117.92167
33.633816,-117.93512
33.65707,-117.92543
33.656868,-117.9172
33.6474419,-117.9222157
33.650677,-117.927704
33.6502414,-117.9245111
33.6474419,-117.9222157
33.6357678,-117.9337503
33.6325132,-117.9167399
33.63959,-117.92711
33.641815,-117.9343256
33.65683,-117.9144
33.657566,-117.924034
33.657288,-117.93192
33.6472386,-117.9182168
33.640774,-117.94015
33.657288,-117.93129
33.65628,-117.9318
33.631886,-117.91232
33.632774,-117.9272
33.63455,-117.92042
33.636887,-117.92411
33.64237,-117.92038
33.64231,-117.93441
33.6503285,-117.9262961
33.625782,-117.907166
33.627647,-117.9097
33.625645,-117.911125
33.642742,-117.92024
33.6558235,-117.9286194
33.657405,-117.918706
33.6573685,-117.9292632
33.63409,-117.9181721
33.64744,-117.92222
33.643703,-117.92296
33.6382,-117.93101
33.641956,-117.92033
33.657406,-117.91871
33.6573685,-117.9292632
33.626663,-117.90885
33.65729,-117.93174
33.6558712,-117.9187667
33.62638,-117.91042
33.62594,-117.91156
33.6540768,-117.9211357
33.63413,-117.92585
33.6441001,-117.9324874
33.655552,-117.928085
33.626026,-117.9117
33.641815,-117.9343256
33.62594,-117.91156
33.656868,-117.9172
33.63927,-117.92956
33.644802,-117.929634
33.62594,-117.91156
33.6474419,-117.9222157
33.641888,-117.92222
33.653496,-117.92248
33.6456497,-117.9156339
33.644775,-117.920074
33.6428193,-117.9186145
33.6410511,-117.9319726
33.625847,-117.91093
33.64231,-117.93441
33.657406,-117.91871
33.636887,-117.92411
33.63286,-117.9270719
33.656452,-117.917076
33.65212,-117.93165
33.64575,-117.91812
33.65719,-117.93197
33.6479867,-117.9132086
33.6568662,-117.9172009
33.64822,-117.92171
33.643703,-117.92296
33.623966,-117.906715
33.62678,-117.91163
33.656933,-117.93098
33.632774,-117.9272
33.656082,-117.93215
33.6440898,-117.9255409
33.6423,-117.93476
33.632977,-117.9168
33.657288,-117.93192
33.656425,-117.93193
33.65726,-117.922
33.656425,-117.93193
33.657394,-117.92868
33.62594,-117.91156
33.639297,-117.927986
33.63029,-117.91815
33.640728,-117.94012
33.626663,-117.90885
33.655956,-117.92964
33.655422,-117.93194
33.648304,-117.92167
33.6426,-117.91813
33.648285,-117.92454
33.652206,-117.93274
33.6573685,-117.9292632
33.65082,-117.93188
33.652428,-117.930046
33.63815,-117.93032
33.6382,-117.93101
33.625782,-117.907166
33.6367251,-117.9246408
33.655403,-117.90685
33.646492,-117.93243
33.6474419,-117.9222157
33.62594,-117.91156
33.642723,-117.94266
33.643078,-117.93009
33.625847,-117.91093
33.626575,-117.91003
33.655304,-117.906685
33.657405,-117.918706
33.6426,-117.91813
33.6456497,-117.9156339
33.65033,-117.92629
33.656082,-117.93215
33.65726,-117.922
33.656868,-117.9172
33.62594,-117.91156
33.6540768,-117.9211357
33.657288,-117.93192
33.6544963,-117.9318247
33.6431458,-117.9212336
33.64958572,-117.9285736
33.657566,-117.924034
33.650345,-117.926315
33.635685,-117.920425
33.644775,-117.920074
33.63927,-117.92956
33.6503285,-117.9262961
33.6423,-117.93476
33.642952,-117.9296
33.64178,-117.935135
33.625645,-117.911125
33.64237,-117.92038
33.6561763,-117.9202252
33.63029,-117.91815
33.63691,-117.92141
33.641815,-117.92356
33.637775,-117.92859
33.640774,-117.94015
33.62768,-117.91022
33.6503071,-117.925297
33.654076,-117.921135
33.657658,-117.91683
33.654076,-117.921135
33.65545,-117.919525
33.65522,-117.906784
33.6427047,-117.918732
33.6237283,-117.9071828
33.640774,-117.94015
33.6474419,-117.9222157
33.638657,-117.931015
33.62592,-117.91184
33.64231,-117.93441
33.65646362,-117.9187393
33.6474419,-117.9222157
33.656933,-117.93098
33.637775,-117.92859
33.63691,-117.92141
33.636887,-117.92411
33.64231,-117.93441
33.6463408,-117.9296356
33.6479867,-117.9132086
33.65522,-117.906784
33.657658,-117.91683
33.65332794,-117.9231033
33.630604,-117.91447
33.6361455,-117.9212158
33.639297,-117.927986
33.654568,-117.918434
33.657552,-117.90411
33.6427653,-117.9204148
33.65522,-117.906784
33.6427706,-117.9194724
33.65686798,-117.9171982
33.631718,-117.914696
33.642704,-117.91873
33.6381481,-117.9303236
33.65747,-117.90628
33.63452,-117.920364
33.650787,-117.914024
33.632554,-117.91527
33.6479867,-117.9132086
33.65726,-117.922
33.65682983,-117.9143982
33.6284118,-117.90925
33.641354,-117.91922
33.649586,-117.92857
33.654503,-117.918686
33.6558235,-117.9286194
33.638622,-117.93172
33.63672638,-117.9246445
33.63815,-117.93032
33.6344223,-117.9185257
33.6430224,-117.9356873
33.65683,-117.9144
33.6479867,-117.9132086
33.65665,-117.9187
33.656082,-117.93215
33.64231,-117.93441
33.6499925,-117.9301405
33.6438292,-117.9224058
33.6479867,-117.9132086
33.654568,-117.918434
33.630756,-117.91155
33.634758,-117.91427
33.654076,-117.921135
33.6436398,-117.9295227
33.641956,-117.92033
33.641956,-117.92033
33.6474419,-117.9222157
33.64877,-117.92169
33.6563858,-117.9297311
33.64231,-117.93441
33.6559198,-117.9071993
33.65332794,-117.9231033
33.656425,-117.93193
33.641354,-117.91922
33.63188,-117.91236
33.631886,-117.91232
33.6404037,-117.9200686
33.639297,-117.927986
33.648643,-117.921646
33.656338,-117.92258
33.63691,-117.92141
33.656452,-117.917076
33.63354,-117.917336
33.641197,-117.930046
33.6419563,-117.9203276
33.6486577,-117.9138754
33.649483,-117.93041
33.639526,-117.927444
33.6540768,-117.9211357
33.6423673,-117.9203827
33.650917,-117.92021
33.638622,-117.93172
33.64018,-117.93174
33.650955,-117.9071
33.6349,-117.92042
33.657406,-117.91871
33.6456497,-117.9156339
33.6345479,-117.9204163
33.644802,-117.929634
33.63691,-117.92141
33.631886,-117.91232
33.6472386,-117.9182168
33.657406,-117.91871
33.652252,-117.91868
33.6544963,-117.9318247
33.656082,-117.93215
33.655575,-117.91941
33.643105,-117.93672
33.655285,-117.91708
33.65226,-117.926796
33.657326,-117.9275
33.638565,-117.92877
33.640835,-117.92158
33.6422837,-117.9330925
33.65332794,-117.9231033
33.627197,-117.911514
33.657288,-117.93129
33.655285,-117.91708
33.6503071,-117.925297
33.63959,-117.92711
33.6496207,-117.9329781
33.63815,-117.93032
33.637535,-117.91701
33.62655,-117.91005
33.643078,-117.93009
33.62594,-117.91156
33.6389165,-117.9214976
33.641354,-117.91922
33.65628,-117.9318
33.6474419,-117.9222157
33.655956,-117.92964
33.6436822,-117.9314023
33.6573436,-117.9047124
33.64012909,-117.9194183
33.639297,-117.927986
33.6345479,-117.9204163
33.643406,-117.931984
33.642616,-117.91875
33.6573685,-117.9292632
33.644802,-117.929634
33.6419563,-117.9203276
33.639957,-117.9287577
33.654076,-117.921135
33.62594,-117.91156
33.657658,-117.91683
33.632515,-117.91674
33.6408361,-117.9215776
33.64789,-117.92968
33.63856,-117.929
33.62884,-117.90919
33.63416,-117.91659
33.6573685,-117.9292632
33.652264,-117.918655
33.625782,-117.907166
33.657566,-117.924034
33.63264,-117.90426
33.642082,-117.9402
33.625645,-117.911125
33.633816,-117.93512
33.63911,-117.93002
33.6556236,-117.9283556
33.6284118,-117.90925
33.644775,-117.920074
33.646572,-117.927986
33.64958572,-117.9285736
33.639297,-117.927986
33.657406,-117.91871
33.65033,-117.92629
33.643105,-117.93672
33.648304,-117.92167
33.64282,-117.91862
33.655212,-117.916046
33.634327,-117.916245
33.6554013,-117.9068533
33.6516205,-117.9275096
33.657326,-117.9275
33.6503285,-117.9262961
33.6563531,-117.929679
33.6369602,-117.9222288
33.64095,-117.929405
33.6426,-117.91813
33.6520077,-117.9095837
33.65683,-117.9144
33.656082,-117.93215
33.6572874,-117.9319254
33.643105,-117.93672
33.651287,-117.91327
33.655823,-117.92862
33.63815,-117.93032
33.643078,-117.93009
33.650345,-117.926315
33.6568662,-117.9172009
33.63188,-117.91236
33.656933,-117.93098
33.6549969,-117.9206189
33.6256443,-117.9111278
33.65628,-117.9318
33.623657,-117.90744
33.648304,-117.92167
33.625782,-117.907166
33.62811,-117.91078
33.6552195,-117.9067861
33.657405,-117.918706
33.62594,-117.91156
33.6479867,-117.9132086
33.625645,-117.911125
33.6367251,-117.9246408
33.656452,-117.917076
33.657288,-117.93192
33.6325132,-117.9167399
33.63029099,-117.9181519
33.6556236,-117.9283556
33.644775,-117.920074
33.6361,-117.92045
33.63844,-117.92083
33.6263971,-117.9110502
33.655956,-117.92964
33.65724,-117.92322
33.647472,-117.923645
33.639618,-117.93802
33.652122,-117.930786
33.642296,-117.93444
33.657405,-117.918706
33.6422577,-117.9347629
33.65522,-117.906784
33.657677,-117.91685
33.626575,-117.91003
33.62687,-117.90911
33.642082,-117.9402
33.64958572,-117.9285736
33.6474419,-117.9222157
33.65212,-117.93165
33.6429,-117.918076
33.6505163,-117.932334
33.657406,-117.91871
33.6508274,-117.9104467
33.6552195,-117.9067861
33.6510895,-117.9202157
33.644802,-117.929634
33.657566,-117.924034
33.6503071,-117.925297
33.6345479,-117.9204163
33.657345,-117.90471
33.6426,-117.91813
33.65729,-117.93174
33.625645,-117.911125
33.642616,-117.91875
33.656868,-117.9172
33.6479867,-117.9132086
33.652138,-117.920525
33.6449952,-117.928228
33.65332794,-117.9231033
33.642277,-117.93443
33.657406,-117.91871
33.65522,-117.906784
33.63911,-117.93002
33.657405,-117.918706
33.65522,-117.906784
33.65436,-117.91707
33.625645,-117.911125
33.6426,-117.91813
33.6428193,-117.9186145
33.6573685,-117.9292632
33.65742,-117.92443
33.6540768,-117.9211357
33.65724,-117.93154
33.648304,-117.92167
33.65683,-117.9144
33.654076,-117.921135
33.6560804,-117.93215
33.655552,-117.928085
33.6427916,-117.9283004
33.63844,-117.92083
33.6456497,-117.9156339
33.62594,-117.91156
33.655975,-117.9316
33.654076,-117.921135
33.657345,-117.90471
33.65522,-117.906784
33.643078,-117.93009
33.6328792,-117.9272537
33.642082,-117.9402
33.62734,-117.910065
33.6375642,-117.9227789
33.656868,-117.9172
33.656082,-117.93215
33.640728,-117.94012
33.646572,-117.927986
33.6576571,-117.9168285
33.6559198,-117.9071993
33.625782,-117.907166
33.62594,-117.91156
33.642616,-117.91875
33.65628,-117.9318
33.657516,-117.92757
33.65212,-117.93165
33.657288,-117.93192
33.650345,-117.926315
33.62655,-117.91005
33.6503285,-117.9262961
33.639297,-117.927986
33.657658,-117.91683
33.657505,-117.93175
33.655647,-117.91841
33.636887,-117.92411
33.656933,-117.93098
33.654217,-117.92277
33.6426,-117.91813
33.62785,-117.91
33.638622,-117.93172
33.62594,-117.91156
33.6482358,-117.9292751
33.6427944,-117.923756
33.62594,-117.91156
33.63927,-117.92956
33.63416,-117.91659
33.65726,-117.922
33.6479891,-117.9131981
33.656082,-117.93215
33.64719,-117.92316
33.650345,-117.926315
33.6259376,-117.9115583
33.6479891,-117.9131981
33.653767,-117.91844
33.644867,-117.93245
33.648304,-117.92167
33.64226,-117.93259
33.65212,-117.93165
33.639297,-117.927986
33.631424,-117.91359
33.640366,-117.930786
33.6422755,-117.9345741
33.646675,-117.92014
33.631718,-117.914696
33.65628,-117.9318
33.654076,-117.921135
33.6546437,-117.9196377
33.62594,-117.91156
33.63911,-117.93002
33.643284,-117.93143
33.657566,-117.924034
33.626026,-117.9117
33.639297,-117.927986
33.642277,-117.93443
33.625782,-117.907166
33.636,-117.92146
33.64822,-117.92171
33.64311,-117.934074
33.656868,-117.9172
33.63452,-117.920364
33.6573685,-117.9292632
33.657566,-117.924034
33.642082,-117.9402
33.657326,-117.9275
33.625645,-117.911125
33.654076,-117.921135
33.6503285,-117.9262961
33.646572,-117.927986
33.6329535,-117.9178938
33.637775,-117.92859
33.626984,-117.910416
33.6568662,-117.9172009
33.655956,-117.92964
33.6503663,-117.9221953
33.642277,-117.93443
33.6510895,-117.9202157
33.657288,-117.93129
33.626575,-117.91003
33.6540768,-117.9211357
33.628506,-117.90915
33.642273,-117.934784
33.625847,-117.91093
33.644802,-117.929634
33.62806,-117.911156
33.65685,-117.90537
33.65332794,-117.9231033
33.657658,-117.91683
33.6499925,-117.9301405
33.641956,-117.92033
33.657368,-117.92926
33.657552,-117.90411
33.6482216,-117.9217055
33.64279,-117.9283
33.657883,-117.90355
33.644802,-117.929634
33.64298,-117.93634
33.656868,-117.9172
33.631884,-117.9123223
33.637535,-117.91701
33.640366,-117.930786
33.654361,-117.9170713
33.6559198,-117.9071993
33.6499925,-117.9301405
33.64719,-117.92316
33.6422743,-117.9347811
33.626663,-117.90885
33.639297,-117.927986
33.635857,-117.9227
33.639496,-117.93815
33.634523,-117.9203653
33.638622,-117.93172
33.639297,-117.927986
33.657658,-117.91683
33.639297,-117.927986
33.631718,-117.914696
33.657326,-117.9275
33.6427916,-117.9283004
33.64279,-117.9283
33.640404,-117.92007
33.626663,-117.90885
33.65095,-117.91941
33.656868,-117.9172
33.643654,-117.92102
33.656815,-117.91866
33.656868,-117.9172
33.64368,-117.93099
33.648243,-117.920494
33.636,-117.92146
33.6426,-117.91813
33.631107,-117.913605
33.638622,-117.93172
33.64912,-117.93016
33.6412543,-117.9365366
33.636215,-117.919464
33.653496,-117.92248
33.656868,-117.9172
33.648426,-117.91489
33.652252,-117.91868
33.65596,-117.907166
33.6365081,-117.9228635
33.6437018,-117.9229592
33.657658,-117.91683
33.64262,-117.93286
33.6426215,-117.9328636
33.649143,-117.9235753
33.6382,-117.93135
33.626453,-117.9067
33.65747,-117.90628
33.65522,-117.906784
33.653664,-117.92354
33.634327,-117.916245
33.632515,-117.91674
33.657406,-117.91871
33.6521198,-117.9316508
33.65522,-117.906784
33.6552195,-117.9067861
33.6559198,-117.9071993
33.639957,-117.9287577
33.6426,-117.91813
33.631886,-117.91232
33.6403428,-117.9221969
33.63637,-117.9363
33.656082,-117.93215
33.6431497,-117.9390191
33.633503,-117.927864
33.637775,-117.92859
33.6573685,-117.9292632
33.627483,-117.90829
33.636726,-117.924644
33.6418764,-117.9222156
33.65522,-117.906784
33.65665,-117.9187
33.6540768,-117.9211357
33.645107,-117.91936
33.65649,-117.9215
33.633816,-117.93512
33.6474419,-117.9222157
33.63188,-117.91236
33.6431458,-117.9212336
33.644802,-117.929634
33.656868,-117.9172
33.657406,-117.91871
33.6426,-117.91813
33.6426,-117.91813
33.636517,-117.92289
33.655422,-117.93194
33.64016,-117.932755
33.657406,-117.91871
33.647045,-117.93416
33.656868,-117.9172
33.6482216,-117.9217055
33.637897,-117.920425
33.65226,-117.926796
33.657406,-117.91871
33.6420377,-117.9326253
33.6479891,-117.9131981
33.657326,-117.9275
33.656082,-117.93215
33.645103,-117.91936
33.633816,-117.93512
33.656113,-117.92782
33.657406,-117.91871
33.6499925,-117.9301405
33.650394,-117.934204
33.652008,-117.909584
33.6427387,-117.9282514
33.65126,-117.91304
33.636726,-117.924644
33.6486577,-117.9138754
33.62785,-117.91
33.6546437,-117.9196377
33.6540768,-117.9211357
33.62594,-117.91156
33.657505,-117.93175
33.6573685,-117.9292632
33.64298,-117.93634
33.645844,-117.92652
33.6552843,-117.9170872
33.639297,-117.927986
33.6335428,-117.9173338
33.657406,-117.91871
33.6521198,-117.9316508
33.6573953,-117.9187214
33.6426171,-117.9187478
33.634457,-117.93257
33.6479891,-117.9131981
33.654404,-117.91703
33.6430762,-117.9244101
33.656868,-117.9172
33.656868,-117.9172
33.62594,-117.91156
33.640774,-117.94015
33.657288,-117.93129
33.6479984,-117.9244717
33.650345,-117.926315
33.63416,-117.91659
33.655403,-117.90685
33.6552195,-117.9067861
33.657405,-117.918706
33.6442191,-117.9192586
33.643177,-117.92479
33.626545,-117.907326
33.625782,-117.907166
33.63959,-117.92711
33.6474419,-117.9222157
33.6517619,-117.9186727
33.6547286,-117.9080292
33.632465,-117.92625
33.657288,-117.93192
33.64496,-117.929306
33.6510895,-117.9202157
33.657566,-117.924034
33.62785,-117.91
33.637775,-117.92859
33.6422743,-117.9347811
33.6389165,-117.9214976
33.6284109,-117.9096228
33.633816,-117.93512
33.645706,-117.915794
33.626305,-117.90973
33.635857,-117.9227
33.63354,-117.917336
33.625645,-117.911125
33.6565033,-117.9197476
33.657406,-117.91871
33.6427944,-117.9237586
33.6572768,-117.928676
33.642952,-117.9296
33.657658,-117.91683
33.63354,-117.917336
33.65033,-117.92629
33.656338,-117.92258
33.64912,-117.93016
33.627537,-117.91037
33.646645,-117.93013
33.641342,-117.9326
33.656113,-117.92782
33.653664,-117.92354
33.645103,-117.91936
33.6456497,-117.9156339
33.646572,-117.927986
33.642277,-117.93443
33.63416,-117.91659
33.6395924,-117.9271062
33.6565,-117.91975
33.654076,-117.921135
33.654415,-117.91863
33.65522,-117.906784
33.65751,-117.93155
33.636887,-117.92411
33.6437633,-117.9200473
33.656868,-117.9172
33.6479891,-117.9131981
33.6540768,-117.9211357
33.6491157,-117.9235774
33.639297,-117.927986
33.6561974,-117.9190564
33.657406,-117.91871
33.657566,-117.924034
33.641354,-117.91922
33.644997,-117.92823
33.65628,-117.9318
33.647255,-117.92359
33.638573,-117.928604
33.643703,-117.92296
33.646675,-117.92014
33.62655,-117.91005
33.63911,-117.93002
33.6423673,-117.9203827
33.625645,-117.911125
33.642273,-117.934784
33.6479891,-117.9131981
33.657562,-117.92453
33.652138,-117.920525
33.650345,-117.926315
33.642083,-117.940197
33.640507,-117.93098
33.643078,-117.93009
33.643746,-117.9311474
33.62684,-117.91283
33.656513,-117.91868
33.6474419,-117.9222157
33.6499925,-117.9301405
33.628031,-117.9085628
33.6568662,-117.9172009
33.655422,-117.93194
33.62594,-117.91156
33.656868,-117.9172
33.644775,-117.920074
33.63959,-117.92711
33.648643,-117.921646
33.654415,-117.91863
33.637535,-117.91701
33.6392974,-117.927841
33.657406,-117.91871
33.62531,-117.91061
33.63929,-117.928375
33.625847,-117.91093
33.632774,-117.9272
33.648014,-117.92137
33.6368885,-117.9241066
33.643105,-117.93672
33.657326,-117.9275
33.657405,-117.918706
33.65436,-117.91707
33.625893,-117.91181
33.642975,-117.92961
33.639297,-117.927986
33.656082,-117.93215
33.642094,-117.918724
33.650345,-117.926315
33.62594,-117.91156
33.639297,-117.927986
33.640774,-117.94015
33.6479867,-117.9132086
33.625782,-117.907166
33.640774,-117.94015
33.6474419,-117.9222157
33.6479891,-117.9131981
33.638668,-117.92562
33.639297,-117.927986
33.656513,-117.91868
33.6576115,-117.9083295
33.631886,-117.91232
33.648346,-117.91488
33.655827,-117.91992
33.657405,-117.918706
33.642277,-117.93443
33.639286,-117.92863
33.652023,-117.931885
33.654152,-117.9188
33.638668,-117.92562
33.64822,-117.92171
33.656082,-117.93215
33.640774,-117.94015
33.63188,-117.91236
33.636517,-117.92289
33.638165,-117.93137
33.625767,-117.905525
33.65726,-117.922
33.657406,-117.91871
33.643143,-117.93597
33.6503285,-117.9262961
33.6472386,-117.9182168
33.625645,-117.911125
33.657405,-117.918706
33.65522,-117.906784
33.6568662,-117.9172009
33.65126,-117.91304
33.627483,-117.90829
33.62594,-117.91156
33.642616,-117.91875
33.625782,-117.907166
33.638668,-117.92562
33.657627,-117.93215
33.657288,-117.93129
33.6368885,-117.9241066
33.63929,-117.928375
33.657265,-117.90483
33.657326,-117.9275
33.631718,-117.914696
33.656868,-117.9172
33.62638,-117.91042
33.63416,-117.91659
33.6540768,-117.9211357
33.650345,-117.926315
33.626575,-117.91003
33.63844,-117.92083
33.65522,-117.906784
33.6259376,-117.9115583
33.638622,-117.93172
33.64279,-117.9283
33.64298,-117.93634
33.6499925,-117.9301405
33.650345,-117.926315
33.647865,-117.92102
33.6422755,-117.9345741
33.657658,-117.91683
33.64704,-117.93393
33.6251479,-117.9107658
33.65429,-117.91032
33.638668,-117.92562
33.650455,-117.922424
33.6560804,-117.93215
33.640366,-117.930786
33.65226,-117.926796
33.6418637,-117.9342845
33.6499925,-117.9301405
33.6431458,-117.9212336
33.6575651,-117.9240321
33.634617,-117.92179
33.639297,-117.927986
33.62594,-117.91156
33.657528,-117.92951
33.6568662,-117.9172009
33.65212,-117.93165
33.6256443,-117.9111278
33.626984,-117.910416
33.647865,-117.92102
33.656868,-117.9172
33.626663,-117.90885
33.64012909,-117.9194183
33.642975,-117.92961
33.657288,-117.93192
33.6573729,-117.929271
33.6479891,-117.9131981
33.6474419,-117.9222157
33.6474419,-117.9222157
33.6540768,-117.9211357
33.63844,-117.92083
33.6567,-117.92264
33.63416,-117.91659
33.657658,-117.91683
33.6568662,-117.9172009
33.64496,-117.929306
33.65332794,-117.9231033
33.632515,-117.91674
33.6503285,-117.9262961
33.655266,-117.91765
33.65033,-117.92629
33.6456497,-117.9156339
33.626663,-117.90885
33.645847,-117.925766
33.62665,-117.91143
33.648643,-117.921646
33.655956,-117.92255
33.6426,-117.91813
33.657658,-117.91683
33.642616,-117.91875
33.654076,-117.921135
33.638123,-117.93009
33.62656,-117.91005
33.6563354,-117.9204873
33.632515,-117.91674
33.6559603,-117.907166
33.639297,-117.927986
33.638123,-117.93009
33.657658,-117.91683
33.636,-117.92146
33.6573729,-117.929271
33.6521012,-117.9088284
33.6426,-117.91813
33.6567,-117.92264
33.65458,-117.918205
33.637375,-117.91701
33.651287,-117.91327
33.6293681,-117.9088204
33.6426,-117.91813
33.641354,-117.91922
33.63265991,-117.9098587
33.65522,-117.906784
33.6413543,-117.9192207
33.639297,-117.927986
33.6456497,-117.9156339
33.6502414,-117.9245111
33.65212,-117.93165
33.65579,-117.91854
33.65733,-117.904686
33.643177,-117.9247925
33.655285,-117.91708
33.62841,-117.90962
33.634144,-117.91467
33.63911,-117.93002
33.6431458,-117.9212336
33.626663,-117.90885
33.6560804,-117.93215
33.655285,-117.91708
33.6427916,-117.9283004
33.641956,-117.92033
33.65126,-117.91304
33.64288,-117.92927
33.6255642,-117.9072913
33.64181519,-117.9347229
33.628475,-117.9082
33.6427916,-117.9283004
33.639297,-117.927986
33.645847,-117.925766
33.6304523,-117.9177551
33.631813,-117.91466
33.6428193,-117.9186145
33.637775,-117.92859
33.6568662,-117.9172009
33.644802,-117.929634
33.64426,-117.91858
33.631718,-117.914696
33.6499925,-117.9301405
33.63188,-117.91236
33.6560804,-117.93215
33.64314,-117.9297
33.6573729,-117.929271
33.6328,-117.92831
33.638622,-117.93172
33.6559198,-117.9071993
33.656868,-117.9172
33.643078,-117.93009
33.65682983,-117.9143982
33.643646,-117.9185
33.6284118,-117.90925
33.65226,-117.926796
33.636826,-117.917015
33.657552,-117.90411
33.6395924,-117.9271062
33.6510895,-117.9202157
33.6496434,-117.9116518
33.657405,-117.918706
33.6559198,-117.9071993
33.640953,-117.92353
33.632954,-117.91789
33.64262,-117.93286
33.657658,-117.91683
33.648373,-117.91489
33.65212,-117.93165
33.643066,-117.927284
33.655254,-117.91169
33.65726,-117.922
33.631886,-117.91232
33.657406,-117.91871
33.6564528,-117.9170725
33.639297,-117.927986
33.638668,-117.92562
33.640343,-117.922195
33.65592,-117.907196
33.6419563,-117.9203276
33.641956,-117.92033
33.642616,-117.91875
33.643177,-117.92479
33.657326,-117.9275
33.6559198,-117.9071993
33.6504097,-117.915947
33.644802,-117.929634
33.65646362,-117.9187393
33.6426,-117.91813
33.646736,-117.92748
33.64744,-117.92222
33.6573729,-117.929271
33.64288,-117.92927
33.641956,-117.92033
33.656082,-117.93215
33.631886,-117.91232
33.65242,-117.93054
33.64288,-117.92927
33.63188,-117.91236
33.6540768,-117.9211357
33.634523,-117.9203653
33.65126,-117.91304
33.657406,-117.91871
33.651463,-117.92796
33.64288,-117.92927
33.65522,-117.906784
33.655827,-117.91992
33.657326,-117.9275
33.653496,-117.92248
33.63016,-117.91199
33.636726,-117.924644
33.6558741,-117.9283938
33.65683,-117.9144
33.64287,-117.91932
33.657405,-117.918706
33.631884,-117.9123223
33.63376,-117.91505
33.646736,-117.92748
33.643177,-117.9247925
33.656513,-117.91868
33.64265,-117.93334
33.6426,-117.92168
33.6456497,-117.9156339
33.641956,-117.92033
33.657406,-117.91871
33.64822,-117.92171
33.63815,-117.93032
33.65579,-117.91854
33.639297,-117.927986
33.63885,-117.92781
33.654404,-117.91703
33.6469815,-117.9207327
33.639297,-117.927986
33.640404,-117.92007
33.643967,-117.92806
33.633144,-117.91664
33.63266,-117.90986
33.64228,-117.93413
33.638123,-117.93009
33.6540768,-117.9211357
33.647865,-117.92102
33.652138,-117.920525
33.65722,-117.92323
33.6568662,-117.9172009
33.64409,-117.92554
33.642083,-117.940197
33.634415,-117.92154
33.64279,-117.9283
33.62841,-117.90962
33.656868,-117.9172
33.6549227,-117.9116972
33.654076,-117.921135
33.641956,-117.92033
33.626663,-117.90885
33.632554,-117.91527
33.64269,-117.93316
33.657552,-117.90411
33.64141,-117.923035
33.657326,-117.9275
33.65522,-117.906784
33.65522,-117.906784
33.65126,-117.91304
33.63274002,-117.9342575
33.626663,-117.90885
33.656178,-117.91957
33.636726,-117.924644
33.642616,-117.91875
33.6405783,-117.931552
33.632515,-117.91674
33.653496,-117.92248
33.639297,-117.927986
33.639297,-117.927986
33.65702,-117.92808
33.63188,-117.91236
33.643078,-117.93009
33.6284118,-117.90925
33.642616,-117.91875
33.64822,-117.92171
33.6560804,-117.93215
33.637535,-117.91701
33.6389165,-117.9214976
33.6482216,-117.9217055
33.63352,-117.91756
33.640774,-117.94015
33.6568662,-117.9172009
33.639297,-117.927986
33.64279,-117.9283
33.6388252,-117.9279938
33.654404,-117.91703
33.643177,-117.92479
33.636,-117.92146
33.65579,-117.91854
33.64704,-117.93393
33.644775,-117.920074
33.6436,-117.9275
33.64288,-117.92927
33.657406,-117.91871
33.6455413,-117.9279539
33.6437018,-117.9229592
33.6538986,-117.907362
33.63416,-117.91659
33.656868,-117.9172
33.626663,-117.90885
33.64262,-117.93286
33.643078,-117.92441
33.6441001,-117.9324874
33.6344223,-117.9185257
33.652252,-117.91868
33.639297,-117.927986
33.652252,-117.91868
33.6479867,-117.9132086
33.638123,-117.93009
33.654404,-117.91703
33.639297,-117.927986
33.6344223,-117.9185279
33.656868,-117.9172
33.631886,-117.91232
33.657326,-117.9275
33.639576,-117.9315916
33.643078,-117.92441
33.643703,-117.92296
33.633144,-117.91664
33.65212,-117.93165
33.635857,-117.9227
33.65729,-117.93174
33.6502414,-117.9245111
33.6293681,-117.9088204
33.657677,-117.91685
33.645428,-117.93173
33.633816,-117.93512
33.65702,-117.92808
33.644775,-117.920074
33.643578,-117.92744
33.641354,-117.91922
33.631886,-117.91232
33.638824,-117.92799
33.647865,-117.92102
33.6564587,-117.9226346
33.6573729,-117.929271
33.657658,-117.91683
33.639297,-117.927986
33.657326,-117.9275
33.6395924,-117.9271062
33.64121,-117.920654
33.6418764,-117.9222156
33.6566504,-117.9188562
33.65126,-117.91304
33.643654,-117.92102
33.63416,-117.91659
33.6482216,-117.9217055
33.626663,-117.90885
33.6431458,-117.9212336
33.648643,-117.921646
33.638565,-117.92877
33.639286,-117.92863
33.65702,-117.92808
33.655827,-117.93175
33.657326,-117.9275
33.65522,-117.906784
33.6530406,-117.9116627
33.639297,-117.927986
33.6549227,-117.9116972
33.638165,-117.93137
33.63844,-117.92083
33.6426,-117.91813
33.656406,-117.931305
33.656868,-117.9172
33.6418786,-117.9271237
33.64279,-117.9283
33.638622,-117.93172
33.6567,-117.92264
33.62841,-117.90962
33.6427916,-117.9283004
33.643654,-117.92102
33.6508771,-117.9105724
33.637775,-117.92859
33.6502414,-117.9245111
33.6521198,-117.9316508
33.63188,-117.91236
33.655487,-117.92915
33.63309,-117.932465
33.632515,-117.91674
33.6284118,-117.90925
33.639297,-117.927986
33.652008,-117.909584
33.6499925,-117.9301405
33.6401012,-117.9294836
33.638824,-117.92799
33.641354,-117.91922
33.626663,-117.90885
33.6521012,-117.9088284
33.6414094,-117.9230358
33.6431458,-117.9212336
33.6456497,-117.9156339
33.6573729,-117.929271
33.65522,-117.906784
33.6552195,-117.9067861
33.6573729,-117.929271
33.65226,-117.926796
33.6288528,-117.9101581
33.65126,-117.91304
33.65522,-117.906784
33.64266,-117.91778
33.6549227,-117.9116972
33.65212,-117.93165
33.644802,-117.929634
33.657223,-117.92808
33.655647,-117.91841
33.63416,-117.91659
33.643703,-117.92296
33.6356215,-117.9187509
33.657543,-117.927216
33.643078,-117.93237
33.65722,-117.92323
33.6324562,-117.9142526
33.650032,-117.93383
33.6395924,-117.9271062
33.625782,-117.907166
33.656452,-117.917076
33.6426,-117.91813
33.64287,-117.91932
33.6414094,-117.9230358
33.656815,-117.91866
33.65212,-117.93165
33.63844,-117.92083
33.6325132,-117.9167399
33.657326,-117.9275
33.6567,-117.92264
33.6286724,-117.914129
33.65702,-117.92808
33.639297,-117.927986
33.6568662,-117.9172009
33.654404,-117.91703
33.639297,-117.927986
33.639923,-117.93101
33.657494,-117.92941
33.634434,-117.92173
33.6482216,-117.9217055
33.652252,-117.91868
33.6324562,-117.9142526
33.6456497,-117.9156339
33.6549227,-117.9116972
33.649483,-117.93041
33.656868,-117.9172
33.650394,-117.934204
33.6481568,-117.9207968
33.6419563,-117.9203276
33.6526288,-117.9321052
33.65646362,-117.9187393
33.633816,-117.93512
33.6454078,-117.9192714
33.655647,-117.91841
33.639618,-117.93802
33.657223,-117.92808
33.656082,-117.93215
33.64178,-117.92953
33.64789,-117.92968
33.64385,-117.92369
33.643177,-117.92479
33.647865,-117.92102
33.644775,-117.920074
33.657406,-117.91871
33.631886,-117.91232
33.6445016,-117.9192716
33.657658,-117.91683
33.657658,-117.91683
33.63188,-117.91236
33.641354,-117.91922
33.649586,-117.92857
33.6540768,-117.9211357
33.643177,-117.9247925
33.6447749,-117.9200761
33.64228,-117.93413
33.6447741,-117.918674
33.636978,-117.9237405
33.64237,-117.92038
33.649586,-117.92857
33.657326,-117.9275
33.6540768,-117.9211357
33.644775,-117.920074
33.654404,-117.91703
33.65126,-117.91304
33.6573729,-117.929271
33.638165,-117.93137
33.655403,-117.90685
33.6284118,-117.90925
33.6568662,-117.9172009
33.63844,-117.92083
33.643078,-117.93009
33.657326,-117.9275
33.655285,-117.91708
33.6510895,-117.9202157
33.632515,-117.91674
33.639297,-117.927986
33.631886,-117.91232
33.65522,-117.906784
33.638824,-117.92799
33.652511,-117.908881
33.62841,-117.90962
33.632954,-117.91789
33.653793,-117.91863
33.639297,-117.927986
33.655403,-117.90685
33.6540768,-117.9211357
33.656788,-117.92198
33.6412543,-117.9365312
33.64744,-117.92222
33.656883,-117.92831
33.631886,-117.91232
33.6365153,-117.9228929
33.639088,-117.926765
33.63954,-117.92823
33.6499925,-117.9301405
33.6568662,-117.9172009
33.642036,-117.93478
33.625008,-117.9049
33.6540768,-117.9211357
33.6564528,-117.9170725
33.64265,-117.93334
33.656082,-117.93215
33.65244,-117.92852
33.6445016,-117.9192716
33.656868,-117.9172
33.638668,-117.92562
33.65073,-117.92053
33.631886,-117.91232
33.647865,-117.92102
33.65737,-117.92927
33.655827,-117.93175
33.6560804,-117.93215
33.6568662,-117.9172009
33.6468637,-117.9152195
33.656868,-117.9172
33.643078,-117.92441
33.641354,-117.91922
33.647472,-117.923645
33.656815,-117.91866
33.64281,-117.93377
33.6404002,-117.9353212
33.64822,-117.92171
33.6426897,-117.9331611
33.6345479,-117.9204163
33.631884,-117.9123223
33.633568,-117.91742
33.6530406,-117.9116627
33.6428193,-117.9186145
33.657166,-117.92442
33.6284118,-117.90925
33.627705,-117.908104
33.6428752,-117.9191459
33.640343,-117.922195
33.6426,-117.91813
33.65073,-117.92053
33.642765,-117.92042
33.6395924,-117.9271062
33.657677,-117.91685
33.644802,-117.929634
33.645775,-117.92785
33.6395924,-117.9271062
33.65242,-117.93054
33.633816,-117.93512
33.6521012,-117.9088284
33.6286724,-117.914129
33.638668,-117.92562
33.645103,-117.91936
33.626663,-117.90885
33.6426,-117.91813
33.639957,-117.9287577
33.6427228,-117.9426573
33.6568662,-117.9172009
33.6566504,-117.9188562
33.634422,-117.918526
33.635685,-117.920425
33.6540768,-117.9211357
33.641956,-117.92033
33.6499925,-117.9301405
33.6481568,-117.9207968
33.656876,-117.92867
33.638866,-117.92941
33.656868,-117.9172
33.641354,-117.91922
33.6469314,-117.9196639
33.6426,-117.91813
33.6530406,-117.9116627
33.6325132,-117.9167399
33.63188,-117.91236
33.65226,-117.926796
33.6409514,-117.9235335
33.6456497,-117.9156339
33.642273,-117.934784
33.6395924,-117.9271062
33.636,-117.92146
33.644997,-117.92823
33.63354,-117.917336
33.65647,-117.91804
33.653793,-117.91863
33.638824,-117.92799
33.644802,-117.929634
33.6510895,-117.9202157
33.657658,-117.91683
33.642616,-117.91875
33.6559952,-117.9071728
33.636726,-117.924644
33.6540768,-117.9211357
33.656406,-117.931305
33.653496,-117.92248
33.63815,-117.93032
33.639297,-117.927986
33.654404,-117.91703
33.639923,-117.928246
33.657562,-117.92453
33.633816,-117.93512
33.639297,-117.927986
33.632515,-117.91674
33.6540768,-117.9211357
33.62912,-117.90884
33.63059,-117.91301
33.645775,-117.92785
33.65126,-117.91304
33.65646362,-117.9187393
33.6499925,-117.9301405
33.639297,-117.927986
33.6419563,-117.9203276
33.62841,-117.90962
33.65579,-117.91854
33.6568662,-117.9172009
33.655888,-117.914314
33.657552,-117.90411
33.657406,-117.91871
33.656082,-117.93215
33.636,-117.92146
33.655586,-117.9186
33.63434601,-117.9184494
33.639297,-117.927986
33.633987,-117.93636
33.64718,-117.92312
33.648643,-117.921646
33.656513,-117.91868
33.63815,-117.93032
33.6499925,-117.9301405
33.656815,-117.91866
33.64698,-117.92073
33.6418345,-117.9222456
33.657562,-117.92453
33.654404,-117.91703
33.644775,-117.920074
33.65733,-117.904686
33.632954,-117.91789
33.6568662,-117.9172009
33.632553,-117.91527
33.642616,-117.91875
33.63698,-117.923744
33.639297,-117.927986
33.6566504,-117.9188562
33.6367251,-117.9246408
33.657223,-117.92808
33.63416,-117.91659
33.6429,-117.918076
33.6360031,-117.92146
33.643078,-117.93009
33.6437908,-117.9266113
33.657405,-117.918706
33.653793,-117.91863
33.6504977,-117.9274441
33.657658,-117.91683
33.65726,-117.922
33.626663,-117.90885
33.6284118,-117.90925
33.642822,-117.93681
33.643703,-117.92296
33.65683,-117.9144
33.6389165,-117.9214976
33.657406,-117.91871
33.639297,-117.927986
33.641956,-117.92033
33.643177,-117.92479
33.657405,-117.918706
33.6499925,-117.9301405
33.6524069,-117.932077
33.6441001,-117.9324874
33.639923,-117.93101
33.6427002,-117.9333649
33.65702,-117.92808
33.6566504,-117.9188562
33.6418786,-117.9271237
33.655422,-117.93194
33.656868,-117.9172
33.6260741,-117.9113294
33.65084,-117.93128
33.656075,-117.91223
33.65647,-117.91804
33.635685,-117.920425
33.6564587,-117.9226346
33.63416,-117.91659
33.646572,-117.927986
33.630547,-117.91819
33.651127,-117.91876
33.6468637,-117.9152195
33.6436634,-117.9283556
33.641956,-117.92033
33.64736176,-117.9212036
33.6409514,-117.9235335
33.655827,-117.93175
33.6573729,-117.929271
33.633987,-117.93636
33.656868,-117.9172
33.6573729,-117.929271
33.6567,-117.92264
33.638824,-117.92799
33.65646362,-117.9187393
33.6568662,-117.9172009
33.6487549,-117.91494
33.639297,-117.927986
33.6426,-117.91813
33.63698,-117.923744
33.649117,-117.92358
33.64342,-117.92766
33.656868,-117.9172
33.657405,-117.918706
33.6502414,-117.9245111
33.6540768,-117.9211357
33.6530406,-117.9116627
33.65126,-117.91304
33.65737,-117.92927
33.639824,-117.94291
33.644165,-117.927345
33.65592,-117.907196
33.639297,-117.927986
33.632515,-117.91674
33.647884,-117.921486
33.632053,-117.91443
33.642677,-117.93315
33.65399,-117.92873
33.655403,-117.90685
33.639297,-117.927986
33.63815,-117.93032
33.654415,-117.91863
33.6345479,-117.9204163
33.657326,-117.9275
33.65212,-117.93165
33.6481149,-117.9136907
33.655632,-117.92716
33.6437908,-117.9266113
33.6293681,-117.9088204
33.643078,-117.93237
33.640343,-117.922195
33.623966,-117.906715
33.632774,-117.9272
33.638165,-117.93121
33.657658,-117.91683
33.65494,-117.91426
33.64802,-117.92083
33.633987,-117.936455
33.6367251,-117.9246408
33.644775,-117.920074
33.64366,-117.92835
33.639297,-117.927986
33.6408361,-117.9215776
33.6479081,-117.9301588
33.6549227,-117.9116972
33.6573729,-117.929271
33.6426317,-117.9322458
33.657543,-117.927216
33.6542,-117.923965
33.656868,-117.9172
33.62638,-117.91042
33.6448009,-117.9296371
33.6456497,-117.9156339
33.6360031,-117.92146
33.631884,-117.9123223
33.656113,-117.92782
33.651016,-117.922
33.65579,-117.91854
33.653496,-117.92248
33.65647125,-117.9180374
33.656868,-117.9172
33.641354,-117.91922
33.6260741,-117.9113294
33.65212,-117.93165
33.639923,-117.93101
33.642616,-117.91875
33.64188,-117.927124
33.6482216,-117.9217055
33.6422769,-117.9344352
33.6540768,-117.9211357
33.639297,-117.927986
33.63029,-117.91815
33.643078,-117.93237
33.657516,-117.92945
33.632954,-117.91789
33.654076,-117.921135
33.639095,-117.928154
33.64038,-117.929794
33.6378218,-117.9167018
33.62981,-117.912224
33.655422,-117.93194
33.644802,-117.929634
33.631886,-117.91232
33.6431458,-117.9212336
33.642094,-117.918724
33.639297,-117.927986
33.65579,-117.91854
33.644802,-117.929634
33.6284118,-117.90925
33.6456497,-117.9156339
33.643177,-117.9247925
33.639923,-117.93101
33.6567,-117.92264
33.6576571,-117.9168285
33.63815,-117.93032
33.62841,-117.90962
33.6426,-117.91813
33.651154,-117.932594
33.6499925,-117.9301405
33.657883,-117.90355
33.65727,-117.92233
33.6260741,-117.9113294
33.655697,-117.922134
33.65176,-117.91867
33.63286,-117.9270719
33.655647,-117.91841
33.656082,-117.93215
33.6540768,-117.9211357
33.64382,-117.92227
33.654404,-117.91703
33.64301,-117.93526
33.655403,-117.90685
33.653446,-117.9264
33.63954,-117.92823
33.657326,-117.9275
33.657658,-117.91683
33.65126,-117.91304
33.642616,-117.91875
33.638668,-117.92562
33.647987,-117.9132
33.628475,-117.9082
33.6504977,-117.9274441
33.6573729,-117.929271
33.6429228,-117.9272588
33.6276558,-117.9084044
33.6576571,-117.9168285
33.651306,-117.92349
33.638165,-117.93121
33.644802,-117.929634
33.657552,-117.90411
33.648373,-117.91489
33.6426,-117.91813
33.641751,-117.9192261
33.65683,-117.9144
33.65084,-117.93128
33.655647,-117.91841
33.6540768,-117.9211357
33.63808,-117.93649
33.6567,-117.92264
33.6568662,-117.9172009
33.632515,-117.91674
33.657658,-117.91683
33.657166,-117.92922
33.654404,-117.91703
33.649117,-117.92358
33.632687,-117.9321
33.656414,-117.919914
33.6428727,-117.9193164
33.65732956,-117.904686
33.6521012,-117.9088284
33.644997,-117.92823
33.65057373,-117.9159698
33.65033,-117.92629
33.638275,-117.92602
33.656868,-117.9172
33.631718,-117.914696
33.635426,-117.923904
33.633076,-117.91582
33.63815,-117.93032
33.634327,-117.916245
33.6399217,-117.9282434
33.6418133,-117.9347252
33.6468637,-117.9152195
33.6552843,-117.9170872
33.639297,-117.927986
33.6576571,-117.9168285
33.643105,-117.93672
33.6479867,-117.9132086
33.643787,-117.92255
33.6521198,-117.9316508
33.6260741,-117.9113294
33.637775,-117.92859
33.6520077,-117.9095837
33.655827,-117.93175
33.648235,-117.929276
33.657543,-117.927246
33.6556236,-117.9283556
33.628582,-117.91569
33.6399217,-117.9282434
33.657406,-117.91871
33.6431122,-117.9235919
33.640465,-117.92316
33.6540768,-117.9211357
33.640438,-117.923195
33.653496,-117.92248
33.6422769,-117.9344352
33.6544963,-117.9318247
33.65653,-117.91885
33.65683,-117.9144
33.6428727,-117.9193164
33.65726,-117.922
33.63817,-117.92824
33.657326,-117.9275
33.657658,-117.91683
33.657406,-117.91871
33.656082,-117.93215
33.6520077,-117.9095837
33.644959,-117.9293055
33.657326,-117.9275
33.6428727,-117.9193164
33.6468637,-117.9152195
33.6260741,-117.9113294
33.636,-117.92146
33.6564587,-117.9226346
33.6410511,-117.9319726
33.65345,-117.92246
33.6408361,-117.9215776
33.65788269,-117.9035492
33.643703,-117.92296
33.654404,-117.91703
33.647865,-117.92102
33.6547,-117.91867
33.657405,-117.918706
33.6451716,-117.929558
33.645847,-117.925766
33.6344693,-117.9215973
33.62373,-117.90718
33.64668,-117.930145
33.644775,-117.920074
33.642682,-117.922144
33.657326,-117.9275
33.632458,-117.91425
33.6389165,-117.9214976
33.64279,-117.9283
33.6260741,-117.9113294
33.652237,-117.91785
33.62841,-117.90962
33.64262,-117.93286
33.64268112,-117.9335251
33.6544963,-117.9318247
33.64038,-117.929794
33.6540768,-117.9211357
33.6557878,-117.9185404
33.656406,-117.931305
33.635796,-117.91373
33.657167,-117.929223
33.65628,-117.90756
33.6431458,-117.9212336
33.639923,-117.93101
33.6403428,-117.9221969
33.642094,-117.918724
33.6405079,-117.9309739
33.6456497,-117.9156339
33.632553,-117.91527
33.65579,-117.91854
33.6549227,-117.9116972
33.640163,-117.943794
33.6522374,-117.9178478
33.638824,-117.92799
33.6499925,-117.9301405
33.65033,-117.92629
33.6565,-117.91975
33.65665,-117.9187
33.6560666,-117.9083865
33.638123,-117.93009
33.6568662,-117.9172009
33.6456497,-117.9156339
33.643105,-117.93672
33.642082,-117.9402
33.651306,-117.92349
33.647987,-117.9132
33.643646,-117.92856
33.638165,-117.93121
33.642082,-117.9402
33.65403,-117.91239
33.632774,-117.9272
33.657326,-117.9275
33.643864,-117.92367
33.656868,-117.9172
33.63816,-117.9305
33.640343,-117.922195
33.638824,-117.92799
33.6389165,-117.9214976
33.6565,-117.91975
33.644802,-117.929634
33.65646362,-117.9187393
33.6385685,-117.9279859
33.6557878,-117.9185404
33.645775,-117.92785
33.654568,-117.918434
33.6426516,-117.933342
33.65702,-117.92808
33.6568662,-117.9172009
33.639923,-117.93101
33.647175,-117.91836
33.636482,-117.91403
33.640507,-117.93098
33.65522,-117.906784
33.642822,-117.93681
33.65628,-117.90756
33.657326,-117.9275
33.644959,-117.9293055
33.643215,-117.92528
33.63698,-117.923744
33.6479081,-117.9301588
33.6431458,-117.9212336
33.64355,-117.92733
33.63188,-117.91236
33.6429,-117.918076
33.639297,-117.927986
33.637775,-117.92859
33.64704,-117.92988
33.6284118,-117.90925
33.6499925,-117.9301405
33.644997,-117.92823
33.642277,-117.93443
33.65522,-117.906784
33.6395924,-117.9271062
33.633312,-117.91681
33.638165,-117.93137
33.656075,-117.91223
33.637775,-117.92859
33.655403,-117.90685
33.631886,-117.91232
33.64279,-117.9283
33.629757,-117.90999
33.6549227,-117.9116972
33.63416,-117.91659
33.655285,-117.91708
33.655403,-117.90685
33.648235,-117.929276
33.6426215,-117.9328636
33.6576571,-117.9168285
33.656082,-117.93215
33.643646,-117.92856
33.636887,-117.92411
33.644775,-117.920074
33.64287,-117.91932
33.65628,-117.90756
33.632485,-117.93188
33.638824,-117.92799
33.643654,-117.931274
33.6576115,-117.9083295
33.631424,-117.91359
33.6520077,-117.9095837
33.640343,-117.922195
33.63188,-117.91236
33.6412813,-117.9217759
33.6445,-117.91927
33.634598,-117.92224
33.64704,-117.92988
33.654076,-117.921135
33.656815,-117.91866
33.635029,-117.9244654
33.6284118,-117.90925
33.6510895,-117.9202157
33.6503071,-117.925297
33.63929,-117.928375
33.642277,-117.93443
33.64621,-117.914986
33.640507,-117.93098
33.638165,-117.93121
33.640835,-117.92158
33.6576571,-117.9168285
33.656815,-117.91866
33.639923,-117.93101
33.643177,-117.9247925
33.655647,-117.91841
33.644165,-117.927345
33.64237,-117.92038
33.640343,-117.922195
33.640163,-117.943794
33.657167,-117.929223
33.643147,-117.921234
33.643078,-117.93009
33.6568662,-117.9172009
33.639297,-117.927986
33.65399,-117.92873
33.650227,-117.925316
33.65733,-117.904686
33.643177,-117.92479
33.656513,-117.91868
33.657167,-117.929223
33.62841,-117.90962
33.638165,-117.93121
33.654076,-117.921135
33.6395924,-117.9271062
33.65126,-117.91304
33.629166,-117.90841
33.654579,-117.918204
33.654404,-117.91703
33.6525116,-117.9088821
33.6519517,-117.9339849
33.6359933,-117.9316796
33.6426,-117.91813
33.656513,-117.91868
33.6564528,-117.9170725
33.656075,-117.91223
33.633987,-117.936455
33.65647,-117.91804
33.632954,-117.91789
33.633312,-117.91681
33.6564587,-117.9226346
33.6549227,-117.9116972
33.654415,-117.91863
33.650497,-117.92296
33.64038,-117.929794
33.639297,-117.927986
33.654568,-117.918434
33.655968,-117.92012
33.647884,-117.921486
33.638573,-117.928604
33.62413,-117.90733
33.65212,-117.93165
33.6456497,-117.9156339
33.657167,-117.929223
33.638824,-117.92799
33.649117,-117.92358
33.6479081,-117.9301588
33.638123,-117.93009
33.647884,-117.921486
33.65522,-117.906784
33.644997,-117.92823
33.632515,-117.91674
33.6576571,-117.9168285
33.6428193,-117.9186145
33.654568,-117.918434
33.635887,-117.92284
33.64241,-117.93171
33.65522,-117.906784
33.6290884,-117.9103682
33.6540768,-117.9211357
33.640503,-117.93121
33.657543,-117.927216
33.6522374,-117.9178478
33.651879,-117.9094032
33.65592,-117.92012
33.63416,-117.91659
33.653496,-117.92248
33.656868,-117.9172
33.6356215,-117.9187509
33.6410031,-117.9288591
33.62535,-117.906456
33.638824,-117.92799
33.636,-117.92146
33.647175,-117.91836
33.6499925,-117.9301405
33.640343,-117.922195
33.6422743,-117.9347811
33.644775,-117.920074
33.643864,-117.92367
33.632496,-117.916824
33.642277,-117.93443
33.6447749,-117.9200761
33.64188,-117.92496
33.643078,-117.93009
33.65084,-117.93128
33.654076,-117.921135
33.6332326,-117.9267718
33.63188,-117.91236
33.657405,-117.918706
33.639957,-117.9287577
33.63568497,-117.9204254
33.64038,-117.929794
33.635685,-117.920425
33.657406,-117.91871
33.642682,-117.922144
33.6491149,-117.9233768
33.639297,-117.927986
33.6567,-117.92264
33.656868,-117.9172
33.640263,-117.920265
33.6422769,-117.9344352
33.6549227,-117.9116972
33.6540768,-117.9211357
33.656082,-117.93215
33.6549227,-117.9116972
33.6482216,-117.9217055
33.632954,-117.91789
33.6379848,-117.9370138
33.643654,-117.92102
33.6540768,-117.9211357
33.648643,-117.921646
33.656868,-117.9172
33.6431458,-117.9212336
33.6502414,-117.9245111
33.632515,-117.91674
33.6567,-117.92264
33.654404,-117.91703
33.65176,-117.91867
33.63696,-117.922226
33.656338,-117.92258
33.639297,-117.927986
33.6456497,-117.9156339
33.6418764,-117.9222156
33.65452,-117.91868
33.654076,-117.921135
33.6540768,-117.9211357
33.633987,-117.936455
33.64237,-117.92038
33.639923,-117.93101
33.6428193,-117.9186145
33.644997,-117.92823
33.6426,-117.91813
33.6339111,-117.9178483
33.654076,-117.921135
33.646202,-117.93143
33.654415,-117.91863
33.64704,-117.92988
33.63416,-117.91659
33.656868,-117.9172
33.642277,-117.93443
33.6510895,-117.9202157
33.65522,-117.906784
33.64366,-117.92835
33.639297,-117.927986
33.654568,-117.918434
33.6521,-117.90883
33.644802,-117.929634
33.63959,-117.92711
33.640163,-117.943794
33.62841,-117.90925
33.63188,-117.91236
33.62841,-117.90962
33.6576571,-117.9168285
33.6482216,-117.9217055
33.65462,-117.91757
33.64409,-117.92554
33.657326,-117.9275
33.6284118,-117.90925
33.64202,-117.93475
33.6428727,-117.9193164
33.6430006,-117.9312938
33.6564587,-117.9226346
33.657405,-117.918706
33.6499925,-117.9301405
33.6564587,-117.9226346
33.640343,-117.922195
33.6284118,-117.90925
33.656513,-117.91868
33.642365,-117.92378
33.63936,-117.922325
33.6482216,-117.9217055
33.6426,-117.91813
33.6426,-117.91813
33.628937,-117.90652
33.65665,-117.9187
33.6504097,-117.915947
33.6544963,-117.9318247
33.657288,-117.93192
33.6564652,-117.9187366
33.6359933,-117.9316796
33.6552843,-117.9170872
33.65226,-117.926796
33.64121,-117.920654
33.632687,-117.9321
33.64281,-117.93377
33.657272,-117.90481
33.638103,-117.92944
33.6565,-117.91975
33.657405,-117.918706
33.6367912,-117.9246471
33.6408361,-117.9215776
33.6530406,-117.9116627
33.638165,-117.93121
33.633987,-117.93636
33.632515,-117.91674
33.6403428,-117.9221969
33.657543,-117.927216
33.644775,-117.920074
33.65683,-117.9144
33.655647,-117.91841
33.634327,-117.916245
33.656464,-117.91874
33.63309,-117.932465
33.65522,-117.906784
33.654404,-117.93203
33.6521012,-117.9088284
33.656868,-117.9172
33.654404,-117.9170303
33.639297,-117.927986
33.64141,-117.923035
33.6504097,-117.915947
33.638622,-117.93172
33.6423673,-117.9203827
33.6568662,-117.9172009
33.6565302,-117.9188552
33.6565,-117.91975
33.633816,-117.93512
33.637775,-117.92859
33.63188,-117.91236
33.6558272,-117.919923
33.646572,-117.927986
33.655487,-117.92915
33.657326,-117.9275
33.64482,-117.91923
33.6422877,-117.9183426
33.639297,-117.927986
33.633816,-117.93512
33.6399217,-117.9282434
33.6568662,-117.9172009
33.64543,-117.92556
33.65522,-117.906784
33.65647,-117.91804
33.63691,-117.92141
33.634758,-117.91427
33.65033,-117.92629
33.6540768,-117.9211357
33.636726,-117.924644
33.642082,-117.9402
33.654076,-117.921135
33.641354,-117.91922
33.655285,-117.91708
33.6426,-117.91813
33.6499925,-117.9301405
33.640343,-117.922195
33.638668,-117.92562
33.65722,-117.92323
33.656876,-117.92867
33.643703,-117.92296
33.65416,-117.91884
33.6426,-117.91813
33.645103,-117.91936
33.647865,-117.92102
33.657405,-117.918706
33.6395924,-117.9271062
33.6418764,-117.9222156
33.6540768,-117.9211357
33.64496,-117.929306
33.631115,-117.913605
33.65646,-117.92264
33.646122,-117.924446
33.6499925,-117.9301405
33.641247,-117.92824
33.65126,-117.91304
33.642082,-117.9402
33.643078,-117.93009
33.656868,-117.9172
33.632515,-117.91674
33.633312,-117.91681
33.6414399,-117.9199595
33.656082,-117.93215
33.657543,-117.927216
33.648376,-117.91852
33.63929749,-117.9278412
33.643032,-117.925804
33.6431458,-117.9212336
33.633686,-117.91729
33.6576088,-117.9071626
33.639297,-117.927986
33.6564587,-117.9226346
33.642704,-117.91873
33.64704,-117.92988
33.638824,-117.92799
33.653496,-117.92248
33.6318596,-117.9123183
33.654404,-117.9170303
33.63188,-117.91236
33.656868,-117.9172
33.65702,-117.92808
33.63416,-117.91659
33.65628,-117.90756
33.642704,-117.91873
33.6563354,-117.9204873
33.65702,-117.92808
33.6568662,-117.9172009
33.633984,-117.932157
33.655285,-117.91708
33.65733,-117.904686
33.6510846,-117.9274861
33.656868,-117.9172
33.644775,-117.920074
33.63258,-117.91529
33.6399217,-117.9282434
33.638668,-117.92562
33.6470341,-117.921907
33.6554013,-117.9068533
33.6285045,-117.9091486
33.62841,-117.90962
33.639923,-117.93101
33.657552,-117.90411
33.631886,-117.91232
33.6571237,-117.9292118
33.644802,-117.929634
33.63966,-117.93014
33.6456497,-117.9156339
33.638824,-117.92799
33.65702,-117.92808
33.6345987,-117.9222408
33.6260741,-117.9113294
33.656464,-117.91874
33.655647,-117.91841
33.65579,-117.91854
33.6429228,-117.9272588
33.644737,-117.91857
33.643703,-117.92296
33.6563097,-117.9280394
33.63698,-117.923744
33.638813,-117.92821
33.6552195,-117.9067861
33.632496,-117.916824
33.655304,-117.91708
33.65628,-117.90756
33.65088,-117.910576
33.655197,-117.926834
33.642094,-117.918724
33.6425997,-117.9181264
33.64704,-117.92988
33.650967,-117.92447
33.643784,-117.92424
33.632515,-117.91674
33.6354242,-117.9239064
33.647175,-117.91836
33.6399217,-117.9282434
33.6565302,-117.9188552
33.644775,-117.920074
33.6568662,-117.9172009
33.646781,-117.9236333
33.6284118,-117.90925
33.654404,-117.91703
33.65592,-117.907196
33.631886,-117.91232
33.6431458,-117.9212336
33.644775,-117.920074
33.639587,-117.91979
33.6482216,-117.9217055
33.6565302,-117.9188552
33.639942,-117.931015
33.62616,-117.91027
33.65263,-117.932106
33.6443046,-117.9167533
33.652237,-117.91785
33.6260741,-117.9113294
33.6540768,-117.9211357
33.654404,-117.9170303
33.6456497,-117.9156339
33.6428193,-117.9340719
33.647987,-117.9132
33.633312,-117.91681
33.639297,-117.927986
33.625195,-117.90951
33.6418764,-117.9222156
33.639297,-117.927986
33.654076,-117.921135
33.6472386,-117.9182168
33.656868,-117.9172
33.647987,-117.9132
33.656425,-117.93193
33.633987,-117.936455
33.6568662,-117.9172009
33.638824,-117.92799
33.65628,-117.90756
33.639297,-117.927986
33.63188,-117.91236
33.655586,-117.9186
33.62841,-117.90962
33.654404,-117.91703
33.6345987,-117.9222408
33.638824,-117.92799
33.644775,-117.920074
33.656075,-117.91223
33.656337,-117.9225788
33.65126,-117.91304
33.644802,-117.929634
33.65522,-117.906784
33.6284118,-117.90925
33.644997,-117.92823
33.65084,-117.93128
33.638668,-117.92562
33.6560804,-117.93215
33.657405,-117.918706
33.654404,-117.91703
33.643147,-117.921234
33.654404,-117.9170303
33.65683,-117.9144
33.65522,-117.906784
33.633686,-117.91729
33.63354,-117.917336
33.644802,-117.929634
33.633312,-117.91681
33.6431458,-117.9212336
33.642094,-117.918724
33.643177,-117.92479
33.6479081,-117.9301588
33.632515,-117.91674
33.635685,-117.920425
33.6309002,-117.9126629
33.6482216,-117.9217055
33.6556236,-117.9283556
33.64059,-117.919785
33.6564587,-117.9226346
33.6565302,-117.9188552
33.639923,-117.93101
33.632515,-117.91674
33.647747,-117.93389
33.6554892,-117.9297286
33.632515,-117.91674
33.642082,-117.9402
33.6410511,-117.9319726
33.631886,-117.91232
33.6561974,-117.9190564
33.65244,-117.92852
33.643078,-117.93009
33.632515,-117.91674
33.639297,-117.927986
33.65443802,-117.9119492
33.6359933,-117.9316796
33.6576571,-117.9168285
33.643654,-117.92102
33.6426,-117.91813
33.655197,-117.926834
33.63857,-117.927986
33.639297,-117.927986
33.642277,-117.93443
33.657314,-117.91716
33.654404,-117.91703
33.6431458,-117.9212336
33.654404,-117.91703
33.643147,-117.921234
33.657658,-117.91683
33.63906,-117.92813
33.654076,-117.921135
33.635685,-117.920425
33.65084,-117.93128
33.654404,-117.91703
33.633076,-117.915886
33.6552195,-117.9067861
33.657658,-117.91683
33.65345,-117.92246
33.641956,-117.92033
33.6540768,-117.9211357
33.644775,-117.920074
33.65212,-117.93165
33.657124,-117.929214
33.646572,-117.927986
33.6565302,-117.9188552
33.63452,-117.920364
33.65057373,-117.9159698
33.6456497,-117.9156339
33.632515,-117.91674
33.6445024,-117.9201032
33.6567,-117.92264
33.6399217,-117.9282434
33.6565302,-117.9188552
33.6564587,-117.9226346
33.65522,-117.906784
33.64282,-117.91862
33.657543,-117.927216
33.646122,-117.924446
33.65619,-117.91875
33.625523,-117.90508
33.653015,-117.91211
33.652237,-117.91785
33.639923,-117.93101
33.6426,-117.91813
33.6456497,-117.9156339
33.633312,-117.91681
33.64379,-117.92661
33.652016,-117.93294
33.65686798,-117.9171982
33.65579,-117.91854
33.63416,-117.91659
33.64409,-117.92554
33.6530406,-117.9116627
33.6457074,-117.9157921
33.643784,-117.92424
33.64228,-117.93413
33.65708,-117.90806
33.656776,-117.91733
33.6544963,-117.9318247
33.643852,-117.91976
33.64279,-117.9283
33.6568662,-117.9172009
33.6395924,-117.9271062
33.657436,-117.92832
33.6467835,-117.9148934
33.6399217,-117.9282434
33.656868,-117.9172
33.64038,-117.929794
33.655582,-117.9187
33.65722,-117.92323
33.6560804,-117.93215
33.634758,-117.91427
33.633686,-117.91729
33.6540768,-117.9211357
33.6520077,-117.9095837
33.63188,-117.91236
33.65522,-117.906784
33.62912,-117.90884
33.6520077,-117.9095837
33.6576088,-117.9071626
33.632957,-117.92778
33.657288,-117.93192
33.6499925,-117.9301405
33.643078,-117.93009
33.650227,-117.925316
33.62413,-117.90733
33.6345479,-117.9204163
33.6564528,-117.9170725
33.6359933,-117.9316796
33.64246,-117.936325
33.6426215,-117.9328636
33.637775,-117.92859
33.65407562,-117.9211349
33.6520077,-117.9095837
33.633816,-117.93512
33.640343,-117.922195
33.6552195,-117.9067861
33.63953,-117.926
33.654568,-117.918434
33.641354,-117.91922
33.635796,-117.91373
33.648373,-117.91489
33.63416,-117.91659
33.640507,-117.93098
33.6399217,-117.9282434
33.645542,-117.927956
33.657562,-117.92453
33.64016,-117.932755
33.657658,-117.91683
33.650967,-117.92447
33.657543,-117.927216
33.632496,-117.916824
33.6564587,-117.9226346
33.656082,-117.93215
33.655197,-117.926834
33.657658,-117.91683
33.6427405,-117.9202445
33.6482216,-117.9217055
33.6540768,-117.9211357
33.62531,-117.91061
33.6430913,-117.9172914
33.642277,-117.93443
33.646374,-117.91504
33.657326,-117.9275
33.64118,-117.921974
33.63966,-117.93014
33.6419563,-117.9203276
33.6534165,-117.9305173
33.643812,-117.9280396
33.638165,-117.93137
33.65683,-117.9144
33.6325132,-117.9167399
33.65722,-117.92323
33.63452,-117.920364
33.654404,-117.91703
33.654076,-117.921135
33.6552195,-117.9067861
33.6571237,-117.9292118
33.6456497,-117.9156339
33.643105,-117.93672
33.63906,-117.92802
33.6408361,-117.9215776
33.646572,-117.927986
33.63815,-117.93032
33.633062,-117.9270308
33.6325132,-117.9167399
33.65646362,-117.9187393
33.654076,-117.921135
33.65522,-117.906784
33.6361154,-117.9212383
33.654404,-117.9170303
33.65655,-117.932205
33.657124,-117.929214
33.6429228,-117.9272588
33.636,-117.92146
33.65212,-117.93165
33.638622,-117.93172
33.6423673,-117.9203827
33.641956,-117.92033
33.6564587,-117.9226346
33.647884,-117.921486
33.6499925,-117.9301405
33.62586,-117.91048
33.6405907,-117.9245798
33.644997,-117.92823
33.657405,-117.918706
33.65126,-117.91304
33.65665,-117.9187
33.6482216,-117.9217055
33.65345,-117.92246
33.644775,-117.920074
33.6472386,-117.9182168
33.64382,-117.92227
33.6552195,-117.9067861
33.6365153,-117.9228929
33.6530406,-117.9116627
33.6431458,-117.9212336
33.6565302,-117.9188552
33.65702,-117.92808
33.655827,-117.93175
33.65457153,-117.9078751
33.642082,-117.9402
33.657552,-117.90411
33.644802,-117.929634
33.657406,-117.91871
33.64279,-117.9283
33.636208,-117.91382
33.6409514,-117.9235335
33.654404,-117.91703
33.65579,-117.91854
33.62841,-117.90962
33.65084,-117.93128
33.639297,-117.927986
33.656464,-117.91874
33.6427387,-117.9282514
33.65522,-117.906784
33.632515,-117.91674
33.651672,-117.92637
33.6565,-117.91975
33.63815,-117.93032
33.639618,-117.93802
33.643177,-117.92479
33.657405,-117.918706
33.654404,-117.91703
33.64368,-117.93099
33.65284,-117.92254
33.639297,-117.927986
33.6399217,-117.9282434
33.644165,-117.927345
33.642525,-117.921104
33.65646362,-117.9187393
33.647865,-117.92102
33.636726,-117.924644
33.639297,-117.927986
33.636726,-117.924644
33.6482216,-117.9217055
33.65579,-117.91854
33.63416,-117.91659
33.6422769,-117.9344352
33.65443802,-117.9119492
33.657405,-117.918706
33.6418345,-117.9222456
33.647884,-117.921486
33.6453,-117.930046
33.633686,-117.91729
33.639297,-117.927986
33.643703,-117.92296
33.644997,-117.92823
33.6565,-117.91975
33.63186,-117.912315
33.6565302,-117.9188552
33.633312,-117.91681
33.639923,-117.93101
33.633062,-117.9270308
33.6426473,-117.9336773
33.657406,-117.91871
33.657326,-117.9275
33.644775,-117.920074
33.63929,-117.928375
33.6479081,-117.9301588
33.654404,-117.9170303
33.657543,-117.927216
33.63906,-117.92802
33.654404,-117.91703
33.641354,-117.91922
33.644802,-117.929634
33.6564587,-117.9226346
33.64284,-117.91943
33.652008,-117.909584
33.640404,-117.92007
33.6430673,-117.9272832
33.635685,-117.920425
33.6414094,-117.9230358
33.65645,-117.917336
33.6456497,-117.9156339
33.656418,-117.92975
33.639297,-117.927986
33.6552195,-117.9067861
33.6365081,-117.9228635
33.6423673,-117.9203827
33.65664,-117.91733
33.649597,-117.92558
33.647175,-117.91836
33.6482216,-117.9217055
33.653736,-117.91875
33.6499925,-117.9301405
33.644775,-117.920074
33.6499925,-117.9301405
33.64517,-117.92926
33.65646,-117.92264
33.6436444,-117.9285158
33.62373,-117.90718
33.639923,-117.93101
33.6328004,-117.9283099
33.6564587,-117.9226346
33.6503285,-117.9262961
33.652042,-117.92653
33.6437,-117.92374
33.637535,-117.91701
33.65683,-117.9144
33.6559,-117.92699
33.6284118,-117.90925
33.653275,-117.9194
33.657658,-117.91683
33.6345479,-117.9204163
33.6467835,-117.9148934
33.6499925,-117.9301405
33.64385,-117.92369
33.656337,-117.9225788
33.6482216,-117.9217055
33.63253,-117.92634
33.65579,-117.91854
33.6510846,-117.9274861
33.63815,-117.93032
33.63815,-117.93032
33.638165,-117.93137
33.6502414,-117.9245111
33.642982,-117.93584
33.6428193,-117.9186145
33.6428429,-117.9194308
33.643817,-117.9200417
33.6427387,-117.9282514
33.624584,-117.90892
33.6479081,-117.9301588
33.6414094,-117.9230358
33.6418764,-117.9222156
33.656418,-117.92975
33.638824,-117.92799
33.64382,-117.92227
33.6314507,-117.9198204
33.644802,-117.929634
33.65126,-117.91304
33.62841,-117.90962
33.654404,-117.91703
33.657658,-117.91683
33.654404,-117.9170303
33.6324562,-117.9142526
33.638466,-117.93656
33.6395924,-117.9271062
33.6453032,-117.930049
33.639297,-117.927986
33.633686,-117.91729
33.6426,-117.91813
33.62918,-117.906975
33.656452,-117.917076
33.64426041,-117.9185791
33.654076,-117.921135
33.634003,-117.9365
33.639297,-117.927986
33.65033,-117.92629
33.6530406,-117.9116627
33.65443802,-117.9119492
33.6576571,-117.9168285
33.6422959,-117.9214819
33.647987,-117.9132
33.657406,-117.91871
33.6568662,-117.9172009
33.643703,-117.92296
33.6558342,-117.9319229
33.635857,-117.9227
33.623966,-117.906715
33.647987,-117.9132
33.63188,-117.91236
33.6555825,-117.9194329
33.654404,-117.91703
33.6554013,-117.9068533
33.639923,-117.93101
33.6335654,-117.9200716
33.6423413,-117.9213639
33.65212,-117.93165
33.640343,-117.922195
33.6395924,-117.9271062
33.64282,-117.91862
33.633312,-117.91681
33.657405,-117.918706
33.634144,-117.91467
33.654076,-117.921135
33.640835,-117.92158
33.6540768,-117.9211357
33.6345479,-117.9204163
33.6576571,-117.9168285
33.6510129,-117.9271835
33.6565302,-117.9188552
33.6388422,-117.9291633
33.65443802,-117.9119492
33.639957,-117.9287577
33.6479081,-117.9301588
33.6561604,-117.9218264
33.656464,-117.91874
33.633062,-117.9270308
33.626663,-117.90885
33.657405,-117.918706
33.6456497,-117.9156339
33.643646,-117.92851
33.642616,-117.91875
33.632515,-117.91674
33.656082,-117.93215
33.634758,-117.91427
33.6427002,-117.9333649
33.6399217,-117.9282434
33.631718,-117.914696
33.6568662,-117.9172009
33.63416,-117.91659
33.6530406,-117.9116627
33.65494,-117.91426
33.65284,-117.92254
33.64276505,-117.9204178
33.6467835,-117.9148934
33.650497,-117.92296
33.638824,-117.92799
33.6414094,-117.9230358
33.644165,-117.927345
33.6431458,-117.9212336
33.634758,-117.91427
33.644997,-117.92823
33.639297,-117.927986
33.647865,-117.92102
33.657543,-117.927246
33.645264,-117.92217
33.65592,-117.907196
33.6448262,-117.9273331
33.647175,-117.91836
33.64038,-117.929794
33.646572,-117.927986
33.6430673,-117.9272832
33.64379,-117.92661
33.642883,-117.926796
33.657326,-117.9275
33.648075,-117.91942
33.644802,-117.929634
33.6284118,-117.90925
33.651672,-117.92637
33.6335654,-117.9200716
33.63188,-117.91236
33.6456497,-117.9156339
33.65653,-117.91885
33.6429228,-117.9272588
33.65212,-117.93165
33.631886,-117.91232
33.65443802,-117.9119492
33.63959,-117.92711
33.634422,-117.918526
33.64913,-117.92461
33.63488,-117.92852
33.631718,-117.914696
33.6423673,-117.9203827
33.642715,-117.92541
33.638565,-117.92877
33.65416,-117.91884
33.656868,-117.9172
33.65579,-117.91854
33.6540768,-117.9211357
33.64135361,-117.91922
33.64246,-117.936325
33.638668,-117.92562
33.65047073,-117.9232864
33.65212,-117.93165
33.6344343,-117.9217308
33.652103,-117.91755
33.650955,-117.924576
33.6456497,-117.9156339
33.642036,-117.93237
33.639957,-117.9287577
33.656082,-117.93215
33.657883,-117.90355
33.6395924,-117.9271062
33.641956,-117.92033
33.6564587,-117.9226346
33.64279,-117.9283
33.64385,-117.92369
33.6418764,-117.9222156
33.633062,-117.9270308
33.657326,-117.9275
33.63416,-117.91659
33.6426473,-117.9336773
33.63929,-117.928375
33.657326,-117.9275
33.657405,-117.918706
33.6568662,-117.9172009
33.638824,-117.92799
33.654076,-117.921135
33.652008,-117.909584
33.6423218,-117.9204574
33.633686,-117.91729
33.62841,-117.90962
33.639923,-117.93101
33.636753,-117.92113
33.63316,-117.916595
33.6576571,-117.9168285
33.639297,-117.927986
33.653275,-117.9194
33.6367251,-117.9246408
33.6431458,-117.9212336
33.652237,-117.91785
33.64379,-117.92661
33.631886,-117.91232
33.6403428,-117.9221969
33.6565302,-117.9188552
33.6479867,-117.9132086
33.63188,-117.91236
33.6558342,-117.9319229
33.642082,-117.9402
33.656868,-117.9172
33.6540768,-117.9211357
33.6408361,-117.9215776
33.64565,-117.915634
33.63452,-117.920364
33.652122,-117.930786
33.64237,-117.92038
33.6434168,-117.9283608
33.65729,-117.93174
33.64668,-117.930145
33.634846,-117.92544
33.6413543,-117.9192207
33.642982,-117.93584
33.64359,-117.927345
33.6408361,-117.9215776
33.6260741,-117.9113294
33.6520077,-117.9095837
33.64276505,-117.9204178
33.638504,-117.92916
33.647865,-117.92102
33.6540768,-117.9211357
33.6369602,-117.9222288
33.6437018,-117.9229592
33.65686798,-117.9171982
33.632687,-117.9321
33.648373,-117.91489
33.6289095,-117.908945
33.633987,-117.93636
33.63815,-117.93032
33.645775,-117.92785
33.6561747,-117.920579
33.657543,-117.927216
33.632515,-117.91674
33.634422,-117.918526
33.6426,-117.91813
33.6423218,-117.9204574
33.6428193,-117.9186145
33.657395,-117.9220168
33.641197,-117.930046
33.6540768,-117.9211357
33.654076,-117.921135
33.638553,-117.9295589
33.64379,-117.92661
33.6426473,-117.9336773
33.657405,-117.918706
33.644306,-117.916756
33.63857,-117.927986
33.655647,-117.91841
33.644802,-117.929634
33.634136,-117.93849
33.6399217,-117.9282434
33.64839,-117.929184
33.641315,-117.93154
33.643784,-117.92424
33.65345,-117.92246
33.637535,-117.91701
33.6345479,-117.9204163
33.6510895,-117.9202157
33.642982,-117.93584
33.642086,-117.91864
33.6559952,-117.9071728
33.63354,-117.917336
33.64218,-117.92355
33.632458,-117.91425
33.6560804,-117.93215
33.64379,-117.92661
33.633987,-117.936455
33.64565,-117.915634
33.6467835,-117.9148934
33.6428752,-117.9191459
33.641354,-117.91922
33.6508771,-117.9105724
33.64744,-117.92222
33.657326,-117.9275
33.633827,-117.915184
33.63188,-117.91236
33.640507,-117.93098
33.656082,-117.93215
33.6428727,-117.9193164
33.646572,-117.927986
33.6418764,-117.9222156
33.644062,-117.92802
33.6515,-117.921326
33.6559955,-117.9215789
33.65591812,-117.907196
33.6564587,-117.9226346
33.64228058,-117.9341278
33.6430673,-117.9272832
33.63029099,-117.9181519
33.6510895,-117.9202157
33.6399217,-117.9282434
33.6482216,-117.9217055
33.654404,-117.91703
33.6436937,-117.9324415
33.642616,-117.91875
33.633062,-117.9270308
33.63912,-117.92646
33.657166,-117.92442
33.6540768,-117.9211357
33.63188,-117.91236
33.640835,-117.92158
33.652237,-117.91785
33.62841,-117.90962
33.657405,-117.918706
33.6544963,-117.9318247
33.645683,-117.92982
33.632515,-117.91674
33.64381,-117.92804
33.6350562,-117.9176257
33.64277,-117.91947
33.656033,-117.916084
33.641834,-117.92225
33.6456497,-117.9156339
33.636887,-117.92411
33.654404,-117.9170303
33.6530406,-117.9116627
33.6426,-117.91813
33.65126,-117.91304
33.65683,-117.9144
33.64038,-117.929794
33.63459778,-117.9222412
33.6456497,-117.9156339
33.6568662,-117.9172009
33.65702,-117.92808
33.654438,-117.91195
33.65345,-117.92246
33.6395924,-117.9271062
33.649597,-117.92558
33.639923,-117.93101
33.654076,-117.921135
33.65646362,-117.9187393
33.647987,-117.9132
33.65579,-117.91854
33.652237,-117.91785
33.6563354,-117.9204873
33.633987,-117.936455
33.654404,-117.91703
33.655827,-117.91992
33.654404,-117.9170303
33.654404,-117.91703
33.65345,-117.92246
33.657166,-117.92442
33.6566397,-117.9319702
33.656868,-117.9172
33.657566,-117.9235
33.6482216,-117.9217055
33.64287,-117.91932
33.654076,-117.921135
33.65653,-117.91885
33.65263,-117.932106
33.63874,-117.92714
33.652908,-117.9094246
33.642673,-117.9335
33.6575633,-117.9245296
33.656418,-117.92975
33.6284118,-117.90925
33.6356866,-117.9204234
33.6388422,-117.9291633
33.642704,-117.91873
33.633446,-117.92204
33.646572,-117.927986
33.64379,-117.92661
33.6568662,-117.9172009
33.6565302,-117.9188552
33.6456497,-117.9156339
33.632977,-117.9168
33.65729,-117.93174
33.642864,-117.9317163
33.6549227,-117.9116972
33.6430673,-117.9272832
33.6575678,-117.923499
33.644997,-117.92823
33.6530406,-117.9116627
33.6428193,-117.9186145
33.626663,-117.90885
33.657406,-117.91871
33.656296,-117.90609
33.657513,-117.930984
33.63188,-117.91236
33.63698,-117.923744
33.6554013,-117.9068533
33.6427387,-117.9282514
33.633062,-117.9270308
33.65733,-117.904686
33.6428429,-117.9194308
33.639297,-117.927986
33.65284,-117.92254
33.654404,-117.91703
33.6567,-117.92264
33.63698,-117.923744
33.647854,-117.92985
33.654438,-117.91195
33.633686,-117.91729
33.631065,-117.91742
33.65047,-117.92329
33.65444,-117.92381
33.6321081,-117.9274201
33.64276505,-117.9204178
33.629257,-117.907166
33.646572,-117.927986
33.65226,-117.926796
33.63188,-117.91236
33.65579,-117.91854
33.632515,-117.91674
33.6427513,-117.9324405
33.6502414,-117.9245111
33.6345987,-117.9222408
33.655575,-117.91941
33.6403935,-117.9202318
33.6431458,-117.9212336
33.6284118,-117.90925
33.65729,-117.93174
33.6302925,-117.9181553
33.6429228,-117.9272588
33.657272,-117.90481
33.63874,-117.92714
33.639297,-117.927986
33.639297,-117.927986
33.6563738,-117.9179401
33.6423673,-117.9203827
33.6430762,-117.9244101
33.6343196,-117.9165537
33.62841,-117.90962
33.624584,-117.90892
33.64372,-117.933815
33.657562,-117.92453
33.654404,-117.91703
33.63585663,-117.922699
33.65522,-117.906784
33.639923,-117.93101
33.6456497,-117.9156339
33.6324562,-117.9142526
33.657658,-117.91683
33.654076,-117.921135
33.657552,-117.90411
33.654404,-117.91703
33.654438,-117.91195
33.635857,-117.9227
33.639576,-117.93073
33.657405,-117.918706
33.637566,-117.922775
33.657166,-117.92442
33.64365387,-117.9210205
33.657314,-117.91716
33.656337,-117.9225788
33.6559955,-117.9215789
33.6335428,-117.9173338
33.64379,-117.92661
33.653446,-117.9133
33.635685,-117.920425
33.6484041,-117.9316902
33.6418764,-117.9222156
33.642082,-117.9402
33.6558342,-117.9319229
33.633312,-117.91681
33.638824,-117.92799
33.65596,-117.918365
33.6564587,-117.9226346
33.6565,-117.91975
33.6563097,-117.9280394
33.64736,-117.9212
33.633062,-117.9270308
33.656075,-117.91223
33.643147,-117.921234
33.6467835,-117.9148934
33.64718,-117.92312
33.63815,-117.93032
33.64287,-117.91932
33.641247,-117.92824
33.6365546,-117.9173491
33.65126,-117.91304
33.6559,-117.92699
33.6567,-117.92264
33.6423413,-117.9213639
33.656868,-117.9172
33.652264,-117.91724
33.6345479,-117.9204163
33.656868,-117.9172
33.657658,-117.91683
33.643597,-117.92379
33.643177,-117.9247925
33.65176,-117.91867
33.6578824,-117.9035518
33.6369602,-117.9222288
33.6571237,-117.9292118
33.64059,-117.919785
33.639923,-117.93101
33.643784,-117.92424
33.6507292,-117.9205309
33.656082,-117.93215
33.6325132,-117.9167399
33.65494,-117.91426
33.6361,-117.92045
33.6345987,-117.9222408
33.6571237,-117.9292118
33.657562,-117.92453
33.65579,-117.91854
33.6436639,-117.9216722
33.656337,-117.9225788
33.636887,-117.92411
33.634598,-117.92224
33.639297,-117.927986
33.654404,-117.9170303
33.63416,-117.91659
33.6327758,-117.9272031
33.64135361,-117.91922
33.6453032,-117.930049
33.64288,-117.93923
33.6426,-117.91813
33.64736,-117.9212
33.6568662,-117.9172009
33.65212,-117.93165
33.641876,-117.92222
33.647987,-117.9132
33.632515,-117.91674
33.6507292,-117.9205309
33.6325578,-117.9153125
33.65646,-117.92264
33.635597,-117.9178
33.643703,-117.92296
33.6429228,-117.9272588
33.65729,-117.93174
33.65522,-117.906784
33.634144,-117.91467
33.6484041,-117.9316902
33.6436472,-117.9285556
33.640343,-117.922195
33.633062,-117.9270308
33.657658,-117.91683
33.647747,-117.93389
33.63383,-117.91598
33.650967,-117.92447
33.6540768,-117.9211357
33.65088,-117.93239
33.6463408,-117.9296356
33.65086,-117.93004
33.6414094,-117.9230358
33.65522,-117.906784
33.639297,-117.927986
33.645504,-117.93144
33.6429228,-117.9272588
33.656082,-117.93215
33.65751267,-117.9309845
33.637775,-117.92859
33.644775,-117.920074
33.63188,-117.91236
33.633062,-117.9270308
33.64371,-117.92808
33.631886,-117.91232
33.65086,-117.93004
33.6540768,-117.9211357
33.6416395,-117.9233046
33.6499925,-117.9301405
33.6408057,-117.9215917
33.635858,-117.922696
33.630035,-117.91167
33.64585,-117.93051
33.64282,-117.91862
33.62841,-117.90962
33.644802,-117.929634
33.6520426,-117.9265299
33.6427852,-117.929065
33.637775,-117.92859
33.646374,-117.9150386
33.65647,-117.91804
33.64038,-117.929794
33.657658,-117.91683
33.64218,-117.92355
33.643812,-117.9280396
33.6519517,-117.9339849
33.65635,-117.9215
33.657166,-117.92442
33.65653,-117.91885
33.6324562,-117.9142526
33.656082,-117.93215
33.6456497,-117.9156339
33.629246,-117.90722
33.652237,-117.91785
33.6421802,-117.92355
33.641354,-117.91922
33.64736,-117.9212
33.640163,-117.943794
33.650417,-117.92314
33.65126,-117.91304
33.6568662,-117.9172009
33.652252,-117.91868
33.6284118,-117.90925
33.657543,-117.927246
33.633686,-117.91729
33.65702,-117.92808
33.639923,-117.93101
33.657405,-117.918706
33.654076,-117.921135
33.6502414,-117.9245111
33.657272,-117.90481
33.6395924,-117.9271062
33.646122,-117.924446
33.642094,-117.918724
33.656464,-117.91874
33.643078,-117.93009
33.6560804,-117.93215
33.6423673,-117.9203827
33.65646362,-117.9187393
33.65683,-117.9144
33.655647,-117.91841
33.6542,-117.91937
33.6428193,-117.9186145
33.630898,-117.9135
33.648373,-117.91489
33.65579,-117.91854
33.6361,-117.91935
33.65449524,-117.9318237
33.642082,-117.9402
33.64279,-117.9283
33.65522,-117.906784
33.654404,-117.91703
33.64718,-117.92312
33.633144,-117.91664
33.64379,-117.92661
33.64121,-117.920654
33.639297,-117.927986
33.631886,-117.91232
33.638165,-117.93137
33.657658,-117.91683
33.656887,-117.92363
33.634327,-117.916245
33.657272,-117.90481
33.63694,-117.92148
33.652237,-117.91785
33.6402089,-117.9279895
33.6428076,-117.9289735
33.654404,-117.9170303
33.650955,-117.924576
33.637775,-117.92859
33.637535,-117.91701
33.6482216,-117.9217055
33.657658,-117.91683
33.629776,-117.91139
33.654076,-117.921135
33.643147,-117.921234
33.642574,-117.92169
33.644775,-117.920074
33.6540768,-117.9211357
33.645706,-117.915794
33.656887,-117.92363
33.6484187,-117.9316644
33.64311,-117.934074
33.639973,-117.92688
33.656464,-117.91874
33.63906,-117.92802
33.632515,-117.91674
33.6284118,-117.90925
33.643703,-117.92296
33.656868,-117.9172
33.655285,-117.91708
33.657405,-117.918706
33.631886,-117.91232
33.6530406,-117.9116627
33.648794,-117.9157692
33.65367,-117.92814
33.644802,-117.929634
33.63188,-117.91236
33.654076,-117.921135
33.652237,-117.91785
33.63906,-117.92802
33.6560804,-117.93215
33.6565302,-117.9188552
33.65407562,-117.9211349
33.644802,-117.929634
33.6563354,-117.9204873
33.634575,-117.93218
33.643177,-117.92479
33.6408361,-117.9215776
33.657658,-117.91683
33.656815,-117.91866
33.636887,-117.92411
33.641354,-117.91922
33.656868,-117.9172
33.647526,-117.929665
33.645542,-117.927956
33.643803,-117.92018
33.6430762,-117.9244101
33.6408361,-117.9215776
33.6427387,-117.9282514
33.631886,-117.91232
33.656162,-117.91998
33.6482216,-117.9217055
33.635136,-117.92273
33.635857,-117.9227
33.64038,-117.929794
33.656082,-117.93215
33.644997,-117.92823
33.6568662,-117.9172009
33.647255,-117.92359
33.65522,-117.906784
33.65522,-117.906784
33.6564335,-117.9054331
33.6427916,-117.9283004
33.657326,-117.9275
33.635858,-117.922696
33.633858,-117.93513
33.642082,-117.9402
33.63416,-117.91659
33.6402089,-117.9279895
33.648643,-117.921646
33.642868,-117.93082
33.63908,-117.91918
33.65367,-117.92814
33.639297,-117.927986
33.634422,-117.918526
33.65702,-117.92808
33.654404,-117.91703
33.63188,-117.91236
33.642082,-117.9402
33.642975,-117.92961
33.636,-117.92146
33.65126,-117.91304
33.6456497,-117.9156339
33.656868,-117.9172
33.64912,-117.93016
33.656868,-117.9172
33.657405,-117.918706
33.6430673,-117.9272832
33.65722,-117.92323
33.654404,-117.9170303
33.657658,-117.91683
33.6520403,-117.9107565
33.6431809,-117.9436696
33.646374,-117.9150386
33.63524,-117.91808
33.6520426,-117.9265299
33.647987,-117.9132
33.6402089,-117.9279895
33.655197,-117.926834
33.652237,-117.91785
33.657658,-117.91683
33.6456497,-117.9156339
33.6499925,-117.9301405
33.6418764,-117.9222156
33.6428429,-117.9194308
33.6380801,-117.9292474
33.647987,-117.9132
33.6405907,-117.9245798
33.6395924,-117.9271062
33.6479178,-117.9285215
33.641354,-117.91922
33.64228,-117.93413
33.6430673,-117.9272832
33.62841,-117.90962
33.6563354,-117.9204873
33.6540768,-117.9211357
33.644997,-117.92823
33.6482216,-117.9217055
33.657552,-117.90411
33.647816,-117.92196
33.654404,-117.9170303
33.652237,-117.91785
33.65204,-117.91076
33.6530406,-117.9116627
33.64282,-117.934074
33.63815,-117.93032
33.6568662,-117.9172009
33.657326,-117.9275
33.647884,-117.921486
33.650955,-117.924576
33.6564587,-117.9226346
33.654404,-117.91703
33.6530406,-117.9116627
33.65702,-117.92808
33.6344223,-117.9185279
33.6421802,-117.92355
33.652908,-117.9094246
33.65596,-117.907166
33.65041,-117.91595
33.657543,-117.927246
33.6545183,-117.918681
33.6426931,-117.9332298
33.635685,-117.920425
33.65212,-117.93165
33.6386207,-117.9313785
33.6418764,-117.9222156
33.6489312,-117.9190526
33.6564587,-117.9226346
33.626217,-117.91152
33.652252,-117.91868
33.637535,-117.91701
33.63354,-117.917336
33.656082,-117.93215
33.631886,-117.91232
33.6568662,-117.9172009
33.646515,-117.91749
33.6467835,-117.9148934
33.6429228,-117.9272588
33.6482216,-117.9217055
33.6568662,-117.9172009
33.647865,-117.92102
33.64287,-117.91932
33.639923,-117.93101
33.6530406,-117.9116627
33.6499925,-117.9301405
33.63966,-117.93014
33.637775,-117.92859
33.6484041,-117.9316902
33.657405,-117.918706
33.65403,-117.91239
33.633062,-117.9270308
33.647987,-117.9132
33.631718,-117.914696
33.644802,-117.929634
33.654404,-117.91703
33.654404,-117.9170303
33.6453032,-117.930049
33.639297,-117.927986
33.6284118,-117.90925
33.634575,-117.93218
33.65033,-117.92629
33.6568662,-117.9172009
33.651672,-117.92637
33.65579,-117.91854
33.64279,-117.9283
33.64279,-117.9283
33.6359332,-117.9189411
33.63188,-117.91236
33.638336,-117.92771
33.633686,-117.91729
33.643078,-117.93009
33.657405,-117.918706
33.638824,-117.92799
33.632557,-117.91531
33.65214,-117.92981
33.654404,-117.91703
33.6436472,-117.9285556
33.633858,-117.93513
33.642036,-117.93237
33.6403428,-117.9221969
33.652122,-117.930786
33.657024,-117.931206
33.641136,-117.92011
33.640343,-117.922195
33.64575,-117.91812
33.641354,-117.91922
33.632515,-117.91674
33.656425,-117.93193
33.6365153,-117.9228929
33.65033,-117.92629
33.6430673,-117.9272832
33.63874,-117.92714
33.6520403,-117.9107565
33.639297,-117.927986
33.64718,-117.92312
33.65242,-117.93054
33.6408361,-117.9215776
33.6418764,-117.9222156
33.6284118,-117.90925
33.656673,-117.92452
33.643757,-117.92252
33.6571237,-117.9292118
33.631886,-117.91232
33.654076,-117.921135
33.637775,-117.92859
33.643177,-117.9247925
33.6568662,-117.9172009
33.6568431,-117.9236276
33.6345987,-117.9222408
33.650955,-117.924576
33.657328,-117.9046869
33.632565,-117.926346
33.65591,-117.927025
33.65522,-117.906784
33.641136,-117.92011
33.633074,-117.915883
33.6567,-117.92264
33.639297,-117.927986
33.6558342,-117.9319229
33.6345987,-117.9222408
33.6453032,-117.930049
33.642967,-117.93886
33.6482216,-117.9217055
33.654404,-117.91703
33.644802,-117.929634
33.652237,-117.91785
33.6564652,-117.9187366
33.6422959,-117.9214819
33.63477,-117.92505
33.6426,-117.91813
33.6350095,-117.9251633
33.657272,-117.90481
33.64522,-117.91903
33.6563354,-117.9204873
33.6423673,-117.9203827
33.6318596,-117.9123183
33.657405,-117.918706
33.65494,-117.91426
33.63188,-117.91236
33.6530406,-117.9116627
33.623966,-117.906715
33.6520403,-117.9107565
33.636,-117.92146
33.64379,-117.92661
33.6564587,-117.9226346
33.6502414,-117.9245111
33.657552,-117.90411
33.6480273,-117.9208404
33.6293681,-117.9088204
33.638123,-117.93009
33.6563354,-117.9204873
33.65212,-117.93165
33.64368,-117.93099
33.6555743,-117.9194127
33.6484041,-117.9316902
33.6544963,-117.9318247
33.634598,-117.92224
33.6260741,-117.9113294
33.657658,-117.91683
33.6480273,-117.9208404
33.65579,-117.91854
33.63954,-117.92956
33.6422743,-117.9347811
33.6326981,-117.9212159
33.6467835,-117.9148934
33.63416,-117.91659
33.6576571,-117.9168285
33.657314,-117.91716
33.642094,-117.918724
33.644802,-117.929634
33.65646,-117.92264
33.6540768,-117.9211357
33.656082,-117.93215
33.64278,-117.922134
33.6426,-117.91813
33.6565033,-117.9197476
33.6484041,-117.9316902
33.633312,-117.91681
33.637535,-117.91701
33.6564262,-117.9188522
33.64718,-117.92312
33.654076,-117.921135
33.65645,-117.91707
33.654404,-117.9170303
33.63503,-117.92447
33.651077,-117.92178
33.657406,-117.91871
33.652237,-117.91785
33.647152,-117.92877
33.6552195,-117.9067861
33.639565,-117.927414
33.657658,-117.91683
33.656887,-117.90824
33.6570904,-117.9082284
33.6408361,-117.9215776
33.6565302,-117.9188552
33.650967,-117.92447
33.639957,-117.9287577
33.64504,-117.924515
33.646374,-117.9150386
33.64113617,-117.9201126
33.633062,-117.9270308
33.648945,-117.913666
33.6467835,-117.9148934
33.657405,-117.918706
33.640343,-117.922195
33.6520403,-117.9107565
33.6276558,-117.9084044
33.6499925,-117.9301405
33.641148,-117.927635
33.6530406,-117.9116627
33.6481,-117.9133582
33.6463408,-117.9296356
33.65646362,-117.9187393
33.652252,-117.91868
33.645775,-117.93146
33.6482216,-117.9217055
33.6430673,-117.9272832
33.651672,-117.92637
33.6456497,-117.9156339
33.6507292,-117.9205309
33.639297,-117.927986
33.6429228,-117.9272588
33.63959,-117.92711
33.641304,-117.92013
33.6568662,-117.9172009
33.64226,-117.93259
33.633987,-117.936455
33.643654,-117.92102
33.6418764,-117.9222156
33.646572,-117.927986
33.6561777,-117.9199214
33.65345,-117.92246
33.634144,-117.91467
33.657405,-117.918706
33.632687,-117.9321
33.63954,-117.92956
33.642982,-117.93584
33.643646,-117.92856
33.64124,-117.92011
33.63416,-117.91659
33.641956,-117.92033
33.6570904,-117.9082284
33.6563354,-117.9204873
33.639297,-117.927986
33.6408361,-117.9215776
33.635796,-117.91373
33.6564587,-117.9226346
33.639923,-117.93101
33.6324562,-117.9142526
33.647987,-117.9132
33.656868,-117.9172
33.654263,-117.9089
33.642982,-117.93584
33.6564587,-117.9226346
33.6418764,-117.9222156
33.65522,-117.906784
33.65126,-117.91304
33.6437844,-117.9242365
33.64121,-117.920654
33.656887,-117.92363
33.632732,-117.93517
33.6426,-117.91813
33.6482216,-117.9217055
33.65403,-117.91239
33.6456497,-117.9156339
33.653805,-117.91884
33.6568662,-117.9172009
33.62841,-117.90962
33.6522458,-117.9265249
33.6499925,-117.9301405
33.6365456,-117.9173033
33.6466778,-117.9238526
33.650417,-117.92314
33.631886,-117.91232
33.6453176,-117.9236072
33.651672,-117.92637
33.654076,-117.921135
33.6429228,-117.9272588
33.64802551,-117.9208374
33.654404,-117.9170303
33.656464,-117.91874
33.652237,-117.91785
33.652016,-117.93294
33.633062,-117.9270308
33.6414094,-117.9230358
33.63389587,-117.9266129
33.655197,-117.926834
33.657272,-117.90481
33.642273,-117.934784
33.6453032,-117.930049
33.625782,-117.907166
33.64241,-117.93171
33.6284118,-117.90925
33.632774,-117.9272
33.657405,-117.918706
33.633686,-117.91729
33.6571237,-117.9292118
33.656075,-117.91223
33.657543,-117.927246
33.657166,-117.92442
33.6456497,-117.9156339
33.6408361,-117.9215776
33.636,-117.92146
33.64718,-117.92312
33.643646,-117.92856
33.6422769,-117.9344352
33.6502414,-117.9245111
33.657405,-117.918706
33.6507292,-117.9205309
33.641148,-117.927635
33.65702,-117.92808
33.647865,-117.92046
33.6499925,-117.9301405
33.63397,-117.91786
33.642643,-117.93011
33.6520403,-117.9107565
33.65522,-117.906784
33.62909,-117.910355
33.634144,-117.91467
33.6565,-117.91975
33.6428727,-117.9193164
33.655285,-117.91708
33.6293681,-117.9088204
33.644775,-117.920074
33.65061,-117.915764
33.65073,-117.92053
33.6284118,-117.90925
33.6427513,-117.9324405
33.652138,-117.920525
33.644802,-117.929634
33.657326,-117.9275
33.6438484,-117.9236929
33.64718,-117.92312
33.6568662,-117.9172009
33.656868,-117.9172
33.656868,-117.9172
33.644997,-117.92823
33.65284,-117.92254
33.65522,-117.906784
33.6499925,-117.9301405
33.652252,-117.91868
33.64367,-117.9283553
33.643784,-117.92424
33.65407562,-117.9211349
33.642036,-117.93237
33.6567,-117.92264
33.63188,-117.91236
33.6499925,-117.9301405
33.65345,-117.92246
33.654076,-117.921135
33.6530406,-117.9116627
33.6419563,-117.9203276
33.6426,-117.91813
33.639957,-117.9287577
33.6565583,-117.927373
33.65522,-117.906784
33.6568662,-117.9172009
33.6345479,-117.9204163
33.65683,-117.9144
33.645706,-117.915794
33.65596,-117.918365
33.6430762,-117.9244101
33.6426,-117.91813
33.64281,-117.93377
33.6499925,-117.9301405
33.657272,-117.90481
33.6540768,-117.9211357
33.631886,-117.91232
33.638123,-117.93009
33.637264,-117.920105
33.643784,-117.92424
33.65226,-117.926796
33.6467835,-117.9148934
33.6560804,-117.93215
33.6427387,-117.9282514
33.633472,-117.9154
33.64379,-117.92661
33.641956,-117.92033
33.6428429,-117.9194308
33.63687,-117.92723
33.638668,-117.92562
33.64565,-117.915634
33.631886,-117.91232
33.654495,-117.93182
33.643658,-117.917984
33.6517619,-117.9186727
33.65407562,-117.9211349
33.65345,-117.92246
33.626663,-117.90885
33.635858,-117.922696
33.6510895,-117.9202157
33.656967,-117.92363
33.6575,-117.92456
33.641354,-117.91922
33.6484041,-117.9316902
33.635796,-117.91373
33.623966,-117.906715
33.657658,-117.91683
33.63452,-117.920364
33.655197,-117.926834
33.64038,-117.929794
33.634422,-117.918526
33.63188,-117.91236
33.657505,-117.93178
33.652237,-117.91785
33.657326,-117.9275
33.626663,-117.90885
33.656418,-117.92968
33.657658,-117.91683
33.657085,-117.908066
33.65073,-117.92053
33.626663,-117.90885
33.6399217,-117.9282434
33.655697,-117.922134
33.6448009,-117.9296371
33.633987,-117.936455
33.6427387,-117.9282514
33.63815,-117.93032
33.65061,-117.915764
33.638847,-117.927864
33.656082,-117.93215
33.652237,-117.91785
33.652122,-117.930786
33.643654,-117.92102
33.642982,-117.93584
33.6428429,-117.9194308
33.6508771,-117.9105724
33.6571237,-117.9292118
33.655697,-117.922134
33.6524069,-117.932077
33.632515,-117.91674
33.644802,-117.929634
33.6564587,-117.9226346
33.6422959,-117.9214819
33.6428429,-117.9194308
33.64113617,-117.9201126
33.64121,-117.920654
33.650394,-117.934204
33.62841,-117.90962
33.6540768,-117.9211357
33.633062,-117.9270308
33.654404,-117.91703
33.657552,-117.90411
33.6430673,-117.9272832
33.6402089,-117.9279895
33.635685,-117.920425
33.65646362,-117.9187393
33.65403,-117.91239
33.632732,-117.936
33.6427228,-117.9426573
33.657547,-117.92715
33.640835,-117.92158
33.6442905,-117.9298427
33.63354,-117.917336
33.63815,-117.93032
33.642082,-117.9402
33.648773,-117.91692
33.6427387,-117.9282514
33.65579,-117.91854
33.65126,-117.91304
33.652237,-117.91785
33.65522,-117.906784
33.656082,-117.93215
33.6510895,-117.9202157
33.645504,-117.93144
33.6530406,-117.9116627
33.64226,-117.93259
33.639957,-117.9287577
33.6568662,-117.9172009
33.623966,-117.906715
33.654076,-117.921135
33.64736,-117.9212
33.64279,-117.9283
33.650967,-117.92447
33.657326,-117.9275
33.6456497,-117.9156339
33.641354,-117.91922
33.654766,-117.91924
33.64379,-117.92661
33.639297,-117.927986
33.655403,-117.90685
33.65522,-117.906784
33.657124,-117.929214
33.654415,-117.91863
33.657658,-117.91683
33.634422,-117.918526
33.6499925,-117.9301405
33.642082,-117.9402
33.64698,-117.92073
33.642296,-117.92148
33.640507,-117.93098
33.6484041,-117.9316902
33.6456497,-117.9156339
33.656986,-117.923615
33.656887,-117.92363
33.654438,-117.91195
33.643646,-117.92856
33.657406,-117.91871
33.654263,-117.9089
33.64718,-117.92312
33.657166,-117.92442
33.65722,-117.92323
33.655403,-117.90685
33.6547,-117.91867
33.634346,-117.91845
33.6558342,-117.9319229
33.64237,-117.92038
33.654076,-117.921135
33.647175,-117.91836
33.657326,-117.9275
33.6560804,-117.93215
33.63452,-117.920364
33.648243,-117.92797
33.6365546,-117.9173491
33.6508355,-117.9275193
33.641438,-117.92877
33.657405,-117.918706
33.643646,-117.92856
33.6530406,-117.9116627
33.6484041,-117.9316902
33.642296,-117.92148
33.652237,-117.91785
33.652237,-117.91785
33.65522,-117.906784
33.6571237,-117.9292118
33.634144,-117.91467
33.6461568,-117.9233624
33.654263,-117.9089
33.657405,-117.918706
33.6414094,-117.9230358
33.63953,-117.92599
33.65522,-117.906784
33.657658,-117.91683
33.64704,-117.93393
33.65702,-117.92808
33.65596,-117.918365
33.633987,-117.936455
33.6571237,-117.9292118
33.6565302,-117.9188552
33.640343,-117.922195
33.642082,-117.9402
33.642643,-117.93011
33.652252,-117.91868
33.642082,-117.9402
33.63815,-117.93032
33.6422922,-117.922907
33.65579,-117.91854
33.654404,-117.91703
33.654495,-117.93182
33.656082,-117.93215
33.65041,-117.91595
33.652237,-117.91785
33.639957,-117.9287577
33.654438,-117.91195
33.633686,-117.91729
33.65522,-117.906784
33.657405,-117.918706
33.645027,-117.92739
33.636383,-117.91387
33.6356865,-117.9204254
33.63959,-117.92711
33.655197,-117.926834
33.657326,-117.9275
33.643692,-117.93244
33.654404,-117.91703
33.657405,-117.918706
33.643654,-117.931274
33.639923,-117.93101
33.657166,-117.92442
33.63354,-117.917336
33.632515,-117.91674
33.6309002,-117.9126629
33.643177,-117.9247925
33.646781,-117.9236333
33.639297,-117.927986
33.6426,-117.91813
33.656868,-117.9172
33.6456497,-117.9156339
33.654404,-117.91703
33.64038,-117.929794
33.656868,-117.9172
33.6482216,-117.9217055
33.654404,-117.9170303
33.64276505,-117.9204178
33.657288,-117.93192
33.65522,-117.906784
33.654495,-117.93182
33.655285,-117.91708
33.654404,-117.91703
33.6564587,-117.9226346
33.6414094,-117.9230358
33.64704,-117.93393
33.6568662,-117.9172009
33.6442905,-117.9298427
33.639297,-117.927986
33.6427916,-117.9283004
33.657272,-117.90481
33.656334,-117.92049
33.6567,-117.92264
33.634144,-117.91467
33.644775,-117.920074
33.642982,-117.93584
33.654076,-117.921135
33.632515,-117.91674
33.6426,-117.91813
33.63412857,-117.9255829
33.6284118,-117.90925
33.6437844,-117.9242365
33.656082,-117.93215
33.641197,-117.930046
33.656887,-117.92363
33.65522,-117.906784
33.6345479,-117.9204163
33.638813,-117.92821
33.639923,-117.93101
33.65345,-117.92246
33.657552,-117.90411
33.652237,-117.91785
33.65591,-117.927025
33.64585,-117.93051
33.631886,-117.91232
33.6530406,-117.9116627
33.656868,-117.9172
33.65684,-117.92363
33.6571585,-117.9236288
33.648773,-117.91692
33.6295486,-117.9096646
33.635216,-117.93896
33.6467835,-117.9148934
33.647987,-117.9132
33.64279,-117.9283
33.643646,-117.92856
33.656464,-117.91874
33.6304,-117.91117
33.652237,-117.91785
33.637775,-117.92859
33.641438,-117.92877
33.657166,-117.92442
33.643845,-117.921104
33.6418764,-117.9222156
33.64789,-117.92968
33.636,-117.92146
33.6521209,-117.9324508
33.642395,-117.921104
33.652138,-117.920525
33.6395924,-117.9271062
33.642704,-117.91873
33.657543,-117.927246
33.62912,-117.90884
33.65126,-117.91304
33.65403,-117.91239
33.6418786,-117.9271237
33.64113617,-117.9201126
33.633312,-117.91681
33.6293681,-117.9088204
33.62841,-117.90962
33.641438,-117.92877
33.63595,-117.919
33.640835,-117.92158
33.657608,-117.907166
33.6576571,-117.9168285
33.6482216,-117.9217055
33.65733,-117.904686
33.6511526,-117.9280307
33.654404,-117.9170303
33.656337,-117.9225788
33.632774,-117.9272
33.641956,-117.92033
33.6565302,-117.9188552
33.633062,-117.9270308
33.657405,-117.918706
33.64815521,-117.9207993
33.64288,-117.93923
33.656815,-117.91866
33.63452,-117.920364
33.6576571,-117.9168285
33.655254,-117.91169
33.6428727,-117.9193164
33.631886,-117.91232
33.63815,-117.93032
33.652252,-117.91868
33.640507,-117.93098
33.656334,-117.92049
33.651672,-117.92637
33.6430673,-117.9272832
33.652237,-117.91785
33.657166,-117.92442
33.643177,-117.92479
33.633062,-117.9270308
33.6324562,-117.9142526
33.639297,-117.927986
33.633144,-117.91664
33.644775,-117.920074
33.65173,-117.93169
33.654438,-117.91195
33.655647,-117.91841
33.6412393,-117.9201119
33.656082,-117.93215
33.639297,-117.927986
33.6499925,-117.9301405
33.64815521,-117.9207993
33.639297,-117.927986
33.64841843,-117.9316635
33.656464,-117.91874
33.644737,-117.91857
33.6552195,-117.9067861
33.6399229,-117.9310105
33.64364624,-117.9285126
33.654076,-117.921135
33.641438,-117.92877
33.654076,-117.921135
33.636,-117.92146
33.654404,-117.9170303
33.65761,-117.918564
33.65722,-117.92323
33.633312,-117.91681
33.652237,-117.91785
33.656868,-117.9172
33.652237,-117.91785
33.652252,-117.91868
33.631664,-117.91981
33.651077,-117.92178
33.64121,-117.920654
33.6395924,-117.9271062
33.65733,-117.904686
33.65212,-117.93165
33.628475,-117.9082
33.6530406,-117.9116627
33.6486028,-117.9170993
33.65522,-117.906784
33.65522,-117.906784
33.655197,-117.926834
33.6482216,-117.9217055
33.6540768,-117.9211357
33.639297,-117.927986
33.6568662,-117.9172009
33.65579,-117.91854
33.656334,-117.92049
33.656815,-117.91866
33.6540768,-117.9211357
33.64718,-117.92312
33.6540768,-117.9211357
33.6456497,-117.9156339
33.657608,-117.907166
33.64366,-117.921875
33.6530406,-117.9116627
33.6426,-117.91813
33.642982,-117.93584
33.6576571,-117.9168285
33.647987,-117.9132
33.636,-117.92146
33.657326,-117.9275
33.643177,-117.92479
33.643703,-117.92296
33.6442905,-117.9298427
33.654404,-117.91703
33.657405,-117.918706
33.63376,-117.91505
33.639957,-117.9287577
33.65653,-117.91885
33.640343,-117.922195
33.633987,-117.936455
33.656174,-117.92058
33.6428076,-117.9289735
33.655575,-117.91941
33.654438,-117.91195
33.6510179,-117.9219939
33.654495,-117.93182
33.63722,-117.92014
33.636,-117.92146
33.6456497,-117.9156339
33.651672,-117.92637
33.64282,-117.91862
33.6554013,-117.9068533
33.642036,-117.93237
33.6520077,-117.9095837
33.633062,-117.9270308
33.643812,-117.9280396
33.642082,-117.9402
33.6423413,-117.9213639
33.65126,-117.91304
33.636726,-117.924644
33.62841,-117.90962
33.657288,-117.93192
33.648773,-117.91692
33.626663,-117.90885
33.643208,-117.931694
33.640343,-117.922195
33.6482216,-117.9217055
33.632624,-117.936482
33.63857,-117.927986
33.6426,-117.91813
33.6429228,-117.9272588
33.6565302,-117.9188552
33.65702,-117.92808
33.6405907,-117.9245798
33.65702,-117.92808
33.649461,-117.925055
33.6456497,-117.9156339
33.6530406,-117.9116627
33.654404,-117.9170303
33.654263,-117.9089
33.6568431,-117.9236276
33.654076,-117.921135
33.64287,-117.91932
33.6284118,-117.90925
33.657166,-117.92442
33.641903,-117.93606
33.6422922,-117.922907
33.6419563,-117.9203276
33.654404,-117.91703
33.654076,-117.921135
33.639923,-117.93101
33.657272,-117.90481
33.636753,-117.92113
33.6332326,-117.9267718
33.65212,-117.93165
33.633686,-117.91729
33.657658,-117.91683
33.6405911,-117.9245798
33.64237,-117.92038
33.6540768,-117.9211357
33.64718,-117.92312
33.631718,-117.914696
33.6403935,-117.9202318
33.640507,-117.93098
33.65722,-117.92323
33.6562,-117.928185
33.641438,-117.92877
33.650497,-117.92296
33.6284118,-117.90925
33.657543,-117.927216
33.6560804,-117.93215
33.636,-117.92146
33.6423413,-117.9213639
33.638123,-117.93009
33.635858,-117.922696
33.63397,-117.91786
33.6365153,-117.9228929
33.646572,-117.927986
33.65367,-117.92814
33.657272,-117.90481
33.639297,-117.927986
33.6576571,-117.9168285
33.6402089,-117.9279895
33.64218,-117.92355
33.641956,-117.92033
33.6544963,-117.9318247
33.657658,-117.91683
33.654404,-117.9170303
33.64276505,-117.9204178
33.644753,-117.919464
33.638668,-117.92562
33.654076,-117.921135
33.646122,-117.924446
33.6426701,-117.9338591
33.6520426,-117.9265299
33.6482216,-117.9217055
33.642982,-117.93584
33.642822,-117.93681
33.654076,-117.921135
33.641354,-117.91922
33.6405907,-117.9245798
33.6530406,-117.9116627
33.641438,-117.92877
33.646267,-117.9277
33.6426,-117.91813
33.636726,-117.924644
33.65665,-117.9187
33.6463408,-117.9296356
33.6558342,-117.9319229
33.6467835,-117.9148934
33.655647,-117.91841
33.648373,-117.91489
33.6482216,-117.9217055
33.63815,-117.93032
33.657405,-117.918706
33.65475,-117.91095
33.65429,-117.90848
33.6425997,-117.9181264
33.65522,-117.906784
33.656868,-117.9172
33.656082,-117.93215
33.655487,-117.92915
33.64718,-117.92312
33.65522,-117.906784
33.64038,-117.929794
33.641438,-117.92877
33.64034271,-117.9221954
33.6405907,-117.9245798
33.636726,-117.924644
33.64129,-117.92831
33.623657,-117.90744
33.655647,-117.91841
33.63953,-117.92599
33.63188,-117.91236
33.64564896,-117.9156342
33.633987,-117.936455
33.6540768,-117.9211357
33.642975,-117.92961
33.6565302,-117.9188552
33.640343,-117.922195
33.63257,-117.91664
33.6419563,-117.9203276
33.6571237,-117.9292118
33.657405,-117.918706
33.657326,-117.9275
33.6395924,-117.9271062
33.64287,-117.91932
33.638866,-117.92941
33.640835,-117.92158
33.6484041,-117.9316902
33.6437844,-117.9242365
33.642082,-117.9402
33.65407562,-117.9211349
33.6408361,-117.9215776
33.6402089,-117.9279895
33.65596,-117.907166
33.654404,-117.91703
33.633062,-117.9270308
33.634575,-117.93218
33.6438484,-117.9236929
33.6484041,-117.9316902
33.6557878,-117.9185404
33.632362,-117.93122
33.6467835,-117.9148934
33.64276505,-117.9204178
33.638336,-117.92771
33.62916,-117.90868
33.644997,-117.92823
33.656868,-117.9172
33.657405,-117.918706
33.65765762,-117.916832
33.6402089,-117.9279895
33.6419,-117.925766
33.654404,-117.9170303
33.638668,-117.92562
33.644997,-117.92823
33.633312,-117.91681
33.645264,-117.92217
33.656082,-117.93215
33.65665,-117.9187
33.635174,-117.9181
33.654076,-117.921135
33.6422929,-117.9229169
33.63226318,-117.9147339
33.650913,-117.908646
33.65212,-117.93165
33.631886,-117.91232
33.642494,-117.93909
33.654438,-117.91195
33.64292,-117.92726
33.64381,-117.92804
33.649937,-117.9208
33.6499925,-117.9301405
33.623966,-117.906715
33.654263,-117.9089
33.65729,-117.93174
33.654415,-117.91863
33.6482216,-117.9217055
33.63186,-117.91996
33.639923,-117.93101
33.654404,-117.9170303
33.633144,-117.91664
33.64236832,-117.9203796
33.63059,-117.91301
33.6430673,-117.9272832
33.641438,-117.92877
33.64228,-117.93413
33.656334,-117.92049
33.64144,-117.91996
33.6456497,-117.9156339
33.6558342,-117.9319229
33.6430942,-117.9367766
33.64218,-117.92355
33.633137,-117.91498
33.657552,-117.90411
33.6510179,-117.9219939
33.6418764,-117.9222156
33.6564587,-117.9226346
33.64815521,-117.9207993
33.6520426,-117.9265299
33.64815521,-117.9207993
33.651672,-117.92637
33.657405,-117.918706
33.632458,-117.91425
33.644737,-117.91857
33.642036,-117.93237
33.655823,-117.92862
33.653793,-117.91863
33.64379,-117.92661
33.64789,-117.92968
33.654404,-117.91703
33.64260101,-117.918129
33.636383,-117.91387
33.63186,-117.91996
33.656723,-117.93192
33.6427387,-117.9282514
33.6345987,-117.9222408
33.63805,-117.920166
33.633686,-117.91729
33.64218,-117.92355
33.6332326,-117.9267718
33.6565302,-117.9188552
33.639923,-117.93101
33.654404,-117.9170303
33.6426473,-117.9336773
33.654404,-117.91703
33.6472386,-117.9182168
33.642082,-117.9402
33.647987,-117.9132
33.6290709,-117.9080827
33.657552,-117.90411
33.6491157,-117.9235774
33.6284118,-117.90925
33.6530406,-117.9116627
33.633062,-117.9270308
33.642765,-117.92042
33.6423413,-117.9213639
33.6430673,-117.9272832
33.640835,-117.92158
33.6576571,-117.9168285
33.6428152,-117.9333302
33.62981,-117.912224
33.642643,-117.93011
33.6500738,-117.9309986
33.65579,-117.91854
33.653805,-117.91884
33.6429228,-117.9272588
33.6554892,-117.9297286
33.637775,-117.92859
33.6560804,-117.93215
33.6530406,-117.9116627
33.64038,-117.929794
33.63911,-117.93002
33.64543,-117.92442
33.623966,-117.906715
33.625645,-117.911125
33.654076,-117.921135
33.633816,-117.93512
33.6482216,-117.9217055
33.647175,-117.91836
33.639297,-117.927986
33.633312,-117.91681
33.639957,-117.9287577
33.657543,-117.927246
33.64266,-117.93252
33.6260741,-117.9113294
33.654076,-117.921135
33.6482216,-117.9217055
33.656475,-117.908
33.639297,-117.927986
33.63906,-117.92802
33.648155,-117.9208
33.633842,-117.91566
33.656334,-117.92049
33.632515,-117.91674
33.6499925,-117.9301405
33.6325132,-117.9167399
33.654404,-117.91703
33.6565302,-117.9188552
33.6430673,-117.9272832
33.6565302,-117.9188552
33.65591,-117.927025
33.6510179,-117.9219939
33.6284118,-117.90925
33.64585,-117.93051
33.6530406,-117.9116627
33.654404,-117.9170303
33.6422743,-117.9347811
33.6501642,-117.9113981
33.639957,-117.9287577
33.624355,-117.90856
33.626663,-117.90885
33.655697,-117.922134
33.657326,-117.9275
33.6479867,-117.9132086
33.631947,-117.91496
33.6565,-117.91975
33.654404,-117.9170303
33.6467835,-117.9148934
33.64287186,-117.9193192
33.6467835,-117.9148934
33.6293681,-117.9088204
33.636978,-117.9237404
33.64439392,-117.9325027
33.6456497,-117.9156339
33.639923,-117.93101
33.64815521,-117.9207993
33.64754,-117.9121
33.642765,-117.92042
33.65647,-117.91804
33.625782,-117.907166
33.6568662,-117.9172009
33.654076,-117.921135
33.6440898,-117.9255409
33.6418786,-117.9271237
33.657272,-117.90481
33.657552,-117.90411
33.656334,-117.92759
33.6479081,-117.9301588
33.65033,-117.92629
33.6356442,-117.9125836
33.631886,-117.91232
33.6345479,-117.9204163
33.6430942,-117.9367766
33.65126,-117.91304
33.6408361,-117.9215776
33.65399,-117.92873
33.6427393,-117.9235054
33.633144,-117.91664
33.633062,-117.9270308
33.641956,-117.92033
33.65647,-117.91804
33.62841,-117.90962
33.632263,-117.914734
33.642273,-117.934784
33.65212,-117.93165
33.652008,-117.909584
33.6422929,-117.9229169
33.65579,-117.91854
33.6428727,-117.9193164
33.648243,-117.92797
33.657314,-117.91716
33.634144,-117.91467
33.6408361,-117.9215776
33.64564896,-117.9156342
33.6530406,-117.9116627
33.64379,-117.92661
33.6290883,-117.9103563
33.6564492,-117.9170687
33.65522,-117.906784
33.65475082,-117.9109497
33.656334,-117.92049
33.657326,-117.9275
33.657326,-117.9275
33.6571237,-117.9292118
33.64815521,-117.9207993
33.650967,-117.92447
33.654076,-117.921135
33.6419563,-117.9203276
33.65522,-117.906784
33.6525295,-117.92278
33.656475,-117.908
33.64379,-117.92661
33.656425,-117.93193
33.64038,-117.929794
33.64317703,-117.9247894
33.635826,-117.93874
33.639923,-117.93101
33.64736,-117.9212
33.638668,-117.92562
33.6280223,-117.9129841
33.657562,-117.92453
33.6427944,-117.923756
33.652237,-117.91785
33.6576571,-117.9168285
33.63812,-117.93011
33.652237,-117.91785
33.656868,-117.9172
33.657024,-117.92807
33.656464,-117.91874
33.64439392,-117.9325027
33.654404,-117.9170303
33.656723,-117.93192
33.6289095,-117.908945
33.6405079,-117.9309739
33.65579,-117.91854
33.647987,-117.9132
33.6560804,-117.93215
33.633062,-117.9270308
33.656868,-117.9172
33.657406,-117.91871
33.6430673,-117.9272832
33.6426,-117.91813
33.642982,-117.93584
33.625645,-117.911125
33.6564652,-117.9187366
33.657825,-117.9043
33.64439392,-117.9325027
33.650974,-117.92218
33.6365546,-117.9173491
33.639908,-117.93696
33.657405,-117.918706
33.64815521,-117.9207993
33.65653,-117.91885
33.623753,-117.90783
33.6425997,-117.9181264
33.64381,-117.92804
33.63815,-117.93032
33.639297,-117.927986
33.65522,-117.906784
33.642567,-117.923965
33.6428727,-117.9193164
33.6530406,-117.9116627
33.644997,-117.92823
33.654404,-117.91703
33.64292145,-117.9272614
33.64815521,-117.9207993
33.6540768,-117.9211357
33.643654,-117.92102
33.6456497,-117.9156339
33.65226,-117.926796
33.64262,-117.93286
33.641148,-117.927635
33.6429228,-117.9272588
33.63929,-117.928375
33.6360432,-117.9413851
33.657543,-117.927246
33.62981,-117.912224
33.64361,-117.92725
33.642094,-117.918724
33.642643,-117.93011
33.65579,-117.91854
33.6276558,-117.9084044
33.62841,-117.90962
33.657405,-117.918706
33.639957,-117.9287577
33.654404,-117.9170303
33.632774,-117.9272
33.63874,-117.92714
33.6540768,-117.9211357
33.6426,-117.91813
33.6496299,-117.9255904
33.6456497,-117.9156339
33.657024,-117.92807
33.6565,-117.91975
33.654076,-117.921135
33.64547,-117.93145
33.6562679,-117.9319418
33.6559952,-117.9071728
33.6284118,-117.90925
33.6520426,-117.9265299
33.6418764,-117.9222156
33.65126,-117.91304
33.639923,-117.93101
33.65665,-117.9187
33.64361,-117.92725
33.62981,-117.912224
33.64287186,-117.9193192
33.6399415,-117.9310114
33.64287186,-117.9193192
33.644295,-117.92725
33.656868,-117.9172
33.64323,-117.92038
33.656704,-117.92266
33.6422929,-117.9229169
33.65522,-117.906784
33.6568662,-117.9172009
33.6564652,-117.9187366
33.6482216,-117.9217055
33.64379,-117.92661
33.6409073,-117.9314335
33.657405,-117.918706
33.647987,-117.9132
33.648937,-117.9195
33.6405907,-117.9245798
33.6428727,-117.9193164
33.65284,-117.92254
33.657406,-117.91871
33.640343,-117.922195
33.64266,-117.91778
33.641438,-117.92877
33.64564896,-117.9156342
33.6293681,-117.9088204
33.632954,-117.91789
33.652237,-117.91785
33.65050888,-117.9308395
33.6568662,-117.9172009
33.6530406,-117.9116627
33.631886,-117.91232
33.6558235,-117.9286194
33.657272,-117.90481
33.6565302,-117.9188552
33.65522,-117.906784
33.657024,-117.92807
33.6482216,-117.9217055
33.643703,-117.92296
33.6563354,-117.9204873
33.652237,-117.91785
33.657405,-117.918706
33.643143,-117.93597
33.642036,-117.93237
33.6426,-117.91813
33.6426406,-117.9323422
33.6467835,-117.9148934
33.6284118,-117.90925
33.6566,-117.90569
33.641438,-117.92877
33.65703,-117.9079
33.64287,-117.91932
33.6365546,-117.9173491
33.63016,-117.91199
33.641354,-117.91922
33.6560804,-117.93215
33.6534462,-117.9263992
33.6530406,-117.9116627
33.65096,-117.92422
33.631886,-117.91232
33.6554013,-117.9068533
33.648155,-117.9208
33.640343,-117.922195
33.6408361,-117.9215776
33.6552843,-117.9170872
33.642773,-117.92955
33.6557878,-117.9185404
33.64287186,-117.9193192
33.63188,-117.91236
33.64379,-117.92661
33.6428727,-117.9193164
33.64815521,-117.9207993
33.65050888,-117.9308395
33.63888,-117.92761
33.654404,-117.91703
33.651463,-117.92796
33.646576,-117.927986
33.6463408,-117.9296356
33.6503285,-117.9262961
33.655197,-117.926834
33.6368885,-117.9241066
33.642082,-117.9402
33.63815,-117.93032
33.64565,-117.915634
33.643177,-117.9247925
33.6540768,-117.9211357
33.641354,-117.91922
33.6571237,-117.9292118
33.63857,-117.927986
33.6508771,-117.9105724
33.64262,-117.93286
33.6568662,-117.9172009
33.6558235,-117.9286194
33.652252,-117.91868
33.64287186,-117.9193192
33.6395924,-117.9271062
33.63812,-117.93011
33.643177,-117.9247925
33.654404,-117.9170303
33.64788437,-117.9214859
33.657513,-117.930984
33.6428429,-117.9194308
33.6568662,-117.9172009
33.636547,-117.917305
33.6425997,-117.9181264
33.631886,-117.91232
33.64439392,-117.9325027
33.642822,-117.93681
33.6426,-117.91813
33.656868,-117.9172
33.632687,-117.9321
33.6474419,-117.9222157
33.623966,-117.906715
33.655197,-117.926834
33.64379,-117.92661
33.640507,-117.93098
33.6540768,-117.9211357
33.655186,-117.907074
33.6365546,-117.9173491
33.6467835,-117.9148934
33.6530406,-117.9116627
33.656868,-117.9172
33.656868,-117.9172
33.6482216,-117.9217055
33.65475,-117.91095
33.626663,-117.90885
33.63354,-117.917336
33.646572,-117.927986
33.64038,-117.929794
33.657405,-117.918706
33.6565302,-117.9188552
33.63812,-117.93011
33.63188,-117.91236
33.63704,-117.91756
33.641438,-117.92877
33.634758,-117.91427
33.6431647,-117.9202633
33.6399217,-117.9282434
33.64265,-117.932655
33.642166,-117.923546
33.6568662,-117.9172009
33.6552195,-117.9067861
33.6534945,-117.9224784
33.63953,-117.92599
33.655285,-117.91708
33.624584,-117.90892
33.64723,-117.92794
33.6540911,-117.9093855
33.644653,-117.91992
33.657405,-117.918706
33.639297,-117.927986
33.649426,-117.921745
33.64564896,-117.9156342
33.6552195,-117.9067861
33.6558741,-117.9283938
33.654076,-117.921135
33.6481,-117.91336
33.654404,-117.9170303
33.654076,-117.921135
33.654076,-117.921135
33.65727,-117.93174
33.6429228,-117.9272588
33.636978,-117.9237404
33.633062,-117.9270308
33.639297,-117.927986
33.644802,-117.929634
33.656334,-117.92049
33.6427916,-117.9283004
33.64815521,-117.9207993
33.64135,-117.919876
33.631886,-117.91232
33.6454258,-117.9317348
33.642494,-117.93909
33.63186,-117.91996
33.65204,-117.91076
33.6517294,-117.9316856
33.634598,-117.92224
33.640163,-117.943794
33.6426,-117.91813
33.6430673,-117.9272832
33.65440369,-117.9170303
33.6571237,-117.9292118
33.641354,-117.91922
33.6428152,-117.9333302
33.654404,-117.91703
33.646572,-117.927986
33.639957,-117.9287577
33.633987,-117.936455
33.656406,-117.931305
33.6428193,-117.9186145
33.63959,-117.92711
33.641354,-117.91922
33.642616,-117.91875
33.6503071,-117.925297
33.65212,-117.93165
33.6431001,-117.9236027
33.640507,-117.93098
33.6474419,-117.9222157
33.6436472,-117.9285556
33.64287186,-117.9193192
33.64314,-117.9297
33.6456497,-117.9156339
33.6426215,-117.9328636
33.64788437,-117.9214859
33.641735,-117.930016
33.65403,-117.91239
33.6540768,-117.9211357
33.656258,-117.92834
33.657562,-117.92453
33.654076,-117.921135
33.633816,-117.93512
33.6481,-117.91336
33.654438,-117.91195
33.641438,-117.92877
33.6552195,-117.9067861
33.64668,-117.930145
33.65727,-117.93174
33.632515,-117.91674
33.64113617,-117.9201126
33.639923,-117.93101
33.63587,-117.91897
33.654263,-117.9089
33.653805,-117.91884
33.647903,-117.92967
33.6456497,-117.9156339
33.6500738,-117.9309986
33.635685,-117.920425
33.63188,-117.91236
33.64262,-117.93286
33.6565302,-117.9188552
33.657406,-117.91871
33.6540768,-117.9211357
33.63815,-117.93032
33.654404,-117.91703
33.6399217,-117.9282434
33.657024,-117.92807
33.6571237,-117.9292118
33.6568662,-117.9172009
33.646572,-117.927986
33.643654,-117.92102
33.634422,-117.918526
33.647987,-117.9132
33.6568662,-117.9172009
33.6399583,-117.930031
33.654438,-117.91195
33.6430762,-117.9244101
33.6284118,-117.90925
33.6576571,-117.9168285
33.6558741,-117.9283938
33.646576,-117.927986
33.652237,-117.91785
33.64226,-117.93425
33.65475082,-117.9109497
33.656334,-117.92049
33.65033,-117.92629
33.644802,-117.929634
33.657405,-117.918706
33.64287186,-117.9193192
33.642616,-117.91875
33.64121,-117.920654
33.643654,-117.931274
33.633062,-117.9270308
33.646923,-117.925385
33.633312,-117.91681
33.6530406,-117.9116627
33.6419563,-117.9203276
33.6423218,-117.9204574
33.64788437,-117.9214859
33.642643,-117.93011
33.64287186,-117.9193192
33.653793,-117.91863
33.657405,-117.918706
33.657562,-117.92453
33.6422929,-117.9229169
33.65033,-117.92629
33.650967,-117.92447
33.6430272,-117.9358666
33.6571237,-117.9292118
33.6472386,-117.9182168
33.6430673,-117.9272832
33.65579,-117.91854
33.643177,-117.92479
33.652237,-117.91785
33.654404,-117.91703
33.6401284,-117.9237668
33.650703,-117.92468
33.656921,-117.9084687
33.633686,-117.91729
33.639957,-117.9287577
33.654076,-117.921135
33.6499982,-117.9301209
33.655403,-117.90685
33.6482216,-117.9217055
33.63186,-117.91996
33.6568662,-117.9172009
33.639923,-117.93101
33.6436444,-117.9285158
33.657543,-117.927246
33.64226151,-117.9342499
33.654404,-117.9170303
33.631886,-117.91232
33.64744,-117.92222
33.6335428,-117.9173338
33.65727,-117.93174
33.64083481,-117.9215775
33.6563354,-117.9204873
33.641956,-117.92033
33.632458,-117.91425
33.6437018,-117.9229592
33.6558342,-117.9319229
33.641884,-117.92222
33.63459778,-117.9222412
33.656868,-117.9172
33.636726,-117.924644
33.65683,-117.9144
33.641396,-117.92889
33.639297,-117.927986
33.650227,-117.922646
33.6430942,-117.9367766
33.6381627,-117.9313716
33.656414,-117.919914
33.6559,-117.92081
33.63812,-117.93011
33.6429228,-117.9272588
33.6456497,-117.9156339
33.63188,-117.91236
33.644653,-117.91992
33.640835,-117.92158
33.656868,-117.9172
33.633312,-117.91681
33.6558342,-117.9319229
33.64564896,-117.9156342
33.6437844,-117.9242365
33.652218,-117.92615
33.657608,-117.907166
33.6440898,-117.9255409
33.639957,-117.9287577
33.63954,-117.92823
33.6521225,-117.9324493
33.6552195,-117.9067861
33.6399583,-117.930031
33.654438,-117.91195
33.6467835,-117.9148934
33.654076,-117.921135
33.65045,-117.9306
33.657552,-117.90411
33.6558741,-117.9283938
33.654404,-117.91703
33.648155,-117.9208
33.64381,-117.92804
33.647053,-117.933914
33.65241,-117.932076
33.643818,-117.91785
33.647903,-117.92967
33.65591,-117.927025
33.656334,-117.92049
33.6564652,-117.9187366
33.6456497,-117.9156339
33.654404,-117.91703
33.652237,-117.91785
33.656334,-117.92049
33.6410031,-117.9288591
33.6430673,-117.9272832
33.6534462,-117.9263992
33.641438,-117.92877
33.6427709,-117.9295525
33.634144,-117.91467
33.64276505,-117.9204178
33.6467835,-117.9148934
33.64788437,-117.9214859
33.632263,-117.914734
33.657314,-117.91716
33.639923,-117.93101
33.6482216,-117.9217055
33.6293681,-117.9088204
33.655823,-117.92862
33.633062,-117.9270308
33.657883,-117.90355
33.64486694,-117.9324493
33.6256443,-117.9111278
33.640163,-117.943794
33.6345479,-117.9204163
33.63959,-117.92711
33.654076,-117.921135
33.651306,-117.92747
33.639297,-117.927986
33.654076,-117.921135
33.656868,-117.9172
33.63186,-117.91996
33.6425997,-117.9181264
33.65585,-117.91947
33.6427387,-117.9282514
33.657326,-117.9275
33.654404,-117.9170303
33.643147,-117.92178
33.654404,-117.91703
33.64575,-117.91812
33.6530406,-117.9116627
33.642273,-117.934784
33.65403,-117.91239
33.654404,-117.91703
33.633987,-117.936455
33.6437018,-117.9229592
33.63812,-117.93011
33.6565302,-117.9188552
33.642494,-117.93909
33.657326,-117.9275
33.65522,-117.906784
33.63359,-117.91741
33.6540768,-117.9211357
33.638573,-117.928604
33.65522,-117.906784
33.636978,-117.9237404
33.633062,-117.9270308
33.63383,-117.91598
33.656868,-117.9172
33.6419563,-117.9203276
33.6423673,-117.9203827
33.6405907,-117.9245798
33.625942,-117.9096
33.644997,-117.92823
33.654404,-117.91703
33.647903,-117.92967
33.6456497,-117.9156339
33.6258527,-117.905078
33.6399229,-117.9310105
33.65440369,-117.9170303
33.6302925,-117.9181553
33.634598,-117.92224
33.656334,-117.92049
33.648155,-117.9208
33.6482216,-117.9217055
33.6571237,-117.9292118
33.6556112,-117.9283623
33.65579,-117.91854
33.64121,-117.920654
33.65461,-117.917755
33.643105,-117.93672
33.642277,-117.93443
33.64815521,-117.9207993
33.639923,-117.93101
33.6427916,-117.9283004
33.6568662,-117.9172009
33.657215,-117.924736
33.6426215,-117.9328636
33.632515,-117.91674
33.640343,-117.922195
33.642494,-117.93909
33.65475082,-117.9109497
33.64083,-117.92109
33.65212,-117.93165
33.632263,-117.914734
33.6423379,-117.9203402
33.6364516,-117.9171909
33.654404,-117.9170303
33.6566,-117.90569
33.6345479,-117.9204163
33.6426,-117.91813
33.656815,-117.91866
33.642784,-117.92906
33.6429228,-117.9272588
33.6540768,-117.9211357
33.6345987,-117.9222408
33.65683,-117.9144
33.63929,-117.928375
33.65727,-117.93174
33.652237,-117.91785
33.657405,-117.918706
33.654568,-117.918434
33.640163,-117.943794
33.6530406,-117.9116627
33.65050888,-117.9308395
33.6438639,-117.9236644
33.64879,-117.92966
33.654076,-117.921135
33.636726,-117.924644
33.654076,-117.921135
33.646152,-117.93008
33.640163,-117.943794
33.63815,-117.93032
33.657406,-117.91871
33.6427387,-117.9282514
33.6520192,-117.9096312
33.6526288,-117.9321052
33.64279,-117.9283
33.64564896,-117.9156342
33.657024,-117.92807
33.6559952,-117.9071728
33.645542,-117.927956
33.6359727,-117.9272796
33.63188553,-117.912323
33.624584,-117.90892
33.636978,-117.9237404
33.656868,-117.9172
33.651672,-117.92637
33.65579,-117.91854
33.64383,-117.92241
33.6510179,-117.9219939
33.65226,-117.92677
33.63816,-117.9278
33.630775,-117.91206
33.657543,-117.927246
33.642094,-117.918724
33.643646,-117.92856
33.6467835,-117.9148934
33.64279,-117.9283
33.657405,-117.918706
33.6559,-117.92081
33.6552195,-117.9067861
33.657272,-117.90481
33.634888,-117.916565
33.64696,-117.92767
33.649406,-117.92405
33.65050888,-117.9308395
33.6563354,-117.9204873
33.6427387,-117.9282514
33.625782,-117.907166
33.640404,-117.92007
33.6293681,-117.9088204
33.644653,-117.91992
33.657166,-117.92442
33.6426,-117.91813
33.632515,-117.91674
33.626663,-117.90885
33.655872,-117.92839
33.6520426,-117.9265299
33.656452,-117.917076
33.6456497,-117.9156339
33.65727,-117.93174
33.62924,-117.90719
33.64268,-117.93526
33.656887,-117.92363
33.64547,-117.93145
33.6565302,-117.9188552
33.632774,-117.9272
33.6576571,-117.9168285
33.6483759,-117.9193738
33.642821,-117.9292481
33.654404,-117.91703
33.64279,-117.9283
33.64815521,-117.9207993
33.62799,-117.91512
33.656334,-117.92049
33.65173,-117.93169
33.6427653,-117.9204148
33.6540768,-117.9211357
33.6381708,-117.937259
33.654568,-117.918434
33.6456497,-117.9156339
33.6422743,-117.9347811
33.643703,-117.92296
33.6438026,-117.9238227
33.65061,-117.915764
33.654263,-117.9089
33.6571237,-117.9292118
33.6428429,-117.9194308
33.638573,-117.928604
33.657166,-117.92442
33.65041,-117.91595
33.6560804,-117.93215
33.6530406,-117.9116627
33.63354111,-117.9173355
33.657405,-117.918706
33.6502414,-117.9245111
33.642296,-117.92148
33.636547,-117.917305
33.6573138,-117.9171566
33.6520426,-117.9265299
33.655285,-117.91708
33.642036,-117.93237
33.641903,-117.93606
33.640404,-117.92007
33.641438,-117.92877
33.63812,-117.93011
33.648403,-117.93169
33.641163,-117.919205
33.6565033,-117.9197476
33.65047,-117.92315
33.6325132,-117.9167399
33.65226,-117.92677
33.6482216,-117.9217055
33.653446,-117.9133
33.654568,-117.918434
33.641354,-117.91922
33.657406,-117.91871
33.64279,-117.9283
33.6564725,-117.9226493
33.6474419,-117.9222157
33.626663,-117.90885
33.641956,-117.92033
33.654415,-117.91863
33.64815521,-117.9207993
33.6284118,-117.90925
33.656124,-117.92829
33.64383,-117.92241
33.6425997,-117.9181264
33.642277,-117.93443
33.631886,-117.91232
33.65475082,-117.9109497
33.6497713,-117.9309111
33.65647125,-117.9180374
33.646782,-117.914894
33.657405,-117.918706
33.6540768,-117.9211357
33.63397,-117.91786
33.654404,-117.9170303
33.645187,-117.915794
33.63397,-117.917861
33.6489296,-117.9190521
33.6482216,-117.9217055
33.657658,-117.91683
33.642822,-117.93681
33.65126,-117.91304
33.65126,-117.91304
33.64287,-117.91932
33.646122,-117.924446
33.646923,-117.925385
33.649147,-117.924
33.6422743,-117.9347811
33.6510179,-117.9219939
33.6456497,-117.9156339
33.6508771,-117.9105724
33.6540768,-117.9211357
33.657658,-117.91683
33.657272,-117.90481
33.6428727,-117.9193164
33.6434368,-117.9247544
33.655285,-117.91708
33.657405,-117.918706
33.642704,-117.91873
33.65407562,-117.9211349
33.65175247,-117.9129028
33.64718,-117.92312
33.65591812,-117.907196
33.641956,-117.92033
33.6337576,-117.9150471
33.657405,-117.918706
33.64386,-117.92414
33.63754,-117.91696
33.6574114,-117.9187066
33.6395924,-117.9271062
33.652245,-117.91726
33.65475082,-117.9109497
33.643803,-117.92018
33.65686798,-117.9171982
33.650967,-117.92447
33.6540768,-117.9211357
33.6565302,-117.9188552
33.65596,-117.907166
33.6568662,-117.9172009
33.64616,-117.91928
33.6442905,-117.9298427
33.62849,-117.90813
33.6399217,-117.9282434
33.6457074,-117.9157921
33.642494,-117.93909
33.642082,-117.9402
33.64287,-117.91932
33.6508771,-117.9105724
33.6474419,-117.9222157
33.6407734,-117.9401475
33.639538,-117.92918
33.6408361,-117.9215776
33.63959,-117.92711
33.654076,-117.921135
33.632263,-117.914734
33.634598,-117.92224
33.6436937,-117.9324415
33.64279,-117.9283
33.64815521,-117.9207993
33.6427387,-117.9282514
33.6422743,-117.9347811
33.638336,-117.92771
33.656868,-117.9172
33.654404,-117.91703
33.6256443,-117.9111278
33.657562,-117.92453
33.655006,-117.932273
33.64637375,-117.9150391
33.6565302,-117.9188552
33.6456497,-117.9156339
33.650967,-117.92447
33.65579,-117.91854
33.642616,-117.91875
33.65727234,-117.904808
33.641407,-117.919815
33.656464,-117.91874
33.644997,-117.92823
33.6507292,-117.9205309
33.646576,-117.927986
33.634598,-117.92224
33.6457074,-117.9157921
33.656464,-117.91874
33.643177,-117.9247925
33.6571237,-117.9292118
33.654984,-117.922134
33.633842,-117.91566
33.6474419,-117.9222157
33.657405,-117.918706
33.63188,-117.91236
33.643177,-117.9247925
33.6457074,-117.9157921
33.6428727,-117.9193164
33.6422387,-117.9349231
33.63929,-117.928375
33.639297,-117.927986
33.6571237,-117.9292118
33.644653,-117.91992
33.654404,-117.91703
33.6423673,-117.9203827
33.647987,-117.9132
33.6429228,-117.9272588
33.639923,-117.93101
33.657085,-117.908066
33.655197,-117.926834
33.656334,-117.92049
33.654404,-117.91703
33.642822,-117.93681
33.654076,-117.921135
33.6395924,-117.9271062
33.6559,-117.92081
33.6419563,-117.9203276
33.63266,-117.90986
33.64486694,-117.9324493
33.6399229,-117.9310105
33.626045,-117.911705
33.633062,-117.9270308
33.6557878,-117.9185404
33.6364516,-117.9171909
33.652237,-117.91785
33.638813,-117.92821
33.656334,-117.92049
33.640602,-117.925995
33.65045,-117.9306
33.638336,-117.92771
33.6395924,-117.9271062
33.642277,-117.93423
33.657326,-117.9275
33.65068,-117.924355
33.63691,-117.92141
33.656853,-117.91733
33.625942,-117.9096
33.6419563,-117.9203276
33.6495869,-117.928577
33.65126,-117.91304
33.632496,-117.916824
33.626045,-117.911705
33.627293,-117.91089
33.6572888,-117.913815
33.65045,-117.9306
33.65592,-117.907196
33.6576571,-117.9168285
33.65683,-117.9144
33.6427387,-117.9282514
33.64266,-117.91778
33.6422929,-117.9229169
33.654404,-117.91703
33.6427916,-117.9283004
33.634422,-117.918526
33.652283,-117.925095
33.6436472,-117.9285556
33.6479867,-117.9132086
33.6552195,-117.9067861
33.632263,-117.914734
33.633566,-117.9200865
33.64121,-117.920654
33.643654,-117.92102
33.6284118,-117.90925
33.644653,-117.91992
33.656414,-117.919914
33.64379,-117.92661
33.64486694,-117.9324493
33.640774,-117.94015
33.63816,-117.92783
33.64815521,-117.9207993
33.657562,-117.92453
33.640907,-117.931435
33.657552,-117.90411
33.6540768,-117.9211357
33.635098,-117.92065
33.630913,-117.91294
33.652237,-117.91785
33.656464,-117.91874
33.6327076,-117.9277835
33.63188,-117.91236
33.6511163,-117.9274914
33.638622,-117.93172
33.634598,-117.92224
33.642296,-117.92148
33.6568662,-117.9172009
33.633062,-117.9270308
33.6564725,-117.9226493
33.642616,-117.91875
33.655586,-117.9186
33.638866,-117.92941
33.642082,-117.9402
33.63815,-117.93032
33.647987,-117.9132
33.639923,-117.93101
33.63754,-117.91696
33.639297,-117.927986
33.6524388,-117.9285209
33.650223,-117.92327
33.654263,-117.9089
33.63929,-117.928375
33.6565302,-117.9188552
33.632687,-117.9321
33.642165,-117.9235423
33.643654,-117.931274
33.656868,-117.9172
33.6381627,-117.9313716
33.6428727,-117.9193164
33.639297,-117.927986
33.65647,-117.91804
33.6482216,-117.9217055
33.6354242,-117.9239064
33.657405,-117.918706
33.63188,-117.91236
33.6554013,-117.9068533
33.631424,-117.91359
33.63815,-117.93032
33.65126,-117.91304
33.6430673,-117.9272832
33.6354242,-117.9239064
33.635887,-117.92284
33.65740585,-117.9187088
33.657272,-117.90481
33.6284118,-117.90925
33.651016,-117.922
33.642822,-117.929245
33.642166,-117.923546
33.650497,-117.92296
33.6434168,-117.9283608
33.650497,-117.92296
33.643177,-117.9247925
33.655586,-117.9186
33.6507292,-117.9205309
33.657552,-117.90411
33.656483,-117.91849
33.639923,-117.93101
33.6503285,-117.9262961
33.65226,-117.92677
33.6484187,-117.9316644
33.63929,-117.928375
33.642822,-117.93681
33.64637375,-117.9150391
33.64815521,-117.9207993
33.6489312,-117.9190526
33.65682983,-117.9143982
33.657047,-117.931946
33.65201569,-117.9329376
33.657166,-117.92442
33.657405,-117.918706
33.643147,-117.92178
33.633062,-117.9270308
33.648155,-117.9208
33.6558741,-117.9283938
33.632263,-117.914734
33.6528379,-117.9225408
33.641438,-117.92877
33.65591,-117.927025
33.6293681,-117.9088204
33.6399583,-117.930031
33.657405,-117.918706
33.6474419,-117.9222157
33.6511163,-117.9274914
33.63722,-117.92014
33.64815521,-117.9207993
33.631884,-117.9123223
33.6395924,-117.9271062
33.6422743,-117.9347811
33.654404,-117.91703
33.6365546,-117.9173491
33.6510179,-117.9219939
33.6482216,-117.9217055
33.654404,-117.91703
33.632496,-117.916824
33.639286,-117.92863
33.643177,-117.9247925
33.644997,-117.92823
33.6452979,-117.9300639
33.6558342,-117.9319229
33.641438,-117.92877
33.654076,-117.921135
33.634422,-117.918526
33.6541502,-117.9188002
33.634598,-117.92224
33.650967,-117.92447
33.631886,-117.91232
33.6256443,-117.9111278
33.6410031,-117.9288591
33.64486694,-117.9324493
33.6407734,-117.9401475
33.636,-117.92146
33.63812,-117.93011
33.63959,-117.92711
33.64561462,-117.9247742
33.6422387,-117.9349231
33.652176,-117.92664
33.6576571,-117.9168285
33.651672,-117.92637
33.64325,-117.928955
33.656353,-117.9316
33.6428727,-117.9193164
33.656464,-117.91874
33.654404,-117.91703
33.654076,-117.921135
33.626663,-117.90885
33.64121,-117.920654
33.64325,-117.928955
33.641438,-117.92877
33.64788437,-117.9214859
33.6422922,-117.922907
33.6395924,-117.9271062
33.6408361,-117.9215776
33.639923,-117.93101
33.638866,-117.92941
33.6430762,-117.9244101
33.6481,-117.91336
33.6421472,-117.9317287
33.6456497,-117.9156339
33.631886,-117.91232
33.6540768,-117.9211357
33.6510179,-117.9219939
33.633144,-117.91664
33.6507292,-117.9205309
33.6405907,-117.9245798
33.646267,-117.9277
33.642036,-117.93237
33.63059,-117.91301
33.625942,-117.9096
33.65045,-117.9306
33.62592,-117.91153
33.63452,-117.920364
33.656815,-117.91866
33.650497,-117.92296
33.6530406,-117.9116627
33.6422743,-117.9347811
33.6520426,-117.9265299
33.626663,-117.90885
33.6419563,-117.9203276
33.647987,-117.9132
33.652237,-117.91785
33.6423673,-117.9203827
33.6484187,-117.9316644
33.639957,-117.9287577
33.6421472,-117.9317287
33.64565,-117.915634
33.6395924,-117.9271062
33.643185,-117.91949
33.6510179,-117.9219939
33.6530406,-117.9116627
33.656868,-117.9172
33.65088,-117.93239
33.657405,-117.918706
33.632263,-117.914734
33.6428727,-117.9193164
33.6559952,-117.9071728
33.6428727,-117.9193164
33.633062,-117.9270308
33.657405,-117.918706
33.64744,-117.92222
33.63929,-117.928375
33.643654,-117.931274
33.64879,-117.92966
33.656464,-117.91874
33.64279,-117.9283
33.655403,-117.90685
33.657024,-117.92807
33.63954,-117.92823
33.64287,-117.91932
33.6568662,-117.9172009
33.634598,-117.92224
33.639297,-117.927986
33.6568662,-117.9172009
33.6407734,-117.9401475
33.642963,-117.926796
33.65522,-117.906784
33.64637375,-117.9150391
33.6568662,-117.9172009
33.641346,-117.92271
33.627396,-117.91104
33.642494,-117.93909
33.6422743,-117.9347811
33.64616,-117.91928
33.654495,-117.90815
33.657406,-117.91871
33.6576571,-117.9168285
33.6456497,-117.9156339
33.6256443,-117.9111278
33.6405907,-117.9245798
33.6429228,-117.9272588
33.650497,-117.92296
33.6511163,-117.9274914
33.639057,-117.9285
33.6558741,-117.9283938
33.642082,-117.9402
33.65461,-117.917755
33.639297,-117.927986
33.639957,-117.9287577
33.639297,-117.927986
33.6440898,-117.9255409
33.625942,-117.9096
33.653496,-117.92248
33.6276558,-117.9084044
33.644653,-117.91992
33.6540768,-117.9211357
33.625942,-117.9096
33.6564492,-117.9170687
33.6482216,-117.9217055
33.64565,-117.915634
33.657405,-117.918706
33.657272,-117.90481
33.6426215,-117.9328636
33.6428727,-117.9193164
33.651028,-117.914314
33.636887,-117.92411
33.655197,-117.926834
33.6418786,-117.9271237
33.64279,-117.9283
33.630604,-117.91447
33.6430673,-117.9272832
33.639923,-117.93101
33.6530406,-117.9116627
33.64381,-117.92804
33.64234,-117.921364
33.64744,-117.92222
33.654076,-117.921135
33.6428727,-117.9193164
33.634598,-117.92224
33.6395924,-117.9271062
33.65475082,-117.9109497
33.654263,-117.9089
33.6256443,-117.9111278
33.6552843,-117.9170872
33.633062,-117.9270308
33.6437908,-117.9266113
33.646572,-117.927986
33.652237,-117.91785
33.653736,-117.91875
33.642165,-117.9235423
33.6418221,-117.9240333
33.656815,-117.91866
33.6436533,-117.9210238
33.650826,-117.9313
33.63929,-117.928375
33.6563,-117.92989
33.657085,-117.908066
33.651752,-117.9129
33.6569836,-117.9236282
33.6423673,-117.9203827
33.652252,-117.91868
33.6293681,-117.9088204
33.64409,-117.92554
33.63929,-117.928375
33.647987,-117.9132
33.643654,-117.92102
33.6481,-117.91336
33.654076,-117.921135
33.6407734,-117.9401475
33.6430942,-117.9367766
33.633076,-117.915886
33.644653,-117.91992
33.65596,-117.918365
33.636547,-117.917305
33.648056,-117.91971
33.6565302,-117.9188552
33.6324968,-117.9168215
33.63188,-117.91236
33.6426,-117.91813
33.6474419,-117.9222157
33.6421472,-117.9317287
33.6284118,-117.90925
33.646572,-117.927986
33.64266,-117.91778
33.638172,-117.93066
33.6408361,-117.9215776
33.6381615,-117.9304953
33.651016,-117.922
33.654076,-117.921135
33.643166,-117.92479
33.6568662,-117.9172009
33.657405,-117.918706
33.636547,-117.917305
33.6481149,-117.9136907
33.657314,-117.91716
33.657406,-117.91871
33.6561974,-117.9190564
33.639923,-117.93101
33.632885,-117.927734
33.64744,-117.92222
33.6528379,-117.9225408
33.657024,-117.92807
33.650826,-117.9313
33.648155,-117.9208
33.64287,-117.91932
33.643105,-117.93672
33.6564725,-117.9226493
33.6573,-117.93194
33.6530406,-117.9116627
33.65522,-117.906784
33.648403,-117.93169
33.641438,-117.92877
33.654076,-117.921135
33.6565302,-117.9188552
33.641438,-117.92877
33.65201569,-117.9329376
33.652218,-117.92769
33.63754,-117.91696
33.657326,-117.9275
33.65522,-117.906784
33.6427916,-117.9283004
33.631634,-117.91633
33.639706,-117.930916
33.6568662,-117.9172009
33.65521,-117.90709
33.6426,-117.91813
33.64262,-117.93286
33.6558741,-117.9283938
33.657314,-117.91716
33.657543,-117.927216
33.6425997,-117.9181264
33.64264,-117.93234
33.64234,-117.921364
33.6574123,-117.9215126
33.63188,-117.91236
33.6540768,-117.9211357
33.6564492,-117.9170687
33.64839,-117.929184
33.640507,-117.93098
33.65727,-117.92233
33.640343,-117.922195
33.636,-117.92146
33.64839,-117.929184
33.6565,-117.91975
33.647619,-117.9279895
33.65727,-117.92233
33.6558741,-117.9283938
33.6423673,-117.9203827
33.6408361,-117.9215776
33.65421,-117.9098523
33.6508771,-117.9105724
33.6408361,-117.9215776
33.6560804,-117.93215
33.63808,-117.93649
33.65345,-117.92246
33.628296,-117.91143
33.654404,-117.9170303
33.638824,-117.92799
33.6574086,-117.9219893
33.6508771,-117.9105724
33.63397,-117.917861
33.644653,-117.91992
33.6481,-117.9133582
33.64711,-117.91952
33.648403,-117.93169
33.640404,-117.92007
33.63698,-117.923744
33.6552843,-117.9170872
33.6479867,-117.9132086
33.646374,-117.9150386
33.6560804,-117.93215
33.6419563,-117.9203276
33.6474419,-117.9222157
33.6540768,-117.9211357
33.6428727,-117.9193164
33.650864,-117.91234
33.626663,-117.90885
33.6508771,-117.9105724
33.6426931,-117.9332298
33.6437844,-117.9242365
33.654076,-117.921135
33.641354,-117.91922
33.6428193,-117.9186145
33.657405,-117.918706
33.657608,-117.907166
33.6568662,-117.9172009
33.6508771,-117.9105724
33.6423673,-117.9203827
33.6552195,-117.9067861
33.655285,-117.91708
33.642166,-117.923546
33.656876,-117.92867
33.64279,-117.9283
33.6559,-117.92081
33.642097,-117.920044
33.6558741,-117.9283938
33.6507292,-117.9205309
33.639923,-117.93101
33.6325132,-117.9167399
33.6325132,-117.9167399
33.6427916,-117.9283004
33.6395924,-117.9271062
33.6407734,-117.9401475
33.642082,-117.9402
33.64815521,-117.9207993
33.638336,-117.92771
33.641956,-117.92033
33.657406,-117.91871
33.653446,-117.9133
33.640507,-117.93098
33.6430673,-117.9272832
33.6511163,-117.9274914
33.656464,-117.91874
33.6361235,-117.9319107
33.642616,-117.91875
33.637585,-117.92266
33.64279,-117.9283
33.63812,-117.93011
33.633987,-117.936455
33.6253074,-117.910606
33.65579,-117.91854
33.6456497,-117.9156339
33.657024,-117.92807
33.633062,-117.9270308
33.65727,-117.93174
33.635597,-117.9178
33.646572,-117.927986
33.6253074,-117.910606
33.6571237,-117.9292118
33.654404,-117.91703
33.657024,-117.92807
33.6428727,-117.9193164
33.6430673,-117.9272832
33.655197,-117.926834
33.625942,-117.9096
33.656868,-117.9172
33.62592,-117.91153
33.6526288,-117.9321052
33.6438292,-117.9224058
33.652283,-117.925095
33.654404,-117.91703
33.6575633,-117.9245296
33.648777,-117.92561
33.64486694,-117.9324493
33.642082,-117.9402
33.654194,-117.91275
33.6568662,-117.9172009
33.639297,-117.927986
33.63698,-117.923744
33.6552195,-117.9067861
33.639923,-117.93101
33.6565302,-117.9188552
33.657552,-117.90411
33.632554,-117.91527
33.63188,-117.91236
33.6256443,-117.9111278
33.6507292,-117.9205309
33.652122,-117.930786
33.6354242,-117.9239064
33.6474419,-117.9222157
33.63954,-117.92823
33.65033,-117.92629
33.654404,-117.91703
33.656334,-117.92049
33.626045,-117.911705
33.643846,-117.9211014
33.644737,-117.91857
33.64718,-117.92312
33.656868,-117.9172
33.64815521,-117.9207993
33.657405,-117.918706
33.636,-117.92146
33.6558741,-117.9283938
33.650497,-117.92296
33.652237,-117.91785
33.63929,-117.928375
33.634415,-117.92154
33.63816,-117.9278
33.656868,-117.9172
33.62592,-117.91153
33.657024,-117.92807
33.6565302,-117.9188552
33.632263,-117.914734
33.63541,-117.92373
33.647987,-117.9132
33.6327,-117.92118
33.6410031,-117.9288591
33.6395924,-117.9271062
33.6421472,-117.9317287
33.657272,-117.90481
33.6575633,-117.9245296
33.64589,-117.93268
33.632954,-117.91789
33.6430673,-117.9272832
33.64381,-117.92804
33.63251495,-117.9167404
33.657543,-117.927246
33.642822,-117.93681
33.640507,-117.93098
33.642506,-117.93654
33.6573138,-117.9171566
33.63954,-117.92823
33.6426,-117.91813
33.657326,-117.9275
33.63929,-117.928375
33.6431671,-117.9308002
33.641956,-117.92033
33.6327,-117.92118
33.643654,-117.92102
33.641323,-117.91985
33.642616,-117.91875
33.656868,-117.9172
33.65579,-117.91854
33.6429228,-117.9272588
33.6553032,-117.9066835
33.6561974,-117.9190564
33.63276,-117.92638
33.64016,-117.932755
33.64379,-117.92661
33.6284118,-117.90925
33.65733,-117.904686
33.655582,-117.9187
33.6325132,-117.9167399
33.64711,-117.91952
33.64815521,-117.9207993
33.657024,-117.92807
33.650497,-117.92296
33.6408361,-117.9215776
33.6474419,-117.9222157
33.6325132,-117.9167399
33.6563,-117.92989
33.64234,-117.921364
33.63188,-117.91236
33.6482216,-117.9217055
33.6503285,-117.9262961
33.639923,-117.93101
33.632263,-117.914734
33.636978,-117.9237404
33.657406,-117.91871
33.639297,-117.927986
33.6408361,-117.9215776
33.64279,-117.9283
33.657405,-117.918706
33.63959,-117.92711
33.6404037,-117.9200686
33.654076,-117.921135
33.6507292,-117.9205309
33.6517619,-117.9186727
33.635857,-117.9227
33.6558741,-117.9283938
33.650856,-117.90863
33.625645,-117.911125
33.625942,-117.9096
33.633062,-117.9270308
33.633312,-117.91681
33.656334,-117.92049
33.6576571,-117.9168285
33.652511,-117.908881
33.65647,-117.91804
33.63815,-117.93032
33.6556112,-117.9283623
33.6526288,-117.9321052
33.6465958,-117.9150755
33.6407734,-117.9401475
33.632458,-117.91425
33.6381627,-117.9313716
33.6430673,-117.9272832
33.644653,-117.91992
33.631886,-117.91232
33.6428727,-117.9193164
33.635685,-117.920425
33.6503285,-117.9262961
33.642082,-117.9402
33.63754,-117.91696
33.657562,-117.92453
33.65592,-117.907196
33.639297,-117.927986
33.652511,-117.908881
33.642643,-117.93011
33.656082,-117.93215
33.6482216,-117.9217055
33.64279,-117.9283
33.6576571,-117.9168285
33.652138,-117.920525
33.626045,-117.911705
33.655403,-117.90685
33.6503285,-117.9262961
33.641136,-117.92011
33.638336,-117.92771
33.626217,-117.91152
33.657166,-117.92442
33.6563,-117.92989
33.65756226,-117.92453
33.641438,-117.92877
33.6503285,-117.9262961
33.6407734,-117.9401475
33.634144,-117.91467
33.647987,-117.9132
33.6428727,-117.9193164
33.6456497,-117.9156339
33.652237,-117.91785
33.653446,-117.9264
33.6421472,-117.9317287
33.6422743,-117.9347811
33.6558741,-117.9283938
33.65727,-117.93174
33.65761,-117.90833
33.64345,-117.92881
33.652252,-117.91868
33.6540768,-117.9211357
33.6339688,-117.9316437
33.632687,-117.9321
33.639923,-117.93101
33.6568662,-117.9172009
33.642082,-117.9402
33.642494,-117.93909
33.6559671,-117.9225282
33.62841,-117.90925
33.654404,-117.91703
33.64274,-117.92825
33.633062,-117.9270308
33.634598,-117.92224
33.63815,-117.93032
33.64815521,-117.9207993
33.641003,-117.928856
33.6256443,-117.9111278
33.654076,-117.921135
33.65649,-117.9215
33.650497,-117.92296
33.63856,-117.929
33.655197,-117.926834
33.656284,-117.931816
33.632954,-117.91789
33.632515,-117.91674
33.65403,-117.91239
33.6408361,-117.9215776
33.6554013,-117.9068533
33.6443589,-117.9185497
33.643812,-117.9280396
33.6408361,-117.9215776
33.650673,-117.92341
33.6395924,-117.9271062
33.6552195,-117.9067861
33.63929,-117.928375
33.63054,-117.91822
33.625942,-117.9096
33.6354242,-117.9239064
33.642277,-117.93423
33.6565302,-117.9188552
33.633144,-117.91664
33.65591,-117.927025
33.632263,-117.914734
33.641354,-117.91922
33.6547305,-117.9070497
33.6327,-117.92118
33.657552,-117.90411
33.655575,-117.91941
33.642506,-117.93654
33.656464,-117.91874
33.6576571,-117.9168285
33.65702,-117.90261
33.640774,-117.94015
33.63959,-117.92711
33.6363542,-117.9315866
33.6437908,-117.9266113
33.6407734,-117.9401475
33.6568662,-117.9172009
33.642166,-117.923546
33.6333884,-117.926958
33.642616,-117.91875
33.64379,-117.92661
33.657024,-117.92807
33.642082,-117.9402
33.6418821,-117.9222184
33.639297,-117.927986
33.642616,-117.91875
33.6474419,-117.9222157
33.6503285,-117.9262961
33.6408361,-117.9215776
33.654243,-117.91577
33.655403,-117.90685
33.6422743,-117.9347811
33.650967,-117.92447
33.6486,-117.9171
33.654076,-117.921135
33.6438484,-117.9236929
33.643703,-117.92296
33.632263,-117.914734
33.651287,-117.91327
33.633062,-117.9270308
33.654404,-117.91703
33.65761,-117.90833
33.63666,-117.92359
33.631886,-117.91232
33.65647,-117.91804
33.625942,-117.9096
33.657405,-117.918706
33.6564725,-117.9226493
33.6318596,-117.9123183
33.657658,-117.91683
33.64561462,-117.9247742
33.6407734,-117.9401475
33.628143,-117.9088
33.6408361,-117.9215776
33.644653,-117.91992
33.624058,-117.908775
33.657406,-117.91871
33.6441418,-117.9237313
33.6540768,-117.9211357
33.657658,-117.91683
33.62592,-117.91153
33.65212,-117.93165
33.6438484,-117.9236929
33.6256443,-117.9111278
33.64637375,-117.9150391
33.657166,-117.92442
33.640774,-117.94015
33.646572,-117.927986
33.6395924,-117.9271062
33.632554,-117.91527
33.625942,-117.9096
33.642786,-117.9361396
33.654076,-117.921135
33.6422922,-117.922907
33.642864,-117.9317163
33.6395924,-117.9271062
33.63067,-117.912506
33.6402443,-117.9322362
33.6463408,-117.9296356
33.63815,-117.93032
33.654404,-117.9170303
33.647053,-117.933914
33.65126,-117.91304
33.657405,-117.918706
33.65522,-117.906784
33.636,-117.92146
33.6526288,-117.9321052
33.6426,-117.91813
33.6479867,-117.9132086
33.63397,-117.91786
33.634144,-117.91467
33.64287,-117.91932
33.643177,-117.9247925
33.6540768,-117.9211357
33.63188,-117.91236
33.6456497,-117.9156339
33.633062,-117.9270308
33.64241,-117.93171
33.6407734,-117.9401475
33.6482216,-117.9217055
33.648056,-117.91971
33.657543,-117.927216
33.642082,-117.9402
33.656815,-117.91866
33.657024,-117.92807
33.62841,-117.90925
33.6574086,-117.9219893
33.657562,-117.92453
33.6367912,-117.9246471
33.657024,-117.92807
33.639297,-117.927986
33.65086,-117.90859
33.64382,-117.92227
33.6407734,-117.9401475
33.631886,-117.91232
33.652237,-117.91785
33.6500738,-117.9309986
33.6430673,-117.9272832
33.62592,-117.91153
33.6474419,-117.9222157
33.64414215,-117.9237289
33.639957,-117.9287577
33.654243,-117.91577
33.6540768,-117.9211357
33.6293681,-117.9088204
33.6409073,-117.9314335
33.6431534,-117.9244617
33.657024,-117.92807
33.62592,-117.91153
33.6408361,-117.9215776
33.626907,-117.91106
33.6427916,-117.9283004
33.6521198,-117.9316508
33.6428727,-117.9193164
33.65579,-117.91854
33.632977,-117.9168
33.6430623,-117.9244021
33.640774,-117.94015
33.625942,-117.9096
33.657658,-117.91683
33.6544963,-117.9318247
33.6552195,-117.9067861
33.6428727,-117.9193164
33.6253074,-117.910606
33.6440898,-117.9255409
33.64382,-117.92227
33.633877,-117.93338
33.65761,-117.90833
33.64565,-117.915634
33.651016,-117.922
33.64353,-117.927284
33.64379,-117.92661
33.6510179,-117.9219939
33.656224,-117.91459
33.6563,-117.92989
33.638866,-117.92941
33.655827,-117.91992
33.6540768,-117.9211357
33.6558741,-117.9283938
33.6465958,-117.9150755
33.6558741,-117.9283938
33.630898,-117.9135
33.64279,-117.9283
33.6565033,-117.9197627
33.651077,-117.92178
33.654404,-117.9170303
33.6564725,-117.9226493
33.65421,-117.9098523
33.6320306,-117.913412
33.6318596,-117.9123183
33.636978,-117.9237405
33.6437018,-117.9229592
33.641438,-117.92877
33.651306,-117.92747
33.64287,-117.91932
33.6325132,-117.9167399
33.6530406,-117.9116627
33.651016,-117.922
33.637775,-117.92859
33.64815521,-117.9207993
33.6560804,-117.93215
33.645103,-117.91936
33.6520426,-117.9265299
33.6399217,-117.9282434
33.634327,-117.916245
33.64288,-117.92927
33.6325132,-117.9167399
33.6405907,-117.9245798
33.648155,-117.9208
33.6408361,-117.9215776
33.64262,-117.93286
33.64718,-117.92312
33.6408361,-117.9215776
33.6568662,-117.9172009
33.626663,-117.90885
33.6552195,-117.9067861
33.63291,-117.91468
33.651016,-117.922
33.62841,-117.90925
33.6325132,-117.9167399
33.64281845,-117.9186172
33.652237,-117.91785
33.6565302,-117.9188552
33.642082,-117.9402
33.643166,-117.92479
33.63959,-117.92711
33.646572,-117.927986
33.656425,-117.93193
33.654404,-117.9170303
33.65522,-117.906784
33.656224,-117.91459
33.6405907,-117.9245798
33.6530406,-117.9116627
33.6540768,-117.9211357
33.656334,-117.92049
33.6419563,-117.9203276
33.6508771,-117.9105724
33.657326,-117.9275
33.6544386,-117.9119455
33.6571237,-117.9292118
33.657406,-117.91871
33.657562,-117.92453
33.6492185,-117.9157302
33.6437844,-117.9242365
33.657658,-117.91683
33.6470478,-117.9274629
33.642765,-117.92042
33.6427387,-117.9282514
33.648403,-117.93169
33.65475082,-117.9109497
33.657405,-117.918706
33.6510179,-117.9219939
33.6368885,-117.9241066
33.657326,-117.9275
33.6570904,-117.9082284
33.657406,-117.91871
33.657406,-117.91871
33.657627,-117.91859
33.6437844,-117.9242365
33.642036,-117.93237
33.63906,-117.92802
33.636547,-117.917305
33.652252,-117.91868
33.64379,-117.92661
33.6436669,-117.9290504
33.631886,-117.91232
33.65407562,-117.9211349
33.63808,-117.929245
33.6419563,-117.9203276
33.6474419,-117.9222157
33.6508771,-117.9105724
33.6517619,-117.9186727
33.641956,-117.92033
33.632515,-117.91674
33.651463,-117.92796
33.652832,-117.91866
33.6419563,-117.9203276
33.655197,-117.926834
33.6530406,-117.9116627
33.64385,-117.92369
33.655304,-117.906685
33.657658,-117.91683
33.64668,-117.930145
33.6428727,-117.9193164
33.654076,-117.921135
33.6436472,-117.9285556
33.656174,-117.92058
33.65632,-117.92265
33.6426701,-117.9338591
33.6552195,-117.9067861
33.6558741,-117.9283938
33.65579,-117.91854
33.645794,-117.91977
33.6418821,-117.9222184
33.652016,-117.93294
33.6437564,-117.9225202
33.64268,-117.933525
33.65041,-117.91595
33.6456497,-117.9156339
33.6571237,-117.9292118
33.6479867,-117.9132086
33.654243,-117.91577
33.650967,-117.92447
33.63188,-117.91236
33.657658,-117.91683
33.6456497,-117.9156339
33.64637375,-117.9150391
33.6426,-117.91813
33.6421472,-117.9317287
33.657124,-117.929214
33.6558741,-117.9283938
33.652832,-117.91866
33.656224,-117.91459
33.6484041,-117.9316902
33.642773,-117.92955
33.653366,-117.90794
33.64815521,-117.9207993
33.652008,-117.909584
33.6419563,-117.9203276
33.6508771,-117.9105724
33.642616,-117.91875
33.6474419,-117.9222157
33.6343549,-117.9161811
33.657043,-117.92472
33.646572,-117.927986
33.657405,-117.918706
33.633987,-117.936455
33.6499982,-117.9301209
33.640404,-117.92007
33.6405907,-117.9245798
33.6558741,-117.9283938
33.643177,-117.9247925
33.651463,-117.92796
33.65653,-117.91885
33.6438609,-117.9241416
33.6565302,-117.9188552
33.63452,-117.920364
33.6557878,-117.9185404
33.64486694,-117.9324493
33.641903,-117.93606
33.64815521,-117.9207993
33.6558741,-117.9283938
33.6422743,-117.9347811
33.651016,-117.922
33.6428727,-117.9193164
33.6422387,-117.9349231
33.6565302,-117.9188552
33.6530406,-117.9116627
33.62841,-117.90925
33.635887,-117.92284
33.656334,-117.92049
33.6565302,-117.9188552
33.652283,-117.925095
33.6474419,-117.9222157
33.656334,-117.92049
33.650967,-117.92447
33.6517619,-117.9186727
33.6399217,-117.9282434
33.626778,-117.90869
33.657406,-117.91871
33.657406,-117.91871
33.657608,-117.907166
33.651287,-117.91327
33.6576571,-117.9168285
33.6345987,-117.9222408
33.64381,-117.92804
33.6327,-117.92118
33.642822,-117.93681
33.639297,-117.927986
33.657024,-117.92807
33.64815521,-117.9207993
33.657405,-117.918706
33.643143,-117.91852
33.6408361,-117.9215776
33.6503285,-117.9262961
33.6471623,-117.9154858
33.644653,-117.91992
33.6553032,-117.9066835
33.65045,-117.9306
33.6474419,-117.9222157
33.6573,-117.93194
33.639965,-117.92255
33.642506,-117.93654
33.6437844,-117.9242365
33.6324968,-117.9168215
33.63929,-117.928375
33.6568662,-117.9172009
33.6381627,-117.9313716
33.6381705,-117.92865
33.647987,-117.9132
33.62592,-117.91153
33.637775,-117.92859
33.6530406,-117.9116627
33.6422929,-117.9229169
33.650497,-117.92296
33.6419563,-117.9203276
33.642165,-117.9235423
33.6423673,-117.9203827
33.6568662,-117.9172009
33.633312,-117.91681
33.64744,-117.92222
33.6565302,-117.9188552
33.6540768,-117.9211357
33.657405,-117.918706
33.636753,-117.92113
33.643812,-117.9280396
33.65126,-117.91304
33.65579,-117.91854
33.642166,-117.923546
33.6408361,-117.9215776
33.6256443,-117.9111278
33.6426215,-117.9328636
33.640728,-117.94012
33.62592,-117.91153
33.6563,-117.92989
33.632053,-117.91443
33.6325132,-117.9167399
33.652237,-117.91785
33.636757,-117.92115
33.625942,-117.9096
33.6325132,-117.9167399
33.656224,-117.91459
33.65212,-117.93165
33.643166,-117.9308
33.6471623,-117.9154858
33.62841,-117.90925
33.656334,-117.92049
33.65033,-117.92629
33.657405,-117.918706
33.6442905,-117.9298427
33.656868,-117.9172
33.6430673,-117.9272832
33.6491157,-117.9235774
33.638573,-117.928604
33.65627,-117.93194
33.6484187,-117.9316644
33.657024,-117.92807
33.6365153,-117.9228929
33.643177,-117.92479
33.642506,-117.93654
33.6543696,-117.9070952
33.640728,-117.94012
33.65733,-117.904686
33.65475082,-117.9109497
33.65591,-117.927025
33.632515,-117.91674
33.648155,-117.9208
33.656868,-117.9172
33.6573,-117.93194
33.631886,-117.91232
33.650658,-117.923225
33.65212,-117.93165
33.646122,-117.924446
33.65665,-117.9187
33.65645,-117.91707
33.643166,-117.92479
33.643703,-117.92296
33.655575,-117.91941
33.626472,-117.90847
33.632263,-117.914734
33.65226,-117.92677
33.6422743,-117.9347811
33.626514,-117.91123
33.640163,-117.943794
33.648243,-117.92797
33.6457488,-117.9181176
33.65033,-117.92629
33.63813,-117.92945
33.6402443,-117.9322362
33.6558741,-117.9283938
33.638336,-117.92771
33.6428727,-117.9193164
33.63815,-117.93032
33.633062,-117.9270308
33.640774,-117.94015
33.6429228,-117.9272588
33.650497,-117.92296
33.6573138,-117.9171566
33.640729,-117.9401194
33.6496299,-117.9255904
33.6474419,-117.9222157
33.651016,-117.922
33.6513146,-117.9109478
33.63906,-117.92802
33.6503285,-117.9262961
33.65226,-117.92677
33.633312,-117.91681
33.6575037,-117.9321457
33.657405,-117.918706
33.6253074,-117.910606
33.63492,-117.92603
33.6317175,-117.9146936
33.65045,-117.9306
33.6441418,-117.9237313
33.634598,-117.92224
33.6574086,-117.9219893
33.63888,-117.92761
33.655403,-117.90685
33.641396,-117.928535
33.642036,-117.93237
33.6293681,-117.9088204
33.6557878,-117.9185404
33.638866,-117.92941
33.6395924,-117.9271062
33.6575633,-117.9245296
33.63929,-117.928375
33.6407734,-117.9401475
33.6436472,-117.9285556
33.65647,-117.922646
33.647987,-117.9132
33.64565,-117.915634
33.6354242,-117.9239064
33.63416,-117.91659
33.6555825,-117.9194329
33.64815521,-117.9207993
33.639297,-117.927986
33.6418821,-117.9222184
33.65308,-117.9131
33.640729,-117.9401194
33.6503071,-117.925297
33.64381,-117.92804
33.6564652,-117.9187366
33.6540768,-117.9211357
33.6463408,-117.9296356
33.6456497,-117.9156339
33.679085,-117.920105
33.6436856,-117.9312154
33.633987,-117.936455
33.6395924,-117.9271062
33.651287,-117.91327
33.6426215,-117.9328636
33.642822,-117.93681
33.640728,-117.94012
33.65212,-117.93165
33.65579,-117.91854
33.6575633,-117.9245296
33.6256443,-117.9111278
33.6568662,-117.9172009
33.634144,-117.91467
33.656224,-117.91459
33.657024,-117.92807
33.64016,-117.932755
33.6572978,-117.9319418
33.6463408,-117.9296356
33.639297,-117.927986
33.647987,-117.9132
33.646923,-117.925385
33.65727,-117.93174
33.648155,-117.9208
33.640835,-117.92158
33.6555743,-117.9194127
33.6421472,-117.9317287
33.625942,-117.9096
33.652237,-117.91785
33.634422,-117.918526
33.6571237,-117.9292118
33.656704,-117.92266
33.643177,-117.92479
33.6474419,-117.9222157
33.656868,-117.9172
33.654076,-117.921135
33.6430673,-117.9272832
33.6410031,-117.9288591
33.64364,-117.9288902
33.6540768,-117.9211357
33.643604,-117.92744
33.63929,-117.928375
33.63698,-117.923744
33.644653,-117.91992
33.656815,-117.91866
33.644959,-117.9293055
33.6437865,-117.9225459
33.657552,-117.90411
33.6568153,-117.9186642
33.6441418,-117.9237313
33.6474419,-117.9222157
33.65045,-117.9306
33.656334,-117.92049
33.63266,-117.90986
33.639282,-117.929016
33.6426,-117.91813
33.6408361,-117.9215776
33.6564725,-117.9226493
33.6426,-117.91813
33.64241,-117.93226
33.657024,-117.92807
33.6517619,-117.9186727
33.6540768,-117.9211357
33.6422743,-117.9347811
33.64565,-117.915634
33.6428787,-117.9292693
33.6428727,-117.9193164
33.64496,-117.929306
33.643654,-117.931274
33.6573,-117.93194
33.652237,-117.91785
33.6428727,-117.9193164
33.6421472,-117.9317287
33.6430673,-117.9272832
33.63856,-117.929
33.65596,-117.918365
33.62592,-117.91153
33.63119,-117.90618
33.62592,-117.91153
33.65752,-117.927345
33.6482216,-117.9217055
33.648376,-117.91852
33.6418821,-117.9222184
33.6526288,-117.9321052
33.6555825,-117.9194329
33.646572,-117.927986
33.6526553,-117.9239647
33.6503285,-117.9262961
33.645542,-117.927956
33.63416,-117.91659
33.624058,-117.908775
33.65176,-117.91867
33.633062,-117.9270308
33.656284,-117.931816
33.6437844,-117.9242365
33.65041,-117.91595
33.64311,-117.934074
33.63547,-117.91827
33.657272,-117.90481
33.6526553,-117.9239647
33.63808,-117.929245
33.656224,-117.91459
33.639282,-117.929016
33.6474419,-117.9222157
33.633062,-117.9270308
33.6494077,-117.9240479
33.6427387,-117.9282514
33.63029,-117.91815
33.640163,-117.943794
33.6520426,-117.9265299
33.643166,-117.9308
33.657215,-117.92029
33.657562,-117.92453
33.639957,-117.92876
33.6408361,-117.9215776
33.656082,-117.93215
33.6573,-117.93194
33.6361,-117.91935
33.657024,-117.92807
33.6428727,-117.9193164
33.6430673,-117.9272832
33.64282,-117.91862
33.6503285,-117.9262961
33.643036,-117.928154
33.656174,-117.92058
33.6456497,-117.9156339
33.65204,-117.91076
33.64187,-117.92861
33.63856,-117.9294
33.6540768,-117.9211357
33.6575633,-117.9245296
33.655552,-117.90712
33.6520426,-117.9265299
33.656704,-117.92266
33.640343,-117.922195
33.657505,-117.932144
33.639923,-117.93101
33.6395924,-117.9271062
33.656815,-117.91866
33.653446,-117.9264
33.6427228,-117.9426573
33.6446313,-117.9282798
33.656704,-117.92266
33.64637375,-117.9150391
33.646492,-117.93243
33.632458,-117.91425
33.6568153,-117.9186642
33.654243,-117.91577
33.626087,-117.91134
33.64414215,-117.9237289
33.654243,-117.91577
33.643654,-117.931274
33.656334,-117.92049
33.6253074,-117.910606
33.654835,-117.92104
33.6395924,-117.9271062
33.657406,-117.91871
33.62841,-117.90925
33.641438,-117.92877
33.642326,-117.923775
33.648373,-117.91489
33.655197,-117.926834
33.639297,-117.927986
33.6293681,-117.9088204
33.637775,-117.92859
33.63188,-117.91236
33.64121,-117.920654
33.64414215,-117.9237289
33.6521209,-117.9324508
33.658623,-117.932
33.63266,-117.90986
33.65041,-117.930435
33.640343,-117.922195
33.630604,-117.91447
33.6428727,-117.9193164
33.656815,-117.91866
33.6520426,-117.9265299
33.6327758,-117.9272031
33.657658,-117.91683
33.6419563,-117.9203276
33.62592,-117.91153
33.65202,-117.90963
33.639297,-117.927986
33.63872,-117.92723
33.6570351,-117.9194847
33.6430673,-117.9272832
33.6521209,-117.9324508
33.64381,-117.92804
33.635857,-117.9227
33.644653,-117.91992
33.6573,-117.93194
33.6566616,-117.9286705
33.64409,-117.928055
33.650497,-117.92296
33.6474419,-117.9222157
33.656224,-117.91459
33.636,-117.92146
33.644352,-117.91858
33.6565302,-117.9188552
33.656815,-117.91866
33.6565302,-117.9188552
33.651016,-117.922
33.6568662,-117.9172009
33.64815521,-117.9207993
33.6540768,-117.9211357
33.6564492,-117.9170687
33.637775,-117.92859
33.642506,-117.93654
33.639957,-117.9287577
33.6345479,-117.9204163
33.654404,-117.9170303
33.653446,-117.9264
33.64379,-117.92661
33.653736,-117.91875
33.6318821,-117.9123644
33.63188,-117.91236
33.652237,-117.91785
33.641285,-117.92873
33.646576,-117.927986
33.649895,-117.91303
33.6431468,-117.9217799
33.6428727,-117.9193164
33.6428727,-117.9193164
33.634846,-117.92544
33.64744,-117.92222
33.6564725,-117.9226493
33.656868,-117.9172
33.6504103,-117.9159452
33.643517,-117.93283
33.6558741,-117.9283938
33.6530406,-117.9116627
33.64963,-117.93022
33.6325132,-117.9167399
33.64187,-117.92861
33.6558741,-117.9283938
33.6381705,-117.92865
33.65449524,-117.9318237
33.646572,-117.927986
33.6423673,-117.9203827
33.6540768,-117.9211357
33.62841,-117.90925
33.6428727,-117.9193164
33.6552195,-117.9067861
33.647987,-117.9132
33.6438609,-117.9241416
33.65421,-117.9098523
33.6368885,-117.9241066
33.641956,-117.92033
33.657837,-117.917725
33.647617,-117.927986
33.6565302,-117.9188552
33.6519517,-117.9339849
33.634523,-117.9203653
33.654076,-117.921135
33.6428193,-117.9186145
33.6337354,-117.9147317
33.648796,-117.91734
33.656704,-117.92266
33.6540768,-117.9211357
33.6438292,-117.9224058
33.6381705,-117.92865
33.6294425,-117.9095334
33.6502414,-117.9245111
33.65522,-117.906784
33.64241,-117.93226
33.6574086,-117.9219893
33.6309,-117.91267
33.64266,-117.91778
33.64379,-117.92661
33.6427916,-117.9283004
33.65522,-117.906784
33.6426,-117.91813
33.654404,-117.91703
33.654076,-117.921135
33.64266,-117.91778
33.6510179,-117.9219939
33.641933,-117.92119
33.6426238,-117.9354321
33.638573,-117.928604
33.6356866,-117.9204234
33.640343,-117.922195
33.64483,-117.9301
33.6558741,-117.9283938
33.65075,-117.91604
33.6309,-117.91267
33.642693,-117.93323
33.640156,-117.92559
33.639957,-117.9287577
33.650497,-117.92296
33.6426406,-117.9323422
33.64483,-117.9301
33.649773,-117.93091
33.6540768,-117.9211357
33.643177,-117.9247925
33.6381705,-117.92865
33.65632,-117.92265
33.6558741,-117.9283938
33.6474419,-117.9222157
33.6399217,-117.9282434
33.654404,-117.9170303
33.642166,-117.923546
33.642582,-117.93637
33.641933,-117.91846
33.6423673,-117.9203827
33.631886,-117.91232
33.6290883,-117.9103563
33.6325132,-117.9167399
33.6381705,-117.92865
33.65421,-117.9098523
33.656868,-117.9172
33.6335428,-117.9173338
33.653793,-117.91863
33.6564725,-117.9226493
33.641285,-117.92873
33.6392902,-117.9283733
33.64227676,-117.934227
33.6309,-117.91267
33.65653,-117.91885
33.6484041,-117.9316902
33.65475082,-117.9109497
33.6420876,-117.9186372
33.6309,-117.91267
33.6405907,-117.9245798
33.63808,-117.929245
33.6530406,-117.9116627
33.652237,-117.91785
33.6427916,-117.9283004
33.641407,-117.919266
33.656868,-117.9172
33.65794,-117.91772
33.640804,-117.92115
33.6508771,-117.9105724
33.64034271,-117.9221954
33.642166,-117.923546
33.6368885,-117.9241066
33.642765,-117.92375
33.65665,-117.9187
33.6318821,-117.9123644
33.654404,-117.9170303
33.640793,-117.919815
33.6428727,-117.9193164
33.6565302,-117.9188552
33.641438,-117.92877
33.63812,-117.93011
33.657543,-117.927246
33.646572,-117.92797
33.652122,-117.93245
33.6423673,-117.9203827
33.638165,-117.93121
33.653496,-117.92248
33.652252,-117.91868
33.653805,-117.91884
33.657562,-117.92453
33.65565,-117.91479
33.6499982,-117.9301209
33.6428727,-117.9193164
33.6435014,-117.9191059
33.6456497,-117.9156339
33.642506,-117.93654
33.642506,-117.93654
33.65592,-117.907196
33.657562,-117.92453
33.64637375,-117.9150391
33.644997,-117.92823
33.64744,-117.92222
33.6540768,-117.9211357
33.643078,-117.93237
33.625645,-117.911125
33.6481443,-117.919682
33.633062,-117.9270308
33.6503285,-117.9262961
33.63266,-117.90986
33.644653,-117.91992
33.6395924,-117.9271062
33.6467835,-117.9148934
33.657658,-117.91683
33.6573,-117.93194
33.6467835,-117.9148934
33.63815,-117.93032
33.657405,-117.918706
33.6563,-117.92989
33.65226,-117.92677
33.65403,-117.91239
33.6571237,-117.9292118
33.64264,-117.93234
33.63929,-117.928375
33.650967,-117.92447
33.639072,-117.920235
33.6399217,-117.9282434
33.63815,-117.93032
33.6568662,-117.9172009
33.6575633,-117.9245296
33.65579,-117.91854
33.6578928,-117.903568
33.640774,-117.94015
33.655197,-117.926834
33.63857,-117.927986
33.64815521,-117.9207993
33.63929,-117.92129
33.625942,-117.9096
33.6521198,-117.9316508
33.6365456,-117.9173033
33.626045,-117.911705
33.650497,-117.92296
33.6558272,-117.919923
33.639957,-117.9287577
33.648773,-117.91692
33.63929,-117.928375
33.6430673,-117.9272832
33.6441418,-117.9237313
33.64302,-117.935684
33.6474419,-117.9222157
33.6290883,-117.9103563
33.6430673,-117.9272832
33.6410031,-117.9288591
33.639282,-117.929016
33.65091,-117.90863
33.65212,-117.93165
33.654076,-117.921135
33.656334,-117.92049
33.654984,-117.922134
33.6325132,-117.9167399
33.6552195,-117.9067861
33.641438,-117.92877
33.642056,-117.93394
33.632362,-117.93122
33.65522,-117.906784
33.63857,-117.927986
33.639297,-117.927986
33.6520426,-117.9265299
33.6495869,-117.928577
33.650345,-117.926315
33.6327,-117.92118
33.632515,-117.91674
33.642082,-117.9402
33.6309129,-117.9129439
33.6408361,-117.9215776
33.634415,-117.92154
33.655647,-117.91841
33.655304,-117.91708
33.6573,-117.93194
33.6564725,-117.9226493
33.643177,-117.9247925
33.64279,-117.9283
33.655186,-117.92721
33.6426,-117.91813
33.650497,-117.92296
33.638165,-117.93137
33.6552195,-117.9067861
33.63954,-117.92823
33.636726,-117.924644
33.652016,-117.93294
33.657562,-117.92453
33.626198,-117.9119
33.64877,-117.92526
33.63416,-117.91659
33.6480273,-117.9208404
33.633312,-117.91681
33.657314,-117.91716
33.643078,-117.93237
33.633062,-117.9270308
33.639496,-117.93815
33.63397,-117.91786
33.6256443,-117.9111278
33.650967,-117.92447
33.656334,-117.92049
33.64668,-117.930145
33.63906,-117.92802
33.6575139,-117.9309844
33.656224,-117.91459
33.6441418,-117.9237313
33.63754,-117.91696
33.654415,-117.91863
33.6474419,-117.9222157
33.6417881,-117.9343507
33.640163,-117.943794
33.642506,-117.93654
33.64744,-117.92222
33.6503285,-117.9262961
33.648773,-117.91692
33.65041,-117.930435
33.6564652,-117.9187366
33.632687,-117.9321
33.65653,-117.91885
33.65727,-117.93174
33.643078,-117.93237
33.652252,-117.91868
33.652511,-117.908881
33.640774,-117.94015
33.65579,-117.91854
33.634598,-117.92224
33.647175,-117.91836
33.65522,-117.906784
33.6386587,-117.9244221
33.6430673,-117.9272832
33.6434168,-117.9283608
33.64262,-117.93286
33.6474419,-117.9222157
33.642082,-117.9402
33.640343,-117.922195
33.6467835,-117.9148934
33.656334,-117.92049
33.6568662,-117.9172009
33.640774,-117.94015
33.656334,-117.92049
33.625942,-117.9096
33.6426215,-117.9328636
33.639297,-117.927986
33.632362,-117.93122
33.6325132,-117.9167399
33.63906,-117.92802
33.657883,-117.90355
33.643177,-117.9247925
33.631884,-117.9123223
33.640728,-117.94012
33.6565033,-117.9197476
33.656868,-117.9172
33.6571237,-117.9292118
33.6554013,-117.9068533
33.632515,-117.91674
33.632694,-117.93617
33.639297,-117.927986
33.6520426,-117.9265299
33.63929,-117.928375
33.651016,-117.922
33.626045,-117.911705
33.62592,-117.91153
33.625942,-117.9096
33.64227676,-117.934227
33.6470478,-117.9274629
33.62592,-117.91153
33.6408361,-117.9215776
33.6290883,-117.9103563
33.643066,-117.927284
33.63459778,-117.9222412
33.62841,-117.90925
33.640163,-117.943794
33.632732,-117.936
33.6474419,-117.9222157
33.6434196,-117.9276614
33.633312,-117.91681
33.648243,-117.92797
33.62841,-117.90925
33.63929,-117.928375
33.6421472,-117.9317287
33.64262,-117.93286
33.646572,-117.92797
33.636944,-117.92227
33.6375642,-117.9227789
33.65653,-117.91885
33.656334,-117.92049
33.64815521,-117.9207993
33.64364,-117.9288902
33.65579,-117.91854
33.639282,-117.929016
33.64744,-117.92222
33.642334,-117.92516
33.6467835,-117.9148934
33.6558741,-117.9283938
33.639297,-117.927986
33.631884,-117.9123223
33.64178,-117.935135
33.657658,-117.91683
33.626663,-117.90885
33.6421883,-117.9397037
33.6426215,-117.9328636
33.6573,-117.93046
33.6411357,-117.9201146
33.6474419,-117.9222157
33.6503285,-117.9262961
33.640163,-117.943794
33.636753,-117.92113
33.65522,-117.906784
33.6568662,-117.9172009
33.6568662,-117.9172009
33.657272,-117.90481
33.6522589,-117.9267739
33.65591,-117.927025
33.652237,-117.91785
33.643703,-117.92296
33.656815,-117.91866
33.62531,-117.91061
33.639286,-117.92863
33.640343,-117.922195
33.656223,-117.91459
33.6564725,-117.9226493
33.6430673,-117.9272832
33.646782,-117.927986
33.64877,-117.92526
33.640163,-117.943794
33.641407,-117.919266
33.640774,-117.94015
33.640728,-117.94012
33.6408361,-117.9215776
33.6565302,-117.9188552
33.6520426,-117.9265299
33.64129,-117.92831
33.643066,-117.927284
33.63856,-117.9294
33.6395924,-117.9271062
33.6327,-117.92118
33.6395924,-117.9271062
33.648773,-117.91692
33.632362,-117.93122
33.657405,-117.918706
33.6405907,-117.9245798
33.62592,-117.91153
33.633062,-117.9270308
33.657166,-117.92442
33.640163,-117.943794
33.6568662,-117.9172009
33.650497,-117.92296
33.64414215,-117.9237289
33.642277,-117.93443
33.6437865,-117.9225459
33.6293681,-117.9088204
33.625942,-117.9096
33.6423673,-117.9203827
33.656868,-117.9172
33.6309002,-117.9126629
33.642506,-117.93654
33.657405,-117.918706
33.640728,-117.94012
33.65045,-117.9306
33.65565,-117.91479
33.6482216,-117.9217055
33.643078,-117.92441
33.652237,-117.91785
33.641396,-117.928535
33.6564729,-117.9180381
33.65522,-117.906784
33.6456497,-117.9156339
33.64381,-117.92804
33.625645,-117.911125
33.646374,-117.9150386
33.6309002,-117.9126629
33.657658,-117.91683
33.6414057,-117.9192653
33.657024,-117.92807
33.641438,-117.92877
33.63856,-117.9294
33.639297,-117.927986
33.653496,-117.92248
33.650967,-117.92447
33.65244,-117.92852
33.6253074,-117.910606
33.6426931,-117.9332298
33.639957,-117.92876
33.647987,-117.91321
33.6430673,-117.9272832
33.657543,-117.927216
33.638165,-117.93137
33.6568483,-117.9049031
33.6503285,-117.9262961
33.6408361,-117.9215776
33.658215,-117.91924
33.64121,-117.920654
33.633312,-117.91681
33.654404,-117.91703
33.64379,-117.92661
33.6427916,-117.9283004
33.657166,-117.92442
33.655403,-117.90685
33.625942,-117.9096
33.6327758,-117.9272031
33.6327,-117.92118
33.6462678,-117.9276945
33.6474419,-117.9222157
33.656334,-117.92049
33.656815,-117.91866
33.656334,-117.92049
33.6426931,-117.9332298
33.64306,-117.93008
33.6564725,-117.9226493
33.643078,-117.92441
33.657677,-117.91685
33.640163,-117.943794
33.657406,-117.91871
33.6404037,-117.9200686
33.65683,-117.9144
33.62592,-117.91153
33.6576571,-117.9168285
33.65399,-117.92873
33.6495869,-117.928577
33.640163,-117.943794
33.6573,-117.93046
33.63808,-117.929245
33.64409,-117.92554
33.6556489,-117.91841
33.6568662,-117.9172009
33.6478639,-117.9182248
33.627647,-117.9097
33.642082,-117.9402
33.657405,-117.918706
33.6564492,-117.9170687
33.633062,-117.9270308
33.637775,-117.92859
33.65647,-117.91804
33.6507292,-117.9205309
33.6375965,-117.9226305
33.6467835,-117.9148934
33.6421472,-117.9317287
33.625942,-117.9096
33.6540768,-117.9211357
33.646675,-117.927895
33.632954,-117.91789
33.6423673,-117.9203827
33.6573,-117.93194
33.64565,-117.915634
33.652847,-117.911285
33.65173,-117.93169
33.64414215,-117.9237289
33.648155,-117.9208
33.656284,-117.931816
33.6552195,-117.9067861
33.641407,-117.919266
33.656868,-117.9172
33.626328,-117.91207
33.6530406,-117.9116627
33.640507,-117.93098
33.65579,-117.91854
33.640163,-117.943794
33.6565302,-117.9188552
33.6447,-117.918564
33.6427916,-117.9283004
33.640774,-117.94015
33.654076,-117.921135
33.6293681,-117.9088204
33.639957,-117.92876
33.632554,-117.91527
33.6474419,-117.9222157
33.64815521,-117.9207993
33.639957,-117.9287577
33.6407734,-117.9401475
33.644653,-117.91992
33.642822,-117.93681
33.630604,-117.91447
33.6563,-117.92989
33.642822,-117.93681
33.6465958,-117.9150755
33.636978,-117.9237405
33.640774,-117.94015
33.6437844,-117.9242365
33.643147,-117.92462
33.643654,-117.931274
33.63911,-117.93002
33.646374,-117.9150386
33.657314,-117.91716
33.648155,-117.9208
33.6465958,-117.9150755
33.63376,-117.91505
33.6470478,-117.9274629
33.6405907,-117.9245798
33.6423031,-117.9331253
33.63929,-117.928375
33.6503285,-117.9262961
33.654076,-117.921135
33.62841,-117.90925
33.6482216,-117.9217055
33.6530406,-117.9116627
33.642822,-117.93681
33.64744,-117.92222
33.6429228,-117.9272588
33.6314386,-117.9194228
33.653496,-117.92248
33.6365928,-117.9296234
33.632263,-117.914734
33.6318821,-117.9123644
33.6356442,-117.9125836
33.656868,-117.9172
33.64241,-117.93226
33.642506,-117.93654
33.643177,-117.92479
33.6520426,-117.9265299
33.65226,-117.92677
33.6576571,-117.9168285
33.645105,-117.9193602
33.625942,-117.9096
33.641438,-117.92877
33.6573,-117.93194
33.6327,-117.92118
33.633566,-117.9200865
33.640774,-117.94015
33.627647,-117.9097
33.6491157,-117.9235774
33.657406,-117.91871
33.6547305,-117.9070497
33.6556112,-117.9283623
33.6372184,-117.9201431
33.632732,-117.936
33.64409,-117.92554
33.654076,-117.921135
33.6430673,-117.9272832
33.6395924,-117.9271062
33.656334,-117.92049
33.640163,-117.943794
33.642036,-117.93237
33.657024,-117.92807
33.6426931,-117.9332298
33.655647,-117.91841
33.653225,-117.91946
33.6441418,-117.9237313
33.65041,-117.930435
33.64379,-117.92661
33.6568662,-117.9172009
33.64409,-117.92554
33.6291578,-117.9085324
33.654404,-117.91703
33.657405,-117.918706
33.6436444,-117.9285158
33.633062,-117.9270308
33.631884,-117.9123223
33.652016,-117.93294
33.656815,-117.91866
33.641884,-117.92222
33.639297,-117.927986
33.654404,-117.9170303
33.6399217,-117.9282434
33.6422387,-117.9349231
33.655563,-117.92115
33.6540965,-117.9244489
33.6325132,-117.9167399
33.6408361,-117.9215776
33.642506,-117.93654
33.641956,-117.92033
33.6436,-117.9275
33.655197,-117.926834
33.632515,-117.91674
33.6520077,-117.9095837
33.631886,-117.91232
33.643812,-117.9280396
33.63352,-117.91756
33.6558741,-117.9283938
33.643177,-117.9247925
33.657552,-117.90411
33.6539125,-117.9098993
33.6325132,-117.9167399
33.640404,-117.92007
33.643654,-117.92102
33.63813,-117.92945
33.6428787,-117.9292693
33.642506,-117.93654
33.6568662,-117.9172009
33.6449952,-117.928228
33.64744,-117.92222
33.6540768,-117.9211357
33.656815,-117.91866
33.6484187,-117.9316644
33.6558741,-117.9283938
33.652016,-117.93294
33.6565033,-117.9197476
33.65407562,-117.9211349
33.6568662,-117.9172009
33.6565302,-117.9188552
33.625645,-117.911125
33.64266,-117.91778
33.649895,-117.91303
33.64744,-117.92222
33.626663,-117.90885
33.639297,-117.927986
33.647884,-117.921486
33.64306,-117.93008
33.6318821,-117.9123644
33.6257493,-117.9058139
33.654076,-117.921135
33.6552195,-117.9067861
33.6309002,-117.9126629
33.65276,-117.923836
33.64815521,-117.9207993
33.652237,-117.91785
33.634327,-117.916245
33.6558741,-117.9283938
33.6540965,-117.9244489
33.6331601,-117.9091679
33.641285,-117.92873
33.6410031,-117.9288591
33.6427916,-117.9283004
33.642147,-117.93173
33.656406,-117.91614
33.6573138,-117.9171566
33.6530406,-117.9116627
33.6325132,-117.9167399
33.65305,-117.91421
33.6568662,-117.9172009
33.641438,-117.92877
33.637096,-117.914215
33.647865,-117.92102
33.654076,-117.921135
33.6540768,-117.9211357
33.641956,-117.92033
33.6568662,-117.9172009
33.650497,-117.92296
33.641407,-117.919266
33.6564725,-117.9226493
33.6414057,-117.9192653
33.657543,-117.927246
33.63188,-117.91236
33.6502414,-117.9245111
33.6474419,-117.9222157
33.656704,-117.92266
33.654404,-117.9170303
33.6568662,-117.9172009
33.64306,-117.93008
33.657406,-117.91871
33.6423673,-117.9203827
33.653496,-117.92248
33.651016,-117.922
33.656464,-117.91874
33.657986,-117.91732
33.6552195,-117.9067861
33.644802,-117.929634
33.656704,-117.92266
33.6437844,-117.9242365
33.652016,-117.93294
33.657405,-117.918706
33.6428076,-117.9289735
33.6332315,-117.928583
33.65088,-117.93239
33.65403,-117.91239
33.6558741,-117.9283938
33.657166,-117.92363
33.632515,-117.91674
33.6422743,-117.9347811
33.6559952,-117.9071728
33.64279,-117.9283
33.63812,-117.92559
33.652237,-117.91785
33.65045,-117.9306
33.6408579,-117.9344726
33.642982,-117.93584
33.6568662,-117.9172009
33.639973,-117.92698
33.625942,-117.9096
33.6573,-117.93046
33.652016,-117.93294
33.626198,-117.9119
33.65683,-117.9144
33.63808,-117.929245
33.6440898,-117.9255409
33.6430673,-117.9272832
33.6325132,-117.9167399
33.641884,-117.92222
33.638866,-117.92941
33.640774,-117.94015
33.65282,-117.92533
33.65226,-117.92677
33.6437844,-117.9242365
33.6327,-117.92118
33.626045,-117.911705
33.64379,-117.92661
33.634422,-117.918526
33.6474419,-117.9222157
33.643745,-117.92638
33.64893,-117.928185
33.6558272,-117.919923
33.6449952,-117.928228
33.640728,-117.94012
33.6504977,-117.9274441
33.6568662,-117.9172009
33.64302,-117.935684
33.633062,-117.9270308
33.656334,-117.92049
33.640343,-117.922195
33.6540768,-117.9211357
33.640163,-117.943794
33.6395924,-117.9271062
33.626396,-117.91105
33.6385685,-117.9279859
33.654404,-117.9170303
33.656338,-117.92258
33.6542752,-117.9286417
33.6540768,-117.9211357
33.641407,-117.919266
33.6511163,-117.9274914
33.6530406,-117.9116627
33.656868,-117.9172
33.63029,-117.91815
33.650345,-117.926315
33.6422743,-117.9347811
33.6441418,-117.9237313
33.657562,-117.92453
33.6421472,-117.9317287
33.6436822,-117.9314023
33.6513146,-117.9109478
33.6271994,-117.9067409
33.638866,-117.92941
33.6558741,-117.9283938
33.6573,-117.93194
33.657405,-117.918706
33.6438609,-117.9241416
33.654243,-117.91577
33.63856,-117.9294
33.65033,-117.92629
33.65204,-117.91076
33.631886,-117.91232
33.627647,-117.9097
33.6576571,-117.9168285
33.63929,-117.928375
33.625942,-117.9096
33.64016,-117.932755
33.625645,-117.911125
33.640163,-117.943794
33.642616,-117.91875
33.642082,-117.9402
33.6456497,-117.9156339
33.657505,-117.931946
33.6399217,-117.9282434
33.6426,-117.91813
33.647617,-117.927986
33.6318821,-117.9123644
33.63557,-117.91822
33.641396,-117.928535
33.6474419,-117.9222157
33.6407734,-117.9401475
33.6568662,-117.9172009
33.65212,-117.93165
33.6540768,-117.9211357
33.634598,-117.92224
33.6503285,-117.9262961
33.639297,-117.927986
33.638023,-117.931335
33.625378,-117.91113
33.657405,-117.918706
33.6369602,-117.9222288
33.656334,-117.92049
33.6449952,-117.928228
33.644653,-117.91992
33.639297,-117.927986
33.625942,-117.9096
33.633566,-117.9200865
33.6408361,-117.9215776
33.6426215,-117.9328636
33.6434168,-117.9283608
33.6318821,-117.9123644
33.63557,-117.91822
33.657543,-117.927216
33.650497,-117.92296
33.6426,-117.91813
33.6423031,-117.9331253
33.65284,-117.92254
33.657562,-117.92453
33.62592,-117.91153
33.6272747,-117.9076157
33.6325132,-117.9167399
33.6381627,-117.9313716
33.64815521,-117.9207993
33.640163,-117.943794
33.656284,-117.931816
33.648243,-117.92797
33.656334,-117.92049
33.6256443,-117.9111278
33.6484041,-117.9316902
33.65033,-117.92629
33.6571237,-117.9292118
33.6568662,-117.9172009
33.636,-117.92146
33.6268539,-117.9074859
33.643177,-117.9247925
33.650967,-117.92447
33.6307876,-117.9066398
33.640774,-117.94015
33.643703,-117.92296
33.6503285,-117.9262961
33.6573,-117.93046
33.63543,-117.92373
33.639957,-117.9287577
33.625942,-117.9096
33.63452,-117.920364
33.633062,-117.9270308
33.642822,-117.93681
33.6402156,-117.9190646
33.65041,-117.930435
33.655994,-117.90717
33.6430673,-117.9272832
33.6426215,-117.9328636
33.64414215,-117.9237289
33.647987,-117.9132
33.63188,-117.91236
33.65126,-117.91304
33.64381,-117.92804
33.6557797,-117.919061
33.634422,-117.918526
33.6465958,-117.9150755
33.652237,-117.91785
33.63929,-117.92129
33.6427644,-117.9237503
33.62841,-117.90925
33.631884,-117.9123223
33.643105,-117.93672
33.65041,-117.930435
33.6429228,-117.9272588
33.634598,-117.92224
33.642506,-117.93654
33.641407,-117.919266
33.645775,-117.92785
33.656334,-117.92049
33.640774,-117.94015
33.6403428,-117.9221969
33.643654,-117.931274
33.6327,-117.92118
33.65399,-117.92873
33.655827,-117.91992
33.656334,-117.92049
33.63929,-117.928375
33.6560804,-117.93215
33.6427916,-117.9283004
33.6564725,-117.9226493
33.6428727,-117.9193164
33.640163,-117.943794
33.6456497,-117.9156339
33.65041,-117.930435
33.6568662,-117.9172009
33.654404,-117.91703
33.652283,-117.925095
33.6540768,-117.9211357
33.6540768,-117.9211357
33.6318821,-117.9123644
33.6408361,-117.9215776
33.634415,-117.92154
33.6474419,-117.9222157
33.63815,-117.93032
33.655582,-117.9187
33.63414,-117.91658
33.6474419,-117.9222157
33.64279,-117.9283
33.647175,-117.91836
33.653378,-117.907936
33.6422743,-117.9347811
33.6568662,-117.9172009
33.64106,-117.931206
33.64264,-117.93234
33.6541502,-117.9188002
33.628357,-117.91344
33.6503285,-117.9262961
33.647987,-117.9132
33.635994,-117.93168
33.63397,-117.93164
33.6395924,-117.9271062
33.62935,-117.90881
33.625942,-117.9096
33.644657,-117.91857
33.641407,-117.919266
33.6540768,-117.9211357
33.64287,-117.91932
33.64877,-117.92526
33.64016,-117.932755
33.657406,-117.91871
33.64815521,-117.9207993
33.651016,-117.922
33.632732,-117.936
33.656334,-117.92049
33.639297,-117.927986
33.6540768,-117.9211357
33.63286,-117.9270719
33.64306,-117.93008
33.641438,-117.92877
33.6465958,-117.9150755
33.6422743,-117.9347811
33.6504977,-117.9274441
33.65653,-117.91885
33.6318821,-117.9123644
33.656418,-117.92975
33.642616,-117.91875
33.626328,-117.91207
33.65073,-117.92053
33.63929,-117.928375
33.625942,-117.9096
33.656284,-117.931816
33.64121,-117.920654
33.65732,-117.93193
33.6552195,-117.9067861
33.6414057,-117.9192653
33.648243,-117.92797
33.6530406,-117.9116627
33.653793,-117.91863
33.652287,-117.92421
33.6430913,-117.9172914
33.6421472,-117.9317287
33.63352,-117.91756
33.6327,-117.92118
33.64565,-117.915634
33.64561462,-117.9247742
33.64237,-117.92038
33.657405,-117.918706
33.646572,-117.927986
33.6408361,-117.9215776
33.6256443,-117.9111278
33.657543,-117.927246
33.654076,-117.921135
33.6410031,-117.9288591
33.6430673,-117.9272832
33.6528716,-117.9240866
33.657405,-117.918706
33.6463408,-117.9296356
33.64409,-117.92554
33.653496,-117.92248
33.63808,-117.929245
33.632263,-117.914734
33.64227,-117.91872
33.62841,-117.90925
33.65578,-117.91906
33.633062,-117.9270308
33.6456497,-117.9156339
33.6474419,-117.9222157
33.6552195,-117.9067861
33.656334,-117.92049
33.6335418,-117.9264764
33.650223,-117.92327
33.6503285,-117.9262961
33.6417802,-117.9351348
33.6436,-117.9275
33.652607,-117.924
33.6449952,-117.928228
33.64705,-117.92746
33.6565302,-117.9188552
33.6474419,-117.9222157
33.639957,-117.9287577
33.648155,-117.9208
33.657562,-117.92453
33.6575139,-117.9309844
33.6427916,-117.9283004
33.6575633,-117.9245296
33.653446,-117.9264
33.641438,-117.92877
33.6576571,-117.9168285
33.65284,-117.92254
33.6426,-117.91813
33.65591,-117.927025
33.6564,-117.91878
33.63812,-117.93011
33.6356865,-117.9204254
33.65522,-117.906784
33.6568662,-117.9172009
33.643812,-117.9280396
33.6429228,-117.9272588
33.64349,-117.92364
33.656338,-117.92258
33.657024,-117.92807
33.656334,-117.92049
33.6422387,-117.9349231
33.651016,-117.922
33.625942,-117.9096
33.644653,-117.91992
33.6381627,-117.9313716
33.6540768,-117.9211357
33.639923,-117.928246
33.6528716,-117.9240866
33.6330749,-117.915815
33.6345987,-117.9222408
33.625942,-117.9096
33.6552195,-117.9067861
33.6427644,-117.9237503
33.6499982,-117.9301209
33.639297,-117.927986
33.634144,-117.91467
33.635742,-117.920494
33.6421472,-117.9317287
33.640774,-117.94015
33.6408361,-117.9215776
33.6560804,-117.93215
33.643654,-117.931274
33.6574123,-117.9215126
33.633312,-117.91681
33.642693,-117.93323
33.652237,-117.91785
33.6414057,-117.9192653
33.6441418,-117.9237313
33.651287,-117.91327
33.64241,-117.93226
33.6460688,-117.9296106
33.640774,-117.94015
33.650497,-117.92296
33.6373574,-117.9315189
33.633062,-117.9270308
33.65212,-117.93165
33.6564,-117.91878
33.63396835,-117.9178619
33.6568662,-117.9172009
33.634598,-117.92224
33.6558741,-117.9283938
33.6556489,-117.91841
33.654972,-117.92064
33.6369602,-117.9222288
33.653496,-117.92248
33.6426171,-117.9187478
33.6325132,-117.9167399
33.63228,-117.913635
33.64315,-117.938866
33.6474419,-117.9222157
33.6436472,-117.9285556
33.652511,-117.908881
33.639297,-117.927986
33.6510179,-117.9219939
33.63414,-117.91658
33.6356866,-117.9204234
33.652016,-117.93294
33.6564725,-117.9226493
33.643784,-117.92424
33.6408361,-117.9215776
33.632263,-117.914734
33.654438,-117.91195
33.6465958,-117.9150755
33.63929,-117.928375
33.6327758,-117.9272031
33.641438,-117.92877
33.6426,-117.91813
33.6568662,-117.9172009
33.65263,-117.932106
33.6573,-117.93046
33.6421472,-117.9317287
33.646122,-117.924446
33.6565302,-117.9188552
33.642506,-117.93654
33.6436053,-117.9274403
33.64565,-117.915634
33.65756226,-117.92453
33.6430673,-117.9272832
33.655994,-117.90717
33.6513146,-117.9109478
33.641407,-117.919266
33.640835,-117.92158
33.648155,-117.9208
33.647987,-117.9132
33.640728,-117.94012
33.6537933,-117.9186298
33.6427916,-117.9283004
33.64815521,-117.9207993
33.6456497,-117.9156339
33.640774,-117.94015
33.65287,-117.92409
33.647175,-117.91836
33.643066,-117.927284
33.655975,-117.931605
33.642082,-117.9402
33.62841,-117.90925
33.643803,-117.92018
33.655613,-117.92836
33.640774,-117.94015
33.64744,-117.92222
33.652977,-117.919136
33.6293681,-117.9088204
33.625942,-117.9096
33.64187,-117.92861
33.6576571,-117.9168285
33.63959,-117.92711
33.63808,-117.929245
33.62734,-117.910065
33.625942,-117.9096
33.6427916,-117.9283004
33.626045,-117.911705
33.6540768,-117.9211357
33.6520426,-117.9265299
33.656338,-117.92258
33.640774,-117.94015
33.64307,-117.92507
33.65751267,-117.9309845
33.652237,-117.91785
33.64744,-117.92222
33.657314,-117.91716
33.656754,-117.91963
33.65645,-117.91707
33.657405,-117.918706
33.63188,-117.91236
33.63929,-117.928375
33.6513146,-117.9109478
33.626396,-117.91105
33.631886,-117.91232
33.6571237,-117.9292118
33.6253074,-117.910606
33.63188,-117.91236
33.62841,-117.90925
33.6441418,-117.9237313
33.657406,-117.91871
33.6436472,-117.9285556
33.652016,-117.93294
33.65574,-117.91836
33.6276558,-117.9084044
33.6430673,-117.9272832
33.643654,-117.931274
33.655575,-117.91941
33.642036,-117.93237
33.63352,-117.91756
33.6419563,-117.9203276
33.6559952,-117.9071728
33.6474419,-117.9222157
33.6428193,-117.9186145
33.644653,-117.91992
33.63266,-117.90986
33.647987,-117.9132
33.6429813,-117.9358384
33.63557,-117.91822
33.639957,-117.92876
33.657658,-117.91683
33.640163,-117.943794
33.64279,-117.9283
33.64241,-117.93226
33.6421472,-117.9317287
33.632496,-117.916824
33.64237,-117.92038
33.65522,-117.906784
33.65226,-117.92677
33.62592,-117.91153
33.63266,-117.90986
33.650837,-117.911354
33.633062,-117.9270308
33.6395924,-117.9271062
33.656868,-117.9172
33.6456497,-117.9156339
33.639297,-117.927986
33.64186478,-117.9342346
33.656334,-117.92049
33.642036,-117.93237
33.6568662,-117.9172009
33.6407734,-117.9401475
33.652016,-117.93294
33.654404,-117.9170303
33.6428787,-117.9292693
33.6474419,-117.9222157
33.6428727,-117.9193164
33.6425997,-117.9181264
33.6427916,-117.9283004
33.657405,-117.918706
33.622616,-117.906654
33.6568662,-117.9172009
33.64963,-117.93297
33.657405,-117.918706
33.648155,-117.9208
33.6559671,-117.9225282
33.652252,-117.91868
33.64187,-117.92861
33.638874,-117.93156
33.6491157,-117.9235774
33.626663,-117.90885
33.6558741,-117.9283938
33.643105,-117.93672
33.639297,-117.927986
33.6298613,-117.9069132
33.657405,-117.918706
33.657024,-117.92807
33.6491157,-117.9235774
33.633312,-117.91681
33.6426931,-117.9332298
33.6502414,-117.9245111
33.6436434,-117.9294938
33.6487896,-117.9157432
33.6426215,-117.9328636
33.6408361,-117.9215776
33.63188,-117.91236
33.638824,-117.92799
33.639957,-117.92876
33.634422,-117.918526
33.6525574,-117.9190877
33.657166,-117.92442
33.6327,-117.92118
33.6530406,-117.9116627
33.64381,-117.92804
33.6352908,-117.9342637
33.64281,-117.93377
33.64815521,-117.9207993
33.6399217,-117.9282434
33.6395924,-117.9271062
33.65226,-117.92677
33.6571237,-117.9292118
33.6423673,-117.9203827
33.6438609,-117.9241416
33.648643,-117.921646
33.6547515,-117.9110474
33.6558741,-117.9283938
33.648434,-117.92156
33.647865,-117.92102
33.641438,-117.92877
33.6426998,-117.9333671
33.657166,-117.92442
33.655148,-117.93194
33.6558741,-117.9283938
33.6540768,-117.9211357
33.652016,-117.93294
33.6455413,-117.9279539
33.652237,-117.91785
33.652016,-117.93294
33.65653,-117.91885
33.6508771,-117.9105724
33.6392902,-117.9283733
33.651016,-117.922
33.6427644,-117.9237503
33.656334,-117.92049
33.6422743,-117.9347811
33.643491,-117.923639
33.6559952,-117.9071728
33.655197,-117.926834
33.642147,-117.93173
33.6510179,-117.9219939
33.652237,-117.91785
33.6530406,-117.9116627
33.641438,-117.92877
33.633076,-117.91582
33.655197,-117.926834
33.6427916,-117.9283004
33.6508771,-117.9105724
33.647987,-117.9132
33.646374,-117.9150386
33.6252255,-117.9095472
33.6558741,-117.9283938
33.6422743,-117.9347811
33.6410031,-117.9288591
33.656868,-117.9172
33.64279,-117.9283
33.641438,-117.92877
33.6539125,-117.9098993
33.6540768,-117.9211357
33.6348445,-117.9254388
33.6301392,-117.9105993
33.657405,-117.918706
33.635857,-117.9227
33.6428193,-117.9186145
33.65475082,-117.9109497
33.6364934,-117.9172252
33.6399217,-117.9282434
33.642166,-117.923546
33.655197,-117.926834
33.642765,-117.92375
33.6565302,-117.9188552
33.6449952,-117.928228
33.657658,-117.91683
33.648155,-117.9208
33.637062,-117.92113
33.641407,-117.919266
33.6408361,-117.9215776
33.635685,-117.920425
33.6337576,-117.9150471
33.652237,-117.91785
33.64744,-117.92222
33.641407,-117.919266
33.6558741,-117.9283938
33.64705,-117.92746
33.65132,-117.924385
33.640835,-117.92158
33.656868,-117.9172
33.6568662,-117.9172009
33.64379,-117.92661
33.6441418,-117.9237313
33.6422743,-117.9347811
33.64744,-117.92222
33.643177,-117.9247925
33.644653,-117.91992
33.645775,-117.92785
33.656868,-117.9172
33.657166,-117.92442
33.6499982,-117.9301209
33.644653,-117.91992
33.65041,-117.930435
33.632263,-117.914734
33.6465958,-117.9150755
33.6463408,-117.9296356
33.655613,-117.92836
33.625942,-117.9096
33.631884,-117.9123223
33.646374,-117.9150386
33.64963,-117.93022
33.646572,-117.927986
33.656174,-117.92058
33.643406,-117.931984
33.6423673,-117.9203827
33.6568662,-117.9172009
33.6564,-117.91878
33.650974,-117.92218
33.639923,-117.928246
33.6568662,-117.9172009
33.652016,-117.93294
33.64349,-117.92364
33.642387,-117.92001
33.65653,-117.91885
33.6327,-117.92118
33.650223,-117.92327
33.6448197,-117.9192274
33.6414057,-117.9192653
33.641407,-117.919266
33.632362,-117.93122
33.654243,-117.91577
33.646572,-117.92797
33.6456497,-117.9156339
33.6430673,-117.9272832
33.640163,-117.943794
33.640774,-117.94015
33.633062,-117.9270308
33.657406,-117.91871
33.647987,-117.9132
33.627647,-117.9097
33.6565302,-117.9188552
33.6407914,-117.9198134
33.636757,-117.92115
33.65522,-117.906784
33.63929,-117.928375
33.6503285,-117.9262961
33.626663,-117.90885
33.63286,-117.9270719
33.65709,-117.908226
33.643654,-117.92102
33.6474419,-117.9222157
33.626045,-117.911705
33.6408361,-117.9215776
33.6465958,-117.9150755
33.62592,-117.91153
33.643066,-117.927284
33.65665,-117.9187
33.6427387,-117.9282514
33.65578,-117.91906
33.6345479,-117.9204163
33.6563354,-117.9204873
33.631886,-117.91232
33.6497713,-117.9309111
33.6568662,-117.9172009
33.6474419,-117.9222157
33.6436444,-117.9285158
33.625645,-117.911125
33.653496,-117.92248
33.655586,-117.9186
33.656815,-117.91866
33.6430673,-117.9272832
33.6573,-117.93194
33.6408361,-117.9215776
33.640404,-117.92007
33.640835,-117.92158
33.64839,-117.916916
33.6436444,-117.9285158
33.6421472,-117.9317287
33.657406,-117.91871
33.643066,-117.927284
33.6556489,-117.91841
33.642803,-117.94271
33.65727,-117.93174
33.6389165,-117.9214976
33.643703,-117.93245
33.643177,-117.9247925
33.633062,-117.9270308
33.656868,-117.9172
33.634422,-117.918526
33.653446,-117.9264
33.634327,-117.916245
33.64839,-117.916916
33.642506,-117.93654
33.657658,-117.91683
33.6430673,-117.9272832
33.657562,-117.92453
33.639297,-117.927986
33.6443589,-117.9185497
33.6426406,-117.9323422
33.652287,-117.92421
33.653736,-117.91875
33.640774,-117.94015
33.640774,-117.94015
33.6381594,-117.9278064
33.655613,-117.92836
33.6509848,-117.9180925
33.656284,-117.931816
33.652252,-117.91868
33.6408361,-117.9215776
33.62586,-117.91048
33.626045,-117.911705
33.657406,-117.91871
33.626663,-117.90885
33.642506,-117.93654
33.655304,-117.906685
33.657405,-117.918706
33.6428429,-117.9194308
33.657406,-117.91871
33.646572,-117.927986
33.63414,-117.91658
33.6381627,-117.9313716
33.65751,-117.93164
33.6408361,-117.9215776
33.652237,-117.91785
33.64877,-117.92526
33.656334,-117.92049
33.6474419,-117.9222157
33.652016,-117.93294
33.6441418,-117.9237313
33.645103,-117.91936
33.6345987,-117.9222408
33.6575139,-117.9309844
33.6436472,-117.9285556
33.6422743,-117.9347811
33.625942,-117.9096
33.646374,-117.9150386
33.657562,-117.92453
33.657405,-117.918706
33.65596,-117.918365
33.65041,-117.930435
33.6256443,-117.9111278
33.65727,-117.93174
33.632957,-117.937035
33.642326,-117.923775
33.6399217,-117.9282434
33.6568662,-117.9172009
33.657024,-117.92807
33.6511163,-117.9274914
33.650497,-117.92296
33.64815521,-117.9207993
33.6428727,-117.9193164
33.632553,-117.91527
33.6557797,-117.919061
33.643812,-117.9280396
33.636757,-117.92115
33.625645,-117.911125
33.62841,-117.90925
33.64963,-117.92559
33.642822,-117.93681
33.63856,-117.9294
33.6272747,-117.9076157
33.6559952,-117.9071728
33.657405,-117.918706
33.63808,-117.929245
33.63754,-117.91696
33.631886,-117.91232
33.6327,-117.92118
33.656807,-117.91833
33.632362,-117.93122
33.656868,-117.9172
33.6352908,-117.9342637
33.63929,-117.928375
33.65683,-117.9144
33.64268,-117.933525
33.6568662,-117.9172009
33.6423673,-117.9203827
33.6474419,-117.9222157
33.644653,-117.91992
33.652138,-117.920525
33.647987,-117.9132
33.6520426,-117.9265299
33.657166,-117.92442
33.656921,-117.9084687
33.65735,-117.93077
33.6240577,-117.9087762
33.64106,-117.931206
33.64178,-117.935135
33.626343,-117.91173
33.65578,-117.91906
33.639957,-117.92876
33.642677,-117.93315
33.6503285,-117.9262961
33.6327,-117.92118
33.6418277,-117.9322135
33.633062,-117.9270308
33.63929,-117.928375
33.6426,-117.91813
33.6576571,-117.9168285
33.646374,-117.9150386
33.6503285,-117.9262961
33.6568662,-117.9172009
33.6395924,-117.9271062
33.65727,-117.93174
33.6482216,-117.9217055
33.6290883,-117.9103563
33.62719,-117.91219
33.6350095,-117.9251633
33.646576,-117.927986
33.6573,-117.93194
33.649586,-117.92857
33.65202,-117.90963
33.641407,-117.919266
33.6574123,-117.9215126
33.6293681,-117.9088204
33.63397,-117.93164
33.654438,-117.9195
33.6325132,-117.9167399
33.655403,-117.90685
33.6428727,-117.9193164
33.657406,-117.91871
33.651287,-117.91327
33.626045,-117.911705
33.652016,-117.93294
33.640774,-117.94015
33.656921,-117.9084687
33.639297,-117.927986
33.65308,-117.9131
33.6427709,-117.9295525
33.64744,-117.92222
33.640774,-117.94015
33.654404,-117.91703
33.64237,-117.92038
33.64287,-117.91932
33.656815,-117.91866
33.6421472,-117.9317287
33.625942,-117.9096
33.6563,-117.92989
33.633559,-117.9265249
33.6474419,-117.9222157
33.640163,-117.943794
33.6540768,-117.9211357
33.65591,-117.927025
33.631884,-117.9123223
33.644653,-117.91992
33.650967,-117.92447
33.656868,-117.9172
33.642036,-117.93237
33.63929,-117.928375
33.646374,-117.9150386
33.65653,-117.91885
33.6510179,-117.9219939
33.6474419,-117.9222157
33.642616,-117.91875
33.633566,-117.9200865
33.6559671,-117.9225282
33.6575139,-117.9309844
33.6520426,-117.9265299
33.65212,-117.93165
33.656334,-117.92049
33.6547305,-117.9070497
33.6573,-117.93194
33.6565302,-117.9188552
33.6408361,-117.9215776
33.64237,-117.92038
33.64877,-117.92526
33.63856,-117.929
33.6456497,-117.9156339
33.6564725,-117.9226493
33.652287,-117.92421
33.6344158,-117.9215362
33.6354242,-117.9239064
33.6428429,-117.9194308
33.6465958,-117.9150755
33.6381627,-117.9313716
33.6511163,-117.9274914
33.625942,-117.9096
33.6430673,-117.9272832
33.632263,-117.914734
33.6430673,-117.9272832
33.6408361,-117.9215776
33.65522,-117.906784
33.6414057,-117.9192653
33.657513,-117.930984
33.628468,-117.9082
33.656334,-117.92049
33.640163,-117.943794
33.633062,-117.9270308
33.65751,-117.931694
33.6428193,-117.9186145
33.6429228,-117.9272588
33.63488,-117.92852
33.6422743,-117.9347811
33.655304,-117.906685
33.65647,-117.91804
33.627647,-117.9097
33.625645,-117.911125
33.6564492,-117.9170687
33.627075,-117.91316
33.6456497,-117.9156339
33.64815521,-117.9207993
33.650497,-117.92296
33.6426,-117.91813
33.638866,-117.92902
33.657405,-117.918706
33.632515,-117.91674
33.62592,-117.91153
33.6381627,-117.9313716
33.642036,-117.93237
33.6428429,-117.9194308
33.636517,-117.92289
33.6544386,-117.9119455
33.65578,-117.91906
33.640343,-117.922195
33.656418,-117.92975
33.63929,-117.928375
33.646374,-117.9150386
33.6426931,-117.9332298
33.625942,-117.9096
33.626045,-117.911705
33.654404,-117.91703
33.638866,-117.92941
33.641407,-117.919266
33.65483,-117.91605
33.6426998,-117.9333671
33.63906,-117.92802
33.625942,-117.9096
33.638573,-117.928604
33.634144,-117.91467
33.65683,-117.9144
33.655994,-117.90717
33.639957,-117.92876
33.640835,-117.92158
33.639282,-117.929016
33.65494,-117.91426
33.640163,-117.943794
33.64241,-117.93226
33.654404,-117.91703
33.63856,-117.929
33.639297,-117.927986
33.647987,-117.9132
33.626972,-117.91043
33.646374,-117.9150386
33.651672,-117.92637
33.6335428,-117.9173338
33.65045,-117.9306
33.6365081,-117.9228635
33.6395924,-117.9271062
33.6408361,-117.9215776
33.640774,-117.94015
33.624058,-117.908775
33.6575139,-117.9309844
33.63059,-117.91301
33.6408361,-117.9215776
33.6408361,-117.9215776
33.65308,-117.9131
33.6437916,-117.9242617
33.632263,-117.914734
33.6540768,-117.9211357
33.644653,-117.91992
33.6426,-117.91813
33.65041,-117.930435
33.65592,-117.907196
33.6404929,-117.9438175
33.639297,-117.927986
33.628765,-117.93146
33.6351893,-117.9181415
33.643654,-117.92102
33.633062,-117.9270308
33.6491157,-117.9235774
33.6293681,-117.9088204
33.6327336,-117.9277758
33.64121,-117.920654
33.6426,-117.91813
33.6573138,-117.9171566
33.65226,-117.92677
33.652645,-117.9294
33.62841,-117.90925
33.6297758,-117.911396
33.6456497,-117.9156339
33.63488,-117.92852
33.64274,-117.92825
33.6576571,-117.9168285
33.646374,-117.9150386
33.6325132,-117.9167399
33.657562,-117.92453
33.6437916,-117.9242617
33.656334,-117.92049
33.656704,-117.92266
33.657597,-117.93215
33.652016,-117.93294
33.656166,-117.92079
33.6456497,-117.9156339
33.647987,-117.9132
33.656174,-117.92058
33.6520784,-117.9107516
33.640774,-117.94015
33.639957,-117.9287577
33.6567831,-117.9318931
33.6482216,-117.9217055
33.6575139,-117.9309844
33.640774,-117.94015
33.6504103,-117.9159452
33.64744,-117.92222
33.625942,-117.9096
33.654404,-117.9170303
33.655613,-117.92836
33.6502414,-117.9245111
33.6540768,-117.9211357
33.6402,-117.94366
33.6381627,-117.9313716
33.656334,-117.92049
33.643177,-117.92479
33.6344343,-117.9217308
33.652252,-117.91868
33.6540768,-117.9211357
33.652287,-117.92421
33.633816,-117.93512
33.64379,-117.92661
33.6410031,-117.9288591
33.6540768,-117.9211357
33.6381627,-117.9313716
33.6381594,-117.9278064
33.640163,-117.943794
33.6565302,-117.9188552
33.655403,-117.90685
33.655994,-117.90717
33.63188,-117.91236
33.6430673,-117.9272832
33.6465958,-117.9150755
33.656887,-117.92363
33.636887,-117.92411
33.6568662,-117.9172009
33.6427709,-117.9295525
33.6430673,-117.9272832
33.6437908,-117.9266113
33.635685,-117.920425
33.62592,-117.91153
33.6517619,-117.9186727
33.626087,-117.91134
33.6540768,-117.9211357
33.64815521,-117.9207993
33.625942,-117.9096
33.65522,-117.906784
33.6425997,-117.9181264
33.6395924,-117.9271062
33.642036,-117.93237
33.657024,-117.92807
33.656921,-117.9084687
33.65522,-117.906784
33.642082,-117.9402
33.641407,-117.919266
33.6414057,-117.9192653
33.6355008,-117.9402374
33.631884,-117.9123223
33.65088,-117.93239
33.652122,-117.93245
33.646374,-117.9150386
33.6552195,-117.9067861
33.6540768,-117.9211357
33.6540768,-117.9211357
33.646572,-117.927986
33.6405079,-117.9309739
33.65088,-117.910576
33.652016,-117.93294
33.654972,-117.92064
33.64287,-117.91932
33.635685,-117.920425
33.656334,-117.92049
33.6559198,-117.9071993
33.65522,-117.906784
33.65619659,-117.9190598
33.65353,-117.907906
33.638172,-117.92865
33.63519,-117.918144
33.6563354,-117.9204873
33.6465958,-117.9150755
33.64379,-117.92661
33.657658,-117.91683
33.642082,-117.9402
33.647865,-117.92102
33.640835,-117.92158
33.651016,-117.922
33.6559952,-117.9071728
33.6408361,-117.9215776
33.641407,-117.919266
33.642654,-117.93223
33.656868,-117.9172
33.657406,-117.91871
33.6530406,-117.9116627
33.6428727,-117.9193164
33.632744,-117.931625
33.6474419,-117.9222157
33.64277268,-117.9204178
33.656868,-117.9172
33.639923,-117.928246
33.6395924,-117.9271062
33.6547515,-117.9110474
33.6355008,-117.9402374
33.657406,-117.91871
33.641163,-117.919304
33.640835,-117.92158
33.63352,-117.91756
33.6426,-117.91813
33.645775,-117.92785
33.656868,-117.9172
33.651417,-117.928024
33.64279,-117.930016
33.6568662,-117.9172009
33.654404,-117.91703
33.6437916,-117.9242617
33.6521374,-117.9205245
33.643177,-117.92479
33.6524194,-117.9305458
33.6414057,-117.9192653
33.653843,-117.9091
33.653496,-117.92248
33.6559671,-117.9225282
33.647987,-117.91321
33.6468,-117.918655
33.64287,-117.91932
33.656334,-117.92049
33.657314,-117.91716
33.657253,-117.92442
33.652622,-117.9197
33.657405,-117.918706
33.6530406,-117.9116627
33.6439,-117.93037
33.656334,-117.92049
33.65041,-117.91595
33.65482,-117.92183
33.65407562,-117.9211349
33.6568662,-117.9172009
33.65088,-117.910576
33.6474419,-117.9222157
33.65737152,-117.9269257
33.6386175,-117.9305051
33.647865,-117.92102
33.643383,-117.93285
33.643177,-117.92479
33.641407,-117.919266
33.63953,-117.92599
33.642147,-117.93173
33.6419563,-117.9203276
33.654404,-117.9170303
33.65132,-117.924385
33.652016,-117.93294
33.657314,-117.91716
33.6568662,-117.9172009
33.635685,-117.920425
33.6436472,-117.9285556
33.646374,-117.9150386
33.65522,-117.906784
33.651016,-117.922
33.63186,-117.912315
33.64879,-117.91574
33.652016,-117.93294
33.65592,-117.907196
33.6491157,-117.9235774
33.6540768,-117.9211357
33.6422743,-117.9347811
33.64461,-117.9279
33.642765,-117.92375
33.6410031,-117.9288591
33.64705,-117.92746
33.65733,-117.904686
33.6414057,-117.9192653
33.63188,-117.91236
33.657406,-117.91871
33.64241,-117.93226
33.64744,-117.92222
33.64279,-117.9283
33.639297,-117.927986
33.65475082,-117.9109497
33.62577,-117.905624
33.656334,-117.92049
33.6513146,-117.9109478
33.654404,-117.91703
33.65665,-117.9187
33.63815,-117.93032
33.6565,-117.91975
33.64279,-117.930016
33.642616,-117.91875
33.646152,-117.93008
33.6351358,-117.9227293
33.6530406,-117.9116627
33.6474419,-117.9222157
33.643837,-117.92255
33.656334,-117.92049
33.655994,-117.90717
33.642506,-117.93654
33.6499046,-117.9195647
33.656334,-117.92049
33.6408361,-117.9215776
33.6568662,-117.9172009
33.652287,-117.92421
33.6327,-117.92118
33.6422387,-117.9349231
33.646374,-117.9150386
33.6463408,-117.9296356
33.626045,-117.911705
33.6507292,-117.9205309
33.6426,-117.91813
33.6407734,-117.9401475
33.6436472,-117.9285556
33.6355008,-117.9402374
33.65632,-117.92265
33.65041,-117.930435
33.625645,-117.911125
33.6503285,-117.9262961
33.640774,-117.94015
33.653736,-117.91875
33.640774,-117.94015
33.625942,-117.9096
33.64496,-117.929306
33.641586,-117.927025
33.6422743,-117.9347811
33.63488,-117.92852
33.653496,-117.92248
33.6573,-117.93194
33.641407,-117.919266
33.657024,-117.92807
33.657562,-117.92453
33.656868,-117.9172
33.6256443,-117.9111278
33.647987,-117.9132
33.656418,-117.92975
33.6443589,-117.9185497
33.63808,-117.929245
33.6430673,-117.9272832
33.639957,-117.92876
33.6513146,-117.9109478
33.652016,-117.93294
33.657562,-117.92453
33.6430673,-117.9272832
33.6456497,-117.9156339
33.656868,-117.9172
33.63954,-117.92956
33.642326,-117.923775
33.633062,-117.9270308
33.6399217,-117.9282434
33.6575139,-117.9309844
33.64260101,-117.918129
33.6418786,-117.9271237
33.64815521,-117.9207993
33.656704,-117.92266
33.654404,-117.91703
33.6456497,-117.9156339
33.656284,-117.931816
33.635887,-117.92284
33.6427916,-117.9283004
33.626045,-117.911705
33.63188,-117.91236
33.6385685,-117.9279859
33.63929,-117.928375
33.64106,-117.931206
33.634422,-117.918526
33.632828,-117.93165
33.6540768,-117.9211357
33.6408361,-117.9215776
33.657562,-117.92453
33.656334,-117.92049
33.626602,-117.910995
33.63754,-117.91696
33.639957,-117.9287577
33.656338,-117.92258
33.6552195,-117.9067861
33.652252,-117.91868
33.643105,-117.93672
33.625942,-117.9096
33.6395924,-117.9271062
33.637486,-117.93193
33.640774,-117.94015
33.64696,-117.920715
33.647987,-117.9132
33.63188,-117.91236
33.65764,-117.929886
33.652016,-117.93294
33.646374,-117.9150386
33.63488,-117.92852
33.64877,-117.92526
33.636944,-117.92227
33.62841,-117.90925
33.654404,-117.91703
33.6443589,-117.9185497
33.640835,-117.92158
33.642082,-117.9402
33.652016,-117.93294
33.6573,-117.93194
33.64721,-117.930374
33.6418764,-117.9222156
33.6422743,-117.9347811
33.642082,-117.9402
33.63264,-117.92644
33.644653,-117.91992
33.627747,-117.91071
33.6430673,-117.9272832
33.657543,-117.927216
33.65686798,-117.9171982
33.655994,-117.90717
33.656868,-117.9172
33.640163,-117.943794
33.6564725,-117.9226493
33.645775,-117.92785
33.657505,-117.931946
33.626663,-117.90885
33.64295,-117.93639
33.625942,-117.9096
33.656284,-117.931816
33.626087,-117.90597
33.640774,-117.94015
33.626045,-117.911705
33.65399,-117.92873
33.656868,-117.9172
33.63188,-117.91236
33.656921,-117.9084687
33.657406,-117.91871
33.636,-117.92146
33.640404,-117.92007
33.6272747,-117.9076157
33.643177,-117.9247925
33.648243,-117.92797
33.6528716,-117.9240866
33.6428787,-117.9292693
33.633062,-117.9270308
33.625942,-117.9096
33.648643,-117.921646
33.6426931,-117.9332298
33.6395924,-117.9271062
33.6540768,-117.9211357
33.6325132,-117.9167399
33.642506,-117.93654
33.6568662,-117.9172009
33.6520426,-117.9265299
33.6575139,-117.9309844
33.6333546,-117.9267586
33.6365153,-117.9228929
33.6491157,-117.9235774
33.646374,-117.9150386
33.62592,-117.91153
33.656334,-117.92049
33.6408361,-117.9215776
33.631884,-117.9123223
33.6408361,-117.9215776
33.650967,-117.92447
33.64815521,-117.9207993
33.657562,-117.92453
33.642506,-117.93654
33.640774,-117.94015
33.62592,-117.91153
33.642277,-117.93423
33.654404,-117.91703
33.65308,-117.9131
33.6474419,-117.9222157
33.643005,-117.926094
33.6575139,-117.9309844
33.652016,-117.93294
33.632263,-117.914734
33.625645,-117.911125
33.6327,-117.92118
33.65732,-117.93193
33.65776,-117.91435
33.652237,-117.91785
33.625942,-117.9096
33.646374,-117.9150386
33.656334,-117.92049
33.65645,-117.91707
33.6564,-117.91878
33.638214,-117.93678
33.65591,-117.927025
33.6320306,-117.913412
33.651154,-117.932594
33.65727,-117.93174
33.64877,-117.92526
33.6573,-117.93194
33.6513146,-117.9109478
33.65727,-117.93174
33.6253074,-117.910606
33.657272,-117.90481
33.625847,-117.91093
33.625942,-117.9096
33.6428193,-117.9186145
33.627647,-117.9097
33.6465958,-117.9150755
33.626045,-117.911705
33.633062,-117.9270308
33.62784958,-117.9100037
33.641407,-117.919266
33.646572,-117.9279895
33.6419563,-117.9203276
33.6343023,-117.9259558
33.64657,-117.92874
33.6430673,-117.9272832
33.636978,-117.9237404
33.6520426,-117.9265299
33.6440898,-117.9255409
33.648235,-117.929276
33.656868,-117.9172
33.640729,-117.9401194
33.640774,-117.94015
33.641903,-117.93606
33.642506,-117.93654
33.640728,-117.94012
33.637264,-117.920105
33.640774,-117.94015
33.6522524,-117.91868
33.6422387,-117.9349231
33.63856,-117.9294
33.6527586,-117.9238358
33.64721,-117.930374
33.6369602,-117.9222288
33.63188,-117.91236
33.640343,-117.922195
33.6568662,-117.9172009
33.656334,-117.92049
33.63929,-117.928375
33.6395924,-117.9271062
33.63808,-117.929245
33.6474419,-117.9222157
33.63906,-117.92802
33.65596,-117.918365
33.6324562,-117.9142526
33.643654,-117.931274
33.62841,-117.90925
33.650497,-117.92296
33.638573,-117.928604
33.642082,-117.9402
33.644997,-117.92823
33.652237,-117.91785
33.6568153,-117.9186642
33.640163,-117.943794
33.6565302,-117.9188552
33.6325132,-117.9167399
33.6422743,-117.9347811
33.6408361,-117.9215776
33.6552195,-117.9067861
33.64349,-117.92364
33.646374,-117.9150386
33.6465958,-117.9150755
33.6525383,-117.920372
33.656334,-117.92049
33.636887,-117.92411
33.65041,-117.930435
33.655994,-117.90717
33.6540768,-117.9211357
33.6571237,-117.9292118
33.65212,-117.93165
33.6530406,-117.9116627
33.625942,-117.9096
33.6575139,-117.9309844
33.62592,-117.91153
33.6327,-117.92118
33.632263,-117.914734
33.625942,-117.9096
33.646374,-117.9150386
33.625645,-117.911125
33.64262,-117.93286
33.643177,-117.92479
33.657505,-117.93175
33.65522,-117.906784
33.625435,-117.90991
33.6568153,-117.9186642
33.6421472,-117.9317287
33.6456497,-117.9156339
33.631884,-117.9123223
33.65735,-117.93077
33.6564725,-117.9226493
33.64744,-117.92222
33.641632,-117.92444
33.6390614,-117.9280179
33.6465958,-117.9150755
33.6456497,-117.9156339
33.656334,-117.92049
33.633062,-117.9270308
33.657406,-117.91871
33.6430673,-117.9272832
33.656868,-117.9172
33.6520426,-117.9265299
33.640774,-117.94015
33.6422922,-117.922907
33.632515,-117.91674
33.642277,-117.93423
33.644653,-117.91992
33.6369602,-117.9222288
33.655304,-117.91708
33.6576571,-117.9168285
33.641346,-117.92271
33.647987,-117.9132
33.644959,-117.9293055
33.6422387,-117.9349231
33.656174,-117.92058
33.6441137,-117.9295439
33.648376,-117.91852
33.645103,-117.91936
33.65522,-117.906784
33.640774,-117.94015
33.6552195,-117.9067861
33.65522,-117.906784
33.657166,-117.92442
33.640774,-117.94015
33.654972,-117.92064
33.643654,-117.92102
33.64721,-117.930374
33.640774,-117.94015
33.6330477,-117.9137095
33.656334,-117.92049
33.642693,-117.93323
33.64381,-117.92804
33.6441418,-117.9237313
33.65522,-117.906784
33.6474419,-117.9222157
33.6397346,-117.933469
33.6441418,-117.9237313
33.652294,-117.923904
33.6465958,-117.9150755
33.644997,-117.92823
33.641438,-117.92877
33.657314,-117.91716
33.652542,-117.919426
33.64057,-117.91992
33.657024,-117.92807
33.649461,-117.925055
33.6395924,-117.9271062
33.657405,-117.918706
33.6422743,-117.9347811
33.640774,-117.94015
33.643703,-117.92296
33.63929,-117.928375
33.6419563,-117.9203276
33.6408361,-117.9215776
33.6575633,-117.9245296
33.65762,-117.90625
33.638165,-117.93137
33.639957,-117.92876
33.6482216,-117.9217055
33.646374,-117.9150386
33.65254,-117.92037
33.640729,-117.9401194
33.641407,-117.919266
33.6352908,-117.9342637
33.6428193,-117.9186145
33.6474419,-117.9222157
33.64379,-117.92661
33.63808,-117.929245
33.6540768,-117.9211357
33.65653,-117.91885
33.656822,-117.90751
33.6530406,-117.9116627
33.626045,-117.911705
33.62592,-117.91153
33.626217,-117.91152
33.656822,-117.90751
33.645706,-117.915794
33.6568662,-117.9172009
33.650497,-117.92296
33.6293681,-117.9088204
33.631884,-117.9123223
33.657505,-117.93175
33.6325977,-117.9153186
33.625645,-117.911125
33.646374,-117.9150386
33.625942,-117.9096
33.632515,-117.91674
33.6421472,-117.9317287
33.6456497,-117.9156339
33.625942,-117.9096
33.633062,-117.9270308
33.626198,-117.9119
33.655403,-117.90685
33.626217,-117.91152
33.6573,-117.93194
33.6456497,-117.9156339
33.62331,-117.907745
33.646572,-117.927986
33.6565302,-117.9188552
33.6285045,-117.9091486
33.625645,-117.911125
33.63352,-117.91756
33.657085,-117.908066
33.6430673,-117.9272832
33.6568662,-117.9172009
33.65722,-117.92323
33.6426,-117.91813
33.6355008,-117.9402374
33.64264,-117.93234
33.656334,-117.92049
33.6565302,-117.9188552
33.656334,-117.92049
33.652287,-117.92421
33.640729,-117.9401194
33.647987,-117.9132
33.652016,-117.93294
33.6419563,-117.9203276
33.6576571,-117.9168285
33.64262,-117.93286
33.656868,-117.9172
33.644997,-117.92823
33.640774,-117.94015
33.6343071,-117.9218255
33.64409,-117.92554
33.640774,-117.94015
33.6426171,-117.9187478
33.65578,-117.91906
33.6497713,-117.9309111
33.652287,-117.92421
33.6568662,-117.9172009
33.643654,-117.931274
33.634523,-117.9203653
33.63188,-117.91236
33.63808,-117.929245
33.638172,-117.93066
33.644653,-117.91992
33.63906,-117.92802
33.64879,-117.91574
33.6563496,-117.9215004
33.6571237,-117.9292118
33.6509508,-117.917627
33.647408,-117.92193
33.657405,-117.918706
33.6388732,-117.9315599
33.6356215,-117.9187509
33.6547305,-117.9070497
33.62841,-117.90925
33.652554,-117.919624
33.642082,-117.9402
33.641438,-117.92877
33.6324562,-117.9142526
33.642506,-117.93654
33.654243,-117.91577
33.6426998,-117.9333671
33.6568153,-117.9186642
33.6408361,-117.9215776
33.6422743,-117.9347811
33.633366,-117.916855
33.657505,-117.93175
33.6431468,-117.9217799
33.64815521,-117.9207993
33.63857,-117.927986
33.642506,-117.93654
33.6530406,-117.9116627
33.64496,-117.929306
33.6503285,-117.9262961
33.65407562,-117.9211349
33.6404929,-117.9438175
33.65683,-117.9144
33.65045,-117.9306
33.6474419,-117.9222157
33.6426,-117.91813
33.65653,-117.91885
33.64279,-117.930016
33.6436444,-117.9285158
33.6428727,-117.9193164
33.642616,-117.91875
33.655586,-117.9186
33.6565302,-117.9188552
33.647987,-117.9132
33.63352,-117.91756
33.657405,-117.918706
33.652016,-117.93294
33.636887,-117.92411
33.657677,-117.91685
33.6408361,-117.9215776
33.64815521,-117.9207993
33.6554013,-117.9068533
33.64262,-117.93286
33.63808,-117.929245
33.631884,-117.9123223
33.6479867,-117.9132086
33.65522,-117.906784
33.657658,-117.91683
33.65694,-117.923225
33.63888,-117.92761
33.6267255,-117.9122906
33.656334,-117.92049
33.6443589,-117.9185497
33.65647,-117.91804
33.639957,-117.9287577
33.640507,-117.93098
33.6426,-117.91813
33.652683,-117.9286
33.654243,-117.91577
33.657406,-117.91871
33.6425997,-117.9181264
33.641438,-117.92877
33.64281,-117.93377
33.652683,-117.9286
33.6574086,-117.9219893
33.642082,-117.9402
33.6426215,-117.9328636
33.6355966,-117.9177976
33.642506,-117.93654
33.62841,-117.90925
33.641407,-117.919266
33.640415,-117.94363
33.639297,-117.927986
33.652237,-117.91785
33.643078,-117.93237
33.647619,-117.9279895
33.6502414,-117.9245111
33.642704,-117.91873
33.6530406,-117.9116627
33.64287,-117.91932
33.6427916,-117.9283004
33.644352,-117.91858
33.65073,-117.92053
33.6422387,-117.9349231
33.64287,-117.91932
33.6399217,-117.9282434
33.650497,-117.92296
33.629368,-117.90882
33.6547515,-117.9110474
33.65522,-117.906784
33.656876,-117.92867
33.63754,-117.91696
33.6474419,-117.9222157
33.654404,-117.9170303
33.6436472,-117.9285556
33.641407,-117.919266
33.652016,-117.93294
33.652138,-117.920525
33.656868,-117.9172
33.646374,-117.9150386
33.6513146,-117.9109478
33.657405,-117.918706
33.656868,-117.9172
33.64386,-117.92414
33.65088,-117.93239
33.634575,-117.93218
33.65522,-117.906784
33.654404,-117.9170303
33.632496,-117.916824
33.641438,-117.92877
33.6465958,-117.9150755
33.642765,-117.92375
33.64287,-117.91932
33.648643,-117.921646
33.631884,-117.9123223
33.656334,-117.92049
33.653946,-117.91571
33.652138,-117.920525
33.6571237,-117.9292118
33.653843,-117.9091
33.647526,-117.929665
33.6456497,-117.9156339
33.62841,-117.90925
33.63397,-117.91786
33.6437916,-117.9242617
33.6428429,-117.9194308
33.646374,-117.9150386
33.655197,-117.926834
33.657405,-117.918706
33.635858,-117.922696
33.632515,-117.91674
33.6568662,-117.9172009
33.649895,-117.91303
33.6539125,-117.9098993
33.641407,-117.919266
33.652237,-117.91785
33.6530406,-117.9116627
33.646492,-117.93243
33.64279,-117.930016
33.64379,-117.92661
33.654404,-117.9170303
33.6564,-117.91878
33.6559015,-117.9204389
33.6576571,-117.9168285
33.652016,-117.93294
33.625645,-117.911125
33.6327,-117.92118
33.62592,-117.91153
33.627647,-117.9097
33.631884,-117.9123223
33.6456497,-117.9156339
33.625942,-117.9096
33.64236832,-117.9203796
33.625645,-117.911125
33.656334,-117.92049
33.632362,-117.93122
33.625645,-117.911125
33.6268599,-117.9072845
33.6465958,-117.9150755
33.6456497,-117.9156339
33.633062,-117.9270308
33.6430673,-117.9272832
33.626045,-117.911705
33.626514,-117.91123
33.635685,-117.920425
33.6559015,-117.9204389
33.643383,-117.93285
33.6520403,-117.9107565
33.654404,-117.91703
33.646374,-117.9150386
33.6386207,-117.9313785
33.650974,-117.92218
33.63815,-117.93032
33.647987,-117.9132
33.653496,-117.92248
33.6520426,-117.9265299
33.6325132,-117.9167399
33.63266,-117.90986
33.633062,-117.9270308
33.644653,-117.91992
33.640774,-117.94015
33.6436472,-117.9285556
33.640835,-117.92158
33.640774,-117.94015
33.6436472,-117.9285556
33.6573143,-117.91716
33.639297,-117.927986
33.640774,-117.94015
33.640774,-117.94015
33.6465958,-117.9150755
33.652016,-117.93294
33.64721,-117.930374
33.6565,-117.91975
33.6487896,-117.9157432
33.63929,-117.928375
33.6428727,-117.9193164
33.642784,-117.93614
33.63816452,-117.9312134
33.6344343,-117.9217308
33.64637375,-117.9150391
33.65764,-117.929886
33.65762,-117.90625
33.656815,-117.91866
33.640728,-117.94012
33.65709,-117.908226
33.6565302,-117.9188552
33.6521198,-117.9316508
33.6381627,-117.9313716
33.65041,-117.930435
33.64287,-117.91932
33.6530406,-117.9116627
33.63857,-117.927986
33.65659332,-117.9067383
33.646595,-117.91508
33.6325132,-117.9167399
33.639957,-117.9287577
33.6422743,-117.9347811
33.648182,-117.916916
33.64279,-117.9283
33.657543,-117.927216
33.6565302,-117.9188552
33.650497,-117.92296
33.64237,-117.92038
33.6407734,-117.9401475
33.64315,-117.938866
33.6407734,-117.9401475
33.6474419,-117.9222157
33.6442565,-117.9296792
33.655575,-117.91941
33.655994,-117.90717
33.64153,-117.9319784
33.646362,-117.93237
33.642166,-117.923546
33.6540768,-117.9211357
33.64287,-117.91932
33.62592,-117.91153
33.6327,-117.92118
33.656822,-117.90751
33.62592,-117.91153
33.6576571,-117.9168285
33.63397,-117.91786
33.626514,-117.91123
33.632362,-117.93122
33.6568662,-117.9172009
33.63815,-117.93032
33.656334,-117.92049
33.65727,-117.93174
33.625942,-117.9096
33.64877,-117.92526
33.653736,-117.91875
33.625645,-117.911125
33.6422769,-117.9344352
33.632263,-117.914734
33.652016,-117.93294
33.62331,-117.907745
33.626396,-117.91105
33.6564725,-117.9226493
33.652252,-117.91868
33.65736,-117.90815
33.633062,-117.9270308
33.656921,-117.9084687
33.656475,-117.908
33.6272747,-117.9076157
33.6430673,-117.9272832
33.635887,-117.92284
33.64386,-117.92414
33.63352,-117.91756
33.64262,-117.93286
33.6268599,-117.9072845
33.6356866,-117.9204234
33.656284,-117.931816
33.6568662,-117.9172009
33.6456497,-117.9156339
33.636852,-117.92961
33.64106,-117.931206
33.647987,-117.9132
33.657405,-117.918706
33.640774,-117.94015
33.655148,-117.93194
33.634523,-117.9203653
33.640774,-117.94015
33.640774,-117.94015
33.63188,-117.91236
33.6520077,-117.9095837
33.6441137,-117.9295439
33.64721,-117.930374
33.646374,-117.9150386
33.63929,-117.928375
33.6487896,-117.9157432
33.6560804,-117.93215
33.63808,-117.929245
33.6465958,-117.9150755
33.6546058,-117.9187469
33.650497,-117.92296
33.657562,-117.92453
33.6284088,-117.9087388
33.631886,-117.91232
33.62841,-117.90925
33.6408361,-117.9215776
33.6408361,-117.9215776
33.6381627,-117.9313716
33.63523,-117.92305
33.638165,-117.93137
33.653446,-117.9264
33.6408361,-117.9215776
33.6430942,-117.9367766
33.6325132,-117.9167399
33.651016,-117.922
33.6564,-117.91878
33.64379,-117.92661
33.6309002,-117.9126629
33.648182,-117.916916
33.6578824,-117.9035518
33.6558741,-117.9283938
33.643078,-117.93237
33.6522873,-117.9242098
33.6474419,-117.9222157
33.634144,-117.91467
33.625942,-117.9096
33.6428193,-117.9186145
33.655994,-117.90717
33.654404,-117.91703
33.640835,-117.92158
33.625942,-117.9096
33.62592,-117.91153
33.639584,-117.930756
33.625942,-117.9096
33.6327,-117.92118
33.6256443,-117.9111278
33.655197,-117.926834
33.634422,-117.918526
33.6293681,-117.9088204
33.6576571,-117.9168285
33.652016,-117.93294
33.656418,-117.92975
33.657406,-117.91871
33.6318821,-117.9123644
33.640774,-117.94015
33.6564,-117.91878
33.65591,-117.927025
33.6408361,-117.9215776
33.64877,-117.92526
33.632263,-117.914734
33.65727,-117.93174
33.6337576,-117.9150471
33.6421472,-117.9317287
33.62331,-117.907745
33.65653,-117.91885
33.6564,-117.91878
33.657505,-117.931946
33.63929,-117.928375
33.652287,-117.92421
33.63911,-117.93002
33.656475,-117.908
33.633062,-117.9270308
33.6426215,-117.9328636
33.64291,-117.926796
33.6383356,-117.9169166
33.642506,-117.93654
33.6431,-117.9236
33.644653,-117.91992
33.640774,-117.94015
33.656284,-117.931816
33.640774,-117.94015
33.6513146,-117.9109478
33.6568662,-117.9172009
33.640774,-117.94015
33.647987,-117.9132
33.64349,-117.92364
33.639957,-117.92876
33.65522,-117.906784
33.6438456,-117.9226251
33.6431671,-117.9308002
33.6392957,-117.9279883
33.639538,-117.92902
33.656334,-117.92049
33.6408361,-117.9215776
33.6568662,-117.9172009
33.6559671,-117.9225282
33.656174,-117.92058
33.6474419,-117.9222157
33.657406,-117.91871
33.64226,-117.93259
33.6325529,-117.914146
33.6243535,-117.9085602
33.6565302,-117.9188552
33.6449952,-117.928228
33.647987,-117.91321
33.6521198,-117.9316508
33.644997,-117.92823
33.62841,-117.90925
33.6360031,-117.92146
33.654076,-117.921135
33.640728,-117.94012
33.639297,-117.927986
33.656868,-117.9172
33.6419563,-117.9203276
33.6381627,-117.9313716
33.6540594,-117.9237204
33.6540768,-117.9211357
33.6260855,-117.9113359
33.657562,-117.92453
33.639923,-117.928246
33.65041,-117.930435
33.6568662,-117.9172009
33.6530406,-117.9116627
33.6422743,-117.9347811
33.6419563,-117.9203276
33.65109,-117.92022
33.6369602,-117.9222288
33.634636,-117.91891
33.65041,-117.930435
33.656334,-117.92049
33.65668,-117.91885
33.643177,-117.9247925
33.6540768,-117.9211357
33.637775,-117.92859
33.6426215,-117.9328636
33.654404,-117.91703
33.643703,-117.92296
33.651215,-117.921005
33.64287,-117.91932
33.62592,-117.91153
33.6327,-117.92118
33.625645,-117.911125
33.646374,-117.9150386
33.626217,-117.91152
33.656822,-117.90751
33.632263,-117.914734
33.65685,-117.90794
33.656868,-117.9172
33.656418,-117.92975
33.656433,-117.90543
33.636887,-117.92411
33.65733,-117.904686
33.6408361,-117.9215776
33.63414,-117.91658
33.6272747,-117.9076157
33.6456497,-117.9156339
33.654404,-117.91703
33.6421472,-117.9317287
33.625942,-117.9096
33.65727,-117.93174
33.63286,-117.9270719
33.63703,-117.91427
33.62592,-117.91153
33.644264,-117.924545
33.6356866,-117.9204234
33.64386,-117.92414
33.6456497,-117.9156339
33.654438,-117.91195
33.657658,-117.91683
33.641045,-117.925934
33.633062,-117.9270308
33.6403428,-117.9221969
33.6430673,-117.9272832
33.6425997,-117.9181264
33.6426,-117.91813
33.656284,-117.931816
33.643166,-117.92479
33.641407,-117.919266
33.657405,-117.918706
33.63815,-117.93032
33.6576571,-117.9168285
33.639538,-117.92902
33.647987,-117.9132
33.64287,-117.91932
33.654972,-117.92064
33.640774,-117.94015
33.6437916,-117.9242617
33.6576571,-117.9168285
33.643654,-117.931274
33.655006,-117.932273
33.655994,-117.90594
33.640774,-117.94015
33.63188,-117.91236
33.639957,-117.92876
33.6530406,-117.9116627
33.65741,-117.91871
33.63929,-117.928375
33.657405,-117.918706
33.6407734,-117.9401475
33.6395924,-117.9271062
33.63808,-117.929245
33.6474419,-117.9222157
33.6395924,-117.9271062
33.639534,-117.92712
33.6520426,-117.9265299
33.6559015,-117.9204389
33.6443046,-117.9167533
33.65578,-117.91906
33.642082,-117.9402
33.636726,-117.924644
33.6558352,-117.9319225
33.65647,-117.91804
33.6540768,-117.9211357
33.650497,-117.92296
33.6463408,-117.9296356
33.63906,-117.92802
33.65647,-117.91804
33.6408361,-117.9215776
33.648471,-117.9245829
33.6568662,-117.9172009
33.6410031,-117.9288591
33.643177,-117.9247925
33.6482216,-117.9217055
33.634144,-117.91467
33.651016,-117.922
33.648155,-117.9208
33.65727,-117.93174
33.640774,-117.94015
33.641407,-117.919266
33.648403,-117.93169
33.63754,-117.91696
33.655994,-117.90717
33.64379,-117.92661
33.640835,-117.92158
33.656334,-117.92049
33.6540768,-117.9211357
33.625942,-117.9096
33.646374,-117.9150386
33.62592,-117.91153
33.625942,-117.9096
33.643654,-117.931274
33.65522,-117.906784
33.656868,-117.9172
33.626087,-117.91134
33.6422769,-117.9344352
33.6568662,-117.9172009
33.6344797,-117.9228406
33.652016,-117.93294
33.63815,-117.93032
33.634308,-117.92183
33.63702,-117.921074
33.625645,-117.911125
33.6456497,-117.9156339
33.640507,-117.93098
33.62331,-117.907745
33.657505,-117.93175
33.65126,-117.91304
33.657405,-117.918706
33.65653,-117.91885
33.640774,-117.94015
33.643745,-117.931145
33.6426931,-117.9332298
33.633062,-117.9270308
33.640404,-117.92007
33.6565,-117.91975
33.6565302,-117.9188552
33.652252,-117.91868
33.6430673,-117.9272832
33.657124,-117.929214
33.639957,-117.92876
33.656284,-117.931816
33.6426,-117.91813
33.63882,-117.92878
33.626663,-117.90885
33.6491157,-117.9235774
33.65263,-117.932106
33.6576571,-117.9168285
33.631884,-117.9123223
33.656868,-117.9172
33.644653,-117.91992
33.65578,-117.91906
33.647987,-117.91321
33.6568662,-117.9172009
33.6471623,-117.9154858
33.6556112,-117.9283623
33.64265,-117.932335
33.640774,-117.94015
33.63833618,-117.9277115
33.6437916,-117.9242617
33.6430942,-117.9367766
33.640774,-117.94015
33.652016,-117.93294
33.6568662,-117.9172009
33.64237,-117.92038
33.643078,-117.93237
33.63696,-117.922226
33.64879,-117.91574
33.654793,-117.91623
33.65522,-117.906784
33.642784,-117.93614
33.65041,-117.930435
33.65212,-117.93165
33.6520077,-117.9095837
33.6325529,-117.914146
33.6504903,-117.9169936
33.6428727,-117.9193164
33.631886,-117.91232
33.64379,-117.92661
33.656334,-117.92049
33.639908,-117.93696
33.640835,-117.92158
33.6426,-117.91813
33.656002,-117.90594
33.654243,-117.91577
33.646122,-117.924446
33.6408361,-117.9215776
33.64288,-117.93514
33.6437908,-117.9266113
33.6471623,-117.9154858
33.624985,-117.906136
33.65592,-117.907196
33.6422743,-117.9347811
33.657543,-117.927216
33.651215,-117.921005
33.6540768,-117.9211357
33.648471,-117.9245829
33.6341857,-117.9181862
33.65578,-117.91906
33.65212,-117.93165
33.6482216,-117.9217055
33.657658,-117.91683
33.63754,-117.91696
33.64277268,-117.9295502
33.654404,-117.9170303
33.65355,-117.91813
33.6436472,-117.9285556
33.656868,-117.9172
33.642292,-117.93353
33.6413337,-117.9224044
33.632263,-117.914734
33.641045,-117.925934
33.6568662,-117.9172009
33.629444,-117.90953
33.652016,-117.93294
33.6408361,-117.9215776
33.657166,-117.92442
33.657314,-117.91716
33.651816,-117.932011
33.6573138,-117.9171566
33.6351358,-117.9227293
33.64815521,-117.9207993
33.6318821,-117.9123644
33.6345479,-117.9204163
33.6443589,-117.9185497
33.656868,-117.9172
33.6420381,-117.9323751
33.6422926,-117.9335344
33.652287,-117.92421
33.6418764,-117.9222156
33.6430942,-117.9367766
33.6470478,-117.9274629
33.64281,-117.93377
33.6428727,-117.9193164
33.646572,-117.927986
33.63188,-117.91236
33.626396,-117.91105
33.63557,-117.91822
33.654076,-117.921135
33.654076,-117.921135
33.6471623,-117.9154858
33.64288,-117.93514
33.650497,-117.92296
33.6558663,-117.9311999
33.6564725,-117.9226493
33.643177,-117.92479
33.6552195,-117.9067861
33.6568662,-117.9172009
33.6547515,-117.9110474
33.639297,-117.927986
33.651016,-117.922
33.6540594,-117.9237204
33.6558741,-117.9283938
33.64287,-117.91932
33.6351017,-117.9229321
33.6510179,-117.9219939
33.6540768,-117.9211357
33.625645,-117.911125
33.643654,-117.92102
33.644653,-117.91992
33.6399217,-117.9282434
33.642822,-117.93681
33.654404,-117.9170303
33.638546,-117.92189
33.64386,-117.92414
33.65181,-117.92619
33.64302,-117.935684
33.63188,-117.91236
33.652016,-117.93294
33.6436472,-117.9285556
33.641407,-117.919266
33.629444,-117.90953
33.6508771,-117.9105724
33.65522,-117.906784
33.6408361,-117.9215776
33.63808,-117.93649
33.630898,-117.9135
33.64279,-117.9283
33.64279,-117.9283
33.641956,-117.92033
33.6499982,-117.9301209
33.656334,-117.92049
33.63808,-117.93649
33.647987,-117.9132
33.65596,-117.918365
33.636494,-117.91723
33.636757,-117.92115
33.657405,-117.918706
33.657124,-117.929214
33.63754,-117.91696
33.6558741,-117.9283938
33.6308403,-117.9116516
33.64288,-117.93514
33.6437018,-117.9229592
33.6564,-117.91878
33.6559015,-117.9204389
33.642082,-117.9402
33.65733,-117.904686
33.65737,-117.926926
33.634523,-117.9203653
33.64815521,-117.9207993
33.65475082,-117.9109497
33.6422743,-117.9347811
33.6522873,-117.9242098
33.656334,-117.92049
33.641438,-117.92877
33.641315,-117.93154
33.654404,-117.91624
33.656868,-117.9172
33.6428727,-117.9193164
33.64839,-117.929184
33.65088,-117.93239
33.657405,-117.918706
33.6565302,-117.9188552
33.657658,-117.91683
33.6530406,-117.9116627
33.6510179,-117.9219939
33.6540768,-117.9211357
33.65647,-117.91804
33.6568662,-117.9172009
33.6285045,-117.9091486
33.651016,-117.922
33.657658,-117.91683
33.64386,-117.92414
33.642822,-117.93681
33.652008,-117.909584
33.65091,-117.90863
33.631483,-117.91979
33.6513146,-117.9109478
33.646378,-117.91503
33.656868,-117.9172
33.625645,-117.911125
33.656868,-117.9172
33.6337576,-117.9150471
33.627647,-117.9097
33.6456497,-117.9156339
33.625645,-117.911125
33.62592,-117.91153
33.62592,-117.91153
33.633062,-117.9270308
33.643757,-117.92252
33.645447,-117.93305
33.65522,-117.906784
33.65596,-117.918365
33.6419563,-117.9203276
33.652287,-117.92421
33.65181,-117.92619
33.625942,-117.9096
33.6344158,-117.9215362
33.632263,-117.914734
33.636726,-117.924644
33.641045,-117.925934
33.62744,-117.91023
33.64262,-117.93286
33.634636,-117.91891
33.64279,-117.9283
33.65096,-117.92422
33.656334,-117.92049
33.64264,-117.93234
33.656868,-117.9172
33.641407,-117.919266
33.6438639,-117.9236644
33.652287,-117.92421
33.639538,-117.92902
33.638874,-117.93156
33.653843,-117.9091
33.65574,-117.91836
33.6530406,-117.9116627
33.640774,-117.94015
33.6559015,-117.9204389
33.642765,-117.92042
33.640774,-117.94015
33.652252,-117.91868
33.642673,-117.9335
33.64721,-117.930374
33.642082,-117.9402
33.656334,-117.92049
33.657024,-117.92807
33.63929,-117.928375
33.642506,-117.93654
33.646374,-117.9150386
33.6385685,-117.9279859
33.63808,-117.929245
33.64564896,-117.9156342
33.6565302,-117.9188552
33.6522873,-117.9242098
33.6422387,-117.9349231
33.6547515,-117.9110474
33.638165,-117.93137
33.65709,-117.908226
33.653496,-117.92248
33.64311,-117.934074
33.6568153,-117.9186642
33.6422743,-117.9347811
33.644997,-117.92823
33.65041,-117.930435
33.6408361,-117.9215776
33.6558741,-117.9283938
33.625645,-117.911125
33.6427387,-117.9282514
33.65765762,-117.916832
33.64698,-117.92073
33.6426,-117.91813
33.653843,-117.9091
33.654404,-117.91703
33.654785,-117.91591
33.64379,-117.92661
33.643654,-117.931274
33.640835,-117.92158
33.625942,-117.9096
33.639923,-117.93101
33.62592,-117.91153
33.625645,-117.911125
33.634422,-117.918526
33.654804,-117.919014
33.6513146,-117.9109478
33.656284,-117.931816
33.6337576,-117.9150471
33.6357504,-117.9186298
33.642326,-117.923775
33.642315,-117.91853
33.656334,-117.92049
33.656868,-117.9172
33.62971,-117.91003
33.62971,-117.91003
33.623314,-117.90778
33.6427709,-117.9295525
33.62665,-117.91143
33.657505,-117.931946
33.639297,-117.927986
33.650497,-117.92296
33.632263,-117.914734
33.641407,-117.919266
33.641045,-117.925934
33.634308,-117.92183
33.646374,-117.9150386
33.6430673,-117.9272832
33.636944,-117.92227
33.6429228,-117.9272588
33.633816,-117.93512
33.657405,-117.918706
33.6428727,-117.9193164
33.64262,-117.93286
33.656334,-117.92049
33.6572985,-117.9313879
33.65126,-117.91304
33.657513,-117.930984
33.6576571,-117.9168285
33.6568662,-117.9172009
33.639297,-117.927986
33.65578,-117.91906
33.640774,-117.94015
33.640774,-117.94015
33.64282,-117.91862
33.63188,-117.91236
33.643177,-117.92479
33.63414,-117.91658
33.63929,-117.928375
33.640163,-117.943794
33.639297,-117.927986
33.654785,-117.91591
33.6361,-117.92045
33.631884,-117.9123223
33.657543,-117.927246
33.646374,-117.9150386
33.6558654,-117.9133298
33.6437916,-117.9242617
33.638165,-117.93137
33.6504977,-117.9274441
33.654404,-117.91703
33.655304,-117.906685
33.6422743,-117.9347811
33.65041,-117.930435
33.6408361,-117.9215776
33.6439,-117.93037
33.656334,-117.92049
33.64815521,-117.9207993
33.643063,-117.9244
33.6408361,-117.9215776
33.647865,-117.92102
33.6243535,-117.9085602
33.639297,-117.927986
33.6558741,-117.9283938
33.654076,-117.921135
33.651215,-117.921005
33.65578,-117.91906
33.64287,-117.91932
33.65683,-117.9144
33.657513,-117.930984
33.62592,-117.91153
33.62592,-117.91153
33.652016,-117.93294
33.62592,-117.91153
33.632263,-117.914734
33.6293681,-117.9088204
33.6541502,-117.9188002
33.625645,-117.911125
33.64264,-117.93234
33.6337576,-117.9150471
33.652287,-117.92421
33.65591,-117.927025
33.6456497,-117.9156339
33.6513146,-117.9109478
33.652237,-117.91785
33.653736,-117.91875
33.625942,-117.9096
33.646572,-117.927986
33.6405907,-117.9245798
33.6406415,-117.9248586
33.629097,-117.90967
33.654076,-117.921135
33.641045,-117.925934
33.65727,-117.93174
33.6343451,-117.9184468
33.6428727,-117.9193164
33.633062,-117.9270308
33.6530406,-117.9116627
33.63698,-117.923744
33.6530406,-117.9116627
33.65494,-117.91426
33.6430673,-117.9272832
33.6487896,-117.9157432
33.649094,-117.92421
33.6428727,-117.9193164
33.635887,-117.92284
33.64106,-117.931206
33.6426,-117.91813
33.640774,-117.94015
33.6576571,-117.9168285
33.640774,-117.94015
33.64381,-117.92804
33.65683,-117.9144
33.657405,-117.918706
33.6522873,-117.9242098
33.6399217,-117.9282434
33.6560804,-117.93215
33.640823,-117.93011
33.6568662,-117.9172009
33.646572,-117.927986
33.646374,-117.9150386
33.633686,-117.91729
33.6395924,-117.9271062
33.63808,-117.929245
33.641956,-117.92033
33.6325529,-117.914146
33.6568662,-117.9172009
33.6540768,-117.9211357
33.644997,-117.92823
33.6565302,-117.9188552
33.639297,-117.927986
33.63414,-117.91658
33.63698,-117.923744
33.62841,-117.90925
33.6574086,-117.9219893
33.639923,-117.928246
33.655403,-117.90685
33.642704,-117.91873
33.650967,-117.92447
33.654972,-117.92064
33.65756226,-117.92453
33.64349,-117.92364
33.643063,-117.9244
33.6571237,-117.9292118
33.632515,-117.91674
33.64815521,-117.9207993
33.648155,-117.9208
33.6482216,-117.9217055
33.6325132,-117.9167399
33.6260855,-117.9113359
33.63929,-117.928375
33.654404,-117.91703
33.641438,-117.92877
33.65041,-117.930435
33.654076,-117.921135
33.656334,-117.92049
33.63808,-117.929245
33.651215,-117.921005
33.656868,-117.9172
33.6558741,-117.9283938
33.625942,-117.9096
33.6327,-117.92118
33.6293681,-117.9088204
33.62592,-117.91153
33.625645,-117.911125
33.62592,-117.91153
33.627655,-117.9084
33.628284,-117.90964
33.656418,-117.92975
33.646374,-117.9150386
33.6456497,-117.9156339
33.633062,-117.9270308
33.643654,-117.92102
33.65181,-117.92619
33.64277268,-117.9204178
33.63414,-117.91658
33.64565,-117.915634
33.6456497,-117.9156339
33.63929,-117.928375
33.646374,-117.9150386
33.65727,-117.93174
33.641045,-117.925934
33.6430673,-117.9272832
33.639957,-117.92876
33.642616,-117.91875
33.642036,-117.93237
33.642765,-117.92042
33.6422922,-117.922907
33.631884,-117.9123223
33.65683,-117.9144
33.653496,-117.92248
33.64262,-117.93286
33.64279,-117.9283
33.6426,-117.91813
33.647987,-117.9132
33.635887,-117.92284
33.6558654,-117.9133298
33.6504103,-117.9159452
33.655994,-117.90594
33.6568153,-117.9186642
33.656815,-117.91866
33.656868,-117.9172
33.656284,-117.931816
33.65578,-117.91906
33.640774,-117.94015
33.657406,-117.91871
33.6475394,-117.9301617
33.640774,-117.94015
33.657124,-117.929214
33.654404,-117.91703
33.64721,-117.930374
33.6509543,-117.9245748
33.64879,-117.91574
33.6395924,-117.9271062
33.6537933,-117.9186298
33.6565,-117.91975
33.6568662,-117.9172009
33.652008,-117.909584
33.652237,-117.91785
33.643654,-117.931274
33.633312,-117.91681
33.656284,-117.931816
33.6324562,-117.9142526
33.656868,-117.9172
33.651016,-117.922
33.651016,-117.922
33.63059,-117.91301
33.6381627,-117.9313716
33.6408361,-117.9215776
33.64815521,-117.9207993
33.643658,-117.93126
33.6437916,-117.9242617
33.6355008,-117.9402374
33.653843,-117.9091
33.641407,-117.919266
33.652237,-117.91785
33.650967,-117.92447
33.64237,-117.92038
33.633366,-117.916855
33.6417802,-117.9351348
33.6399217,-117.9282434
33.6408361,-117.9215776
33.63808,-117.929245
33.6540768,-117.9211357
33.648155,-117.9208
33.6565302,-117.9188552
33.657314,-117.91716
33.6540768,-117.9211357
33.654076,-117.921135
33.6243535,-117.9085602
33.65041,-117.930435
33.640835,-117.92158
33.653843,-117.9091
33.6530406,-117.9116627
33.62592,-117.91153
33.62592,-117.91153
33.63186,-117.912315
33.6256443,-117.9111278
33.6337576,-117.9150471
33.63441467,-117.9215393
33.657406,-117.91871
33.6456497,-117.9156339
33.652016,-117.93294
33.657574,-117.93215
33.625923,-117.909615
33.64227676,-117.934227
33.64565,-117.915634
33.63414,-117.91658
33.6456497,-117.9156339
33.626087,-117.91134
33.626198,-117.9119
33.65073,-117.92053
33.62592,-117.91153
33.639297,-117.927986
33.6281,-117.90864
33.63029,-117.91815
33.6553032,-117.9066835
33.6260855,-117.9113359
33.63075,-117.911545
33.64705,-117.92746
33.6430673,-117.9272832
33.647987,-117.9132
33.640343,-117.922195
33.6272747,-117.9076157
33.62912,-117.90884
33.64815521,-117.9207993
33.646374,-117.9150386
33.634422,-117.918526
33.6428193,-117.9186145
33.648155,-117.9208
33.656284,-117.931816
33.640774,-117.94015
33.645447,-117.93305
33.65574,-117.91836
33.626663,-117.90885
33.65181,-117.92619
33.640774,-117.94015
33.644997,-117.92823
33.6449952,-117.928228
33.633062,-117.9270308
33.641903,-117.93606
33.64302,-117.935684
33.642083,-117.940197
33.654243,-117.91577
33.63808,-117.929245
33.639282,-117.929016
33.6546261,-117.908124
33.65653,-117.91885
33.639957,-117.9287577
33.647987,-117.91321
33.6325529,-117.914146
33.64181519,-117.9347229
33.6430673,-117.9272832
33.657562,-117.92453
33.63874,-117.92714
33.6564725,-117.9226493
33.6522873,-117.9242098
33.652287,-117.92421
33.62841,-117.90925
33.65653,-117.91885
33.65282,-117.92533
33.643784,-117.92424
33.643852,-117.91976
33.64279,-117.9283
33.642506,-117.93654
33.651215,-117.921005
33.6408361,-117.9215776
33.654972,-117.92064
33.651016,-117.922
33.6422743,-117.9347811
33.654243,-117.91577
33.6368885,-117.9241066
33.6557797,-117.919061
33.6540768,-117.9211357
33.6565,-117.91975
33.646374,-117.9150386
33.6504103,-117.9159452
33.6571237,-117.9292118
33.6568662,-117.9172009
33.65212,-117.93165
33.632515,-117.91674
33.6573138,-117.9171566
33.64379,-117.92661
33.641438,-117.92877
33.6436472,-117.9285556
33.6428727,-117.9193164
33.64226,-117.93259
33.6337354,-117.9147317
33.64295,-117.92961
33.64287,-117.91932
33.633858,-117.93513
33.6408361,-117.9215776
33.652016,-117.93294
33.636726,-117.924644
33.63808,-117.93649
33.6437908,-117.9266113
33.646374,-117.9150386
33.6408361,-117.9215776
33.6367539,-117.9211245
33.642822,-117.93681
33.6546996,-117.9186724
33.652237,-117.91785
33.64241,-117.93226
33.640244,-117.932236
33.6558741,-117.9283938
33.64366,-117.92835
33.642822,-117.93681
33.6408361,-117.9215776
33.650826,-117.9313
33.657124,-117.929214
33.640507,-117.93098
33.649586,-117.92857
33.6325132,-117.9167399
33.65212,-117.93165
33.6423673,-117.9203827
33.6448288,-117.9300995
33.6558741,-117.9283938
33.6325132,-117.9167399
33.64815521,-117.9207993
33.631886,-117.91232
33.63523,-117.92305
33.6575741,-117.9215186
33.6426,-117.91813
33.6479867,-117.9132086
33.657499,-117.91899
33.6530406,-117.9116627
33.638622,-117.93172
33.644802,-117.929634
33.644653,-117.91992
33.6422743,-117.9347811
33.641438,-117.92877
33.6568662,-117.9172009
33.65709,-117.908226
33.654243,-117.91577
33.632515,-117.91674
33.647865,-117.92102
33.6463408,-117.9296356
33.652016,-117.93294
33.631884,-117.9123223
33.6355008,-117.9402374
33.646374,-117.9150386
33.647736,-117.92969
33.655304,-117.91708
33.650497,-117.92296
33.651016,-117.922
33.6243535,-117.9085602
33.638622,-117.93172
33.6540768,-117.9211357
33.65407562,-117.9211349
33.6260855,-117.9113359
33.657406,-117.91871
33.6399217,-117.9282434
33.6521326,-117.9324632
33.6421883,-117.9397037
33.6521198,-117.9316508
33.652287,-117.92421
33.6504103,-117.9159452
33.6405079,-117.9309739
33.652016,-117.93294
33.6436472,-117.9285556
33.65522,-117.906784
33.641407,-117.919266
33.645863,-117.93009
33.633816,-117.93512
33.656334,-117.92049
33.6508771,-117.9105724
33.646374,-117.9150386
33.63452,-117.920364
33.634327,-117.916245
33.6437916,-117.9242617
33.6343549,-117.9161811
33.639957,-117.9287577
33.62912,-117.90884
33.63432,-117.91656
33.639297,-117.927986
33.6549429,-117.9142639
33.641438,-117.92877
33.639957,-117.9287577
33.64561462,-117.9247742
33.646378,-117.91503
33.656868,-117.9172
33.6408361,-117.9215776
33.65443802,-117.9119492
33.64279,-117.930016
33.632515,-117.91674
33.6558741,-117.9283938
33.64073,-117.92115
33.6484187,-117.9316644
33.6542445,-117.9157726
33.6499359,-117.9207982
33.6422743,-117.9347811
33.641956,-117.92033
33.645433,-117.9259449
33.634523,-117.9203653
33.6431468,-117.9217799
33.652237,-117.91785
33.651016,-117.922
33.6552195,-117.9067861
33.643105,-117.93672
33.6558741,-117.9283938
33.65407562,-117.9211349
33.647865,-117.92102
33.6511163,-117.9274914
33.653496,-117.92248
33.6510179,-117.9219939
33.654243,-117.91577
33.6385685,-117.9279859
33.641438,-117.92877
33.6540768,-117.9211357
33.6437844,-117.9242365
33.6399217,-117.9282434
33.655197,-117.926834
33.6513146,-117.9109478
33.65665,-117.9187
33.654404,-117.9170303
33.6511163,-117.9274914
33.652016,-117.93294
33.625645,-117.911125
33.632515,-117.91674
33.625645,-117.911125
33.6337576,-117.9150471
33.63575,-117.91863
33.6456497,-117.9156339
33.625923,-117.909615
33.6513146,-117.9109478
33.62665,-117.91143
33.6573,-117.93194
33.633062,-117.9270308
33.65727,-117.93174
33.6327,-117.92118
33.644375,-117.92372
33.6430673,-117.9272832
33.632263,-117.914734
33.626514,-117.91123
33.656868,-117.9172
33.6564,-117.91878
33.631424,-117.91359
33.62592,-117.91153
33.636887,-117.92411
33.657124,-117.929214
33.6562616,-117.9106534
33.6572426,-117.9315382
33.643177,-117.9247925
33.6426,-117.91813
33.6559198,-117.9071993
33.640774,-117.94015
33.63266,-117.90986
33.644653,-117.91992
33.634308,-117.92183
33.647987,-117.9132
33.634415,-117.92154
33.642083,-117.940197
33.63815,-117.93032
33.6549429,-117.9142639
33.656868,-117.9172
33.6299791,-117.913863
33.6568662,-117.9172009
33.655994,-117.90594
33.64315,-117.938866
33.64879,-117.91574
33.63929,-117.928375
33.64429,-117.92984
33.639957,-117.9287577
33.650497,-117.92296
33.6563,-117.92989
33.644997,-117.92823
33.642277,-117.93423
33.6540768,-117.9211357
33.64016,-117.932755
33.6440898,-117.9255409
33.636753,-117.92113
33.638165,-117.93137
33.65483,-117.91605
33.656815,-117.91866
33.631886,-117.91232
33.657406,-117.91871
33.6558741,-117.9283938
33.6552195,-117.9067861
33.644653,-117.91992
33.64544,-117.92446
33.6417802,-117.9351348
33.6405079,-117.9309739
33.6571237,-117.9292118
33.6426215,-117.9328636
33.6422743,-117.9347811
33.650967,-117.92447
33.656334,-117.92049
33.625645,-117.911125
33.6479891,-117.9131981
33.64815521,-117.9207993
33.6399217,-117.9282434
33.654076,-117.921135
33.650208,-117.92465
33.6463408,-117.9296356
33.64237,-117.92038
33.654404,-117.91703
33.65578,-117.91906
33.65683,-117.9144
33.63557,-117.91822
33.62492,-117.906204
33.643204,-117.93167
33.65212,-117.93165
33.64379,-117.92661
33.65578,-117.91906
33.657562,-117.92453
33.62586,-117.91048
33.62592,-117.91153
33.6327,-117.92118
33.62592,-117.91153
33.6337576,-117.9150471
33.6456497,-117.9156339
33.643654,-117.931274
33.6568662,-117.9172009
33.64288,-117.92927
33.6530406,-117.9116627
33.657505,-117.93175
33.626198,-117.9119
33.652016,-117.93294
33.6554013,-117.9068533
33.625923,-117.909615
33.631424,-117.91359
33.625923,-117.909615
33.656868,-117.9172
33.6564725,-117.9226493
33.62592,-117.91153
33.6509811,-117.9172767
33.632263,-117.914734
33.6537356,-117.9187486
33.65727,-117.93174
33.64381,-117.92804
33.6430673,-117.9272832
33.640774,-117.94015
33.6565302,-117.9188552
33.657024,-117.92807
33.640774,-117.94015
33.639297,-117.927986
33.6436533,-117.9210238
33.647987,-117.9132
33.63266,-117.90986
33.6528716,-117.9240866
33.6419563,-117.9203276
33.6552195,-117.9067861
33.635887,-117.92284
33.6560804,-117.93215
33.646374,-117.9150386
33.636944,-117.92227
33.651016,-117.922
33.640823,-117.93011
33.656334,-117.92049
33.63188,-117.91236
33.6520077,-117.9095837
33.6442436,-117.9302706
33.642036,-117.93237
33.65522,-117.906784
33.64879,-117.91574
33.63808,-117.929245
33.640728,-117.94012
33.63929,-117.928375
33.640144,-117.92377
33.6463408,-117.9296356
33.656174,-117.92058
33.633062,-117.9270308
33.6540768,-117.9211357
33.640404,-117.92007
33.638813,-117.92821
33.639297,-117.927986
33.6430673,-117.9272832
33.6449952,-117.928228
33.6568662,-117.9172009
33.6482216,-117.9217055
33.654076,-117.921135
33.62841,-117.90925
33.6381627,-117.9313716
33.638165,-117.93137
33.649117,-117.92358
33.65176,-117.91867
33.642982,-117.93584
33.656868,-117.9172
33.6520426,-117.9265299
33.63426971,-117.9182968
33.641407,-117.919266
33.643177,-117.9247925
33.6422743,-117.9347811
33.6399217,-117.9282434
33.6354242,-117.9239064
33.6426,-117.91813
33.64386,-117.92414
33.656334,-117.92049
33.6422387,-117.9349231
33.654972,-117.92064
33.64815521,-117.9207993
33.6503285,-117.9262961
33.63754,-117.91696
33.656612,-117.907234
33.6474419,-117.9222157
33.647175,-117.91836
33.640835,-117.92158
33.62912,-117.90884
33.635685,-117.920425
33.625923,-117.909615
33.639923,-117.93101
33.652016,-117.93294
33.6302925,-117.9181553
33.6442436,-117.9302706
33.6327,-117.92118
33.6256443,-117.9111278
33.62592,-117.91153
33.65733,-117.904686
33.623184,-117.90762
33.6513146,-117.9109478
33.6573,-117.93194
33.6564,-117.91878
33.634422,-117.918526
33.6343451,-117.9184468
33.656418,-117.92975
33.6559,-117.92699
33.642326,-117.923775
33.642647,-117.93368
33.65727,-117.93174
33.65727,-117.93174
33.64565,-117.915634
33.65727,-117.93174
33.62592,-117.91153
33.6572426,-117.9315382
33.657505,-117.931946
33.636555,-117.91735
33.636,-117.92146
33.634144,-117.91467
33.656475,-117.908
33.633062,-117.9270308
33.65727,-117.93174
33.6428429,-117.9194308
33.6576571,-117.9168285
33.64879,-117.91574
33.6430673,-117.9272832
33.63972,-117.9348
33.652138,-117.920525
33.655834,-117.93192
33.6426,-117.91813
33.6470478,-117.9274629
33.640774,-117.94015
33.643078,-117.93237
33.6426,-117.91813
33.657405,-117.918706
33.640774,-117.94015
33.6407734,-117.9401475
33.63186,-117.912315
33.642773,-117.92955
33.65578,-117.91906
33.6423673,-117.9203827
33.652252,-117.91868
33.64284,-117.91943
33.656075,-117.91269
33.6395924,-117.9271062
33.64721,-117.930374
33.63929,-117.928375
33.6474419,-117.9222157
33.6427916,-117.9283004
33.640415,-117.94363
33.6562807,-117.907565
33.645,-117.92739
33.6568153,-117.9186642
33.6325529,-117.914146
33.6449952,-117.928228
33.6568153,-117.9186642
33.653384,-117.9111226
33.639297,-117.927986
33.62841,-117.90925
33.633686,-117.91729
33.6422387,-117.9349231
33.6438609,-117.9241416
33.651215,-117.921005
33.646374,-117.9150386
33.654972,-117.92064
33.6565,-117.91975
33.652283,-117.925095
33.6422743,-117.9347811
33.6540768,-117.9211357
33.64381,-117.92804
33.65041,-117.930435
33.656334,-117.92049
33.65589,-117.920296
33.6325132,-117.9167399
33.6354242,-117.9239064
33.64815521,-117.9207993
33.654404,-117.91703
33.657658,-117.91683
33.642864,-117.9317163
33.633566,-117.9200865
33.656612,-117.907234
33.6528716,-117.9240866
33.6565302,-117.9188552
33.6558741,-117.9283938
33.6405079,-117.9309739
33.63397,-117.93164
33.62592,-117.91153
33.6327,-117.92118
33.62592,-117.91153
33.6256443,-117.9111278
33.625877,-117.91117
33.6293681,-117.9088204
33.642036,-117.93237
33.6337576,-117.9150471
33.6456497,-117.9156339
33.63575,-117.91863
33.651672,-117.92637
33.63414,-117.91658
33.6405079,-117.9309739
33.62885,-117.91474
33.639297,-117.927986
33.64565,-117.915634
33.62665,-117.91143
33.64408875,-117.9255371
33.626087,-117.91134
33.6456497,-117.9156339
33.625923,-117.909615
33.6565302,-117.9188552
33.6573,-117.93194
33.6564,-117.91878
33.642956,-117.9296
33.65727,-117.93174
33.62592,-117.91153
33.655304,-117.906685
33.6343451,-117.9184468
33.6576571,-117.9168285
33.633062,-117.9270308
33.6430673,-117.9272832
33.639957,-117.92876
33.64408875,-117.9255371
33.6565,-117.91975
33.657272,-117.90481
33.651,-117.90879
33.65126,-117.91304
33.640774,-117.94015
33.6426,-117.91813
33.6568662,-117.9172009
33.6426931,-117.9332298
33.6324562,-117.9142526
33.635857,-117.9227
33.6407734,-117.9401475
33.6422387,-117.9349231
33.65241,-117.932076
33.63188,-117.91236
33.6299791,-117.913863
33.64721,-117.930374
33.631424,-117.91359
33.65263,-117.932106
33.6395924,-117.9271062
33.6491157,-117.9235774
33.63808,-117.929245
33.6520077,-117.9095837
33.65653,-117.91885
33.638573,-117.928604
33.641407,-117.919266
33.645713,-117.9153573
33.6565302,-117.9188552
33.651016,-117.922
33.6470478,-117.9274629
33.6290883,-117.9103563
33.651215,-117.921005
33.657387,-117.92378
33.631634,-117.91365
33.644737,-117.91857
33.6405079,-117.9309739
33.653384,-117.9111226
33.634523,-117.9203653
33.654243,-117.91577
33.6474419,-117.9222157
33.640774,-117.94015
33.6422743,-117.9347811
33.642506,-117.93654
33.65653,-117.91885
33.6540768,-117.9211357
33.6499982,-117.9301209
33.6399217,-117.9282434
33.6565302,-117.9188552
33.65762,-117.90625
33.65045,-117.9306
33.641315,-117.93154
33.6573138,-117.9171566
33.654404,-117.91703
33.656334,-117.92049
33.62909,-117.91037
33.62665,-117.91143
33.626198,-117.9119
33.62592,-117.91153
33.62592,-117.91153
33.652016,-117.93294
33.6337576,-117.9150471
33.6573,-117.93194
33.6456497,-117.9156339
33.62592,-117.91153
33.650497,-117.92296
33.633062,-117.9270308
33.6520426,-117.9265299
33.6456497,-117.9156339
33.64565,-117.915634
33.6565302,-117.9188552
33.651455,-117.90784
33.636,-117.92146
33.6430673,-117.9272832
33.6437018,-117.9229592
33.6565033,-117.9197476
33.6351893,-117.9181415
33.639957,-117.92876
33.6564,-117.91878
33.63397,-117.91786
33.640729,-117.9401194
33.6442436,-117.9302706
33.65727,-117.93174
33.6568662,-117.9172009
33.641407,-117.919266
33.642773,-117.92955
33.648155,-117.9208
33.6436937,-117.9324415
33.6428727,-117.9193164
33.652603,-117.9143
33.6272747,-117.9076157
33.657271,-117.9048104
33.6318821,-117.9123644
33.638853,-117.9278144
33.640774,-117.94015
33.634308,-117.92183
33.6573138,-117.9171566
33.6428232,-117.9368131
33.640774,-117.94015
33.639297,-117.927986
33.6481,-117.91336
33.644997,-117.92823
33.631897,-117.91068
33.6426,-117.91813
33.6463546,-117.9315135
33.63188,-117.91236
33.642704,-117.91873
33.64315,-117.938866
33.6326044,-117.9320385
33.642083,-117.940197
33.638668,-117.92562
33.647526,-117.929665
33.6431437,-117.9185206
33.65764,-117.929886
33.63808,-117.929245
33.641407,-117.919266
33.644737,-117.91857
33.6410031,-117.9288591
33.65653,-117.91885
33.657513,-117.930984
33.6276558,-117.9084044
33.6320737,-117.9133996
33.652287,-117.92421
33.65475082,-117.9109497
33.65647,-117.91804
33.657024,-117.92807
33.64815521,-117.9207993
33.6540768,-117.9211357
33.65684,-117.928185
33.642506,-117.93654
33.641044,-117.9259321
33.656338,-117.92258
33.6354242,-117.9239064
33.6422743,-117.9347811
33.65308,-117.9131
33.656868,-117.9172
33.639297,-117.927986
33.657124,-117.929214
33.6558741,-117.9283938
33.6407734,-117.9401475
33.656868,-117.9172
33.646374,-117.9150386
33.638554,-117.92956
33.640774,-117.94015
33.64229202,-117.9335327
33.631886,-117.91232
33.656612,-117.907234
33.64379,-117.92661
33.65653,-117.91885
33.6564,-117.91878
33.655304,-117.906685
33.6367912,-117.9246471
33.652016,-117.93294
33.641407,-117.919266
33.6425997,-117.9181264
33.652016,-117.93294
33.656425,-117.93193
33.634636,-117.91891
33.6568662,-117.9172009
33.654243,-117.91577
33.65284,-117.92254
33.651535,-117.917244
33.6408361,-117.9215776
33.655186,-117.92721
33.657314,-117.91716
33.6565,-117.91975
33.654076,-117.921135
33.6520426,-117.9265299
33.6552195,-117.9067861
33.64544,-117.92446
33.656868,-117.9172
33.645108,-117.91936
33.643654,-117.92102
33.6564725,-117.9226493
33.63167,-117.912636
33.632053,-117.91443
33.6474419,-117.9222157
33.64721,-117.930374
33.654243,-117.91577
33.65522,-117.906784
33.652237,-117.91785
33.657658,-117.91683
33.62891,-117.90894
33.65597,-117.9138
33.651016,-117.922
33.652016,-117.93294
33.65647,-117.91804
33.65449524,-117.9318237
33.654922,-117.9117
33.62841,-117.90925
33.64016,-117.932755
33.653384,-117.9111226
33.6540768,-117.9211357
33.6422743,-117.9347811
33.6526288,-117.9321052
33.65088,-117.93239
33.64279,-117.9283
33.64287,-117.91932
33.647987,-117.9132
33.65041,-117.91595
33.632687,-117.9321
33.650223,-117.92327
33.652016,-117.93294
33.654495,-117.93182
33.6558654,-117.9133298
33.642616,-117.91875
33.6419563,-117.9203276
33.6410031,-117.9288591
33.64224,-117.92678
33.65592,-117.907196
33.6399217,-117.9282434
33.65424347,-117.9157715
33.63698,-117.923744
33.647865,-117.92102
33.644653,-117.91992
33.64723,-117.92794
33.6547515,-117.9110474
33.643874,-117.9200871
33.657024,-117.92807
33.627647,-117.9097
33.656868,-117.9172
33.638824,-117.92799
33.638562,-117.9290032
33.652016,-117.93294
33.64237,-117.92038
33.643812,-117.9280396
33.631884,-117.9123223
33.6405079,-117.9309739
33.646374,-117.9150386
33.652237,-117.91785
33.633816,-117.93512
33.6471623,-117.9154858
33.6513146,-117.9109478
33.634523,-117.9203653
33.656868,-117.9172
33.6408361,-117.9215776
33.6511163,-117.9274914
33.65241,-117.932076
33.6343549,-117.9161811
33.6568662,-117.9172009
33.63953,-117.92599
33.65592,-117.907196
33.6574114,-117.9187066
33.639923,-117.93101
33.65126,-117.91304
33.643703,-117.92296
33.65522,-117.906784
33.653384,-117.9111226
33.642506,-117.93654
33.640953,-117.92353
33.64822,-117.92171
33.6549712,-117.9125667
33.6408361,-117.9215776
33.656334,-117.92049
33.65727,-117.93174
33.634636,-117.91891
33.647619,-117.9279895
33.62981,-117.912224
33.656868,-117.9172
33.6575741,-117.9215186
33.62676,-117.90877
33.657024,-117.92807
33.650497,-117.92296
33.6511163,-117.9274914
33.6354,-117.93202
33.641438,-117.92877
33.6400718,-117.934199
33.65475082,-117.9109497
33.63376,-117.91505
33.6408361,-117.9215776
33.656868,-117.9172
33.634523,-117.9203653
33.6521198,-117.9316508
33.65733,-117.904686
33.649773,-117.93091
33.6368885,-117.9241066
33.651016,-117.922
33.6540768,-117.9211357
33.6422387,-117.9349231
33.65041,-117.91595
33.6243535,-117.9085602
33.6428787,-117.9292693
33.657658,-117.91683
33.6474419,-117.9222157
33.647865,-117.92102
33.6410031,-117.9288591
33.6564,-117.91878
33.6408361,-117.9215776
33.643784,-117.92424
33.6399217,-117.9282434
33.642822,-117.93681
33.6560804,-117.93215
33.64496,-117.929306
33.6528379,-117.9225408
33.626328,-117.907524
33.65652,-117.93112
33.6327,-117.92118
33.625847,-117.91092
33.6285045,-117.9091486
33.6565302,-117.9188552
33.65578,-117.91906
33.627647,-117.9097
33.625782,-117.907166
33.62592,-117.91153
33.6456497,-117.9156339
33.6430673,-117.9272832
33.625877,-117.91117
33.6256443,-117.9111278
33.65727,-117.93174
33.6573,-117.93194
33.646374,-117.9150386
33.625923,-117.909615
33.62702,-117.909515
33.62592,-117.91153
33.6499177,-117.9199457
33.62592,-117.91153
33.644737,-117.91857
33.648643,-117.921646
33.655304,-117.906685
33.655197,-117.926834
33.6426,-117.91813
33.647987,-117.9132
33.6463571,-117.9193828
33.65727,-117.93174
33.626514,-117.91123
33.634308,-117.92183
33.640774,-117.94015
33.6522244,-117.9333619
33.627243,-117.911224
33.6504903,-117.9169936
33.640774,-117.94015
33.6442436,-117.9302706
33.656868,-117.9172
33.63188,-117.91236
33.64721,-117.930374
33.640774,-117.94015
33.6568662,-117.9172009
33.633062,-117.9270308
33.64188,-117.92678
33.63929,-117.928375
33.64879,-117.91574
33.64315,-117.938866
33.6513146,-117.9109478
33.6521,-117.90883
33.6325132,-117.9167399
33.650497,-117.92296
33.63414,-117.91658
33.64302,-117.92685
33.654263,-117.9089
33.640728,-117.94012
33.644066,-117.92152
33.644997,-117.92823
33.6520426,-117.9265299
33.642277,-117.93457
33.6568662,-117.9172009
33.6504103,-117.9159452
33.642296,-117.935974
33.6243535,-117.9085602
33.64016,-117.932755
33.6392957,-117.9279883
33.65522,-117.906784
33.6426,-117.91813
33.64815521,-117.9207993
33.6399217,-117.9282434
33.656418,-117.92975
33.65041,-117.930435
33.651215,-117.921005
33.655304,-117.906685
33.62492,-117.906204
33.656612,-117.907234
33.654404,-117.91703
33.634636,-117.91891
33.640835,-117.92158
33.656334,-117.92049
33.654243,-117.91577
33.642506,-117.93654
33.625923,-117.909615
33.62841,-117.90874
33.62592,-117.91153
33.6327,-117.92118
33.62592,-117.91153
33.626514,-117.91123
33.626198,-117.9119
33.6337576,-117.9150471
33.640728,-117.94012
33.65727,-117.93174
33.63414,-117.91658
33.6553032,-117.9066835
33.6564,-117.91878
33.623184,-117.90762
33.6573,-117.93194
33.6430673,-117.9272832
33.65727,-117.93174
33.64241,-117.93171
33.6419563,-117.9203276
33.626396,-117.91105
33.65727,-117.93174
33.6241476,-117.9087433
33.6428727,-117.9193164
33.648155,-117.9208
33.656868,-117.9172
33.6343196,-117.9165537
33.646492,-117.93243
33.646374,-117.9150386
33.638853,-117.9278144
33.642773,-117.92955
33.639297,-117.927986
33.6272747,-117.9076157
33.657405,-117.918706
33.636753,-117.92113
33.656868,-117.9172
33.643185,-117.91949
33.647987,-117.9132
33.656868,-117.9172
33.655582,-117.9187
33.639297,-117.927986
33.634743,-117.91732
33.6422387,-117.9349231
33.654404,-117.91703
33.640774,-117.94015
33.638615,-117.92978
33.640774,-117.94015
33.655903,-117.92044
33.632515,-117.91674
33.6426,-117.91813
33.63188,-117.91236
33.6299791,-117.913863
33.640163,-117.943794
33.642094,-117.918724
33.64879,-117.91574
33.63929,-117.928375
33.6449952,-117.928228
33.64188,-117.92678
33.64181519,-117.9347229
33.638977,-117.92476
33.648155,-117.9208
33.633062,-117.9270308
33.650967,-117.92447
33.642036,-117.93237
33.6430673,-117.9272832
33.648376,-117.91852
33.6499982,-117.9301209
33.644997,-117.92823
33.654263,-117.9089
33.62841,-117.90925
33.642082,-117.9402
33.656815,-117.91866
33.65041,-117.930435
33.6568662,-117.9172009
33.643166,-117.920265
33.641407,-117.919266
33.642704,-117.91873
33.6422743,-117.9347811
33.6530406,-117.9116627
33.643703,-117.92296
33.6522374,-117.9178478
33.650497,-117.92296
33.656334,-117.92049
33.638172,-117.92865
33.646374,-117.9150386
33.657562,-117.92453
33.64179,-117.93435
33.6403428,-117.9221969
33.656612,-117.907234
33.6540768,-117.9211357
33.6484041,-117.9316902
33.652016,-117.93294
33.6327,-117.92118
33.65652,-117.93112
33.6256443,-117.9111278
33.65578,-117.91906
33.6429,-117.918076
33.6293681,-117.9088204
33.6337576,-117.9150471
33.623184,-117.90762
33.652287,-117.92421
33.657272,-117.90481
33.6540768,-117.9211357
33.656418,-117.92975
33.634422,-117.918526
33.631483,-117.91979
33.626217,-117.91152
33.624584,-117.90892
33.625923,-117.909615
33.6573,-117.93194
33.626198,-117.9119
33.65705,-117.90281
33.62592,-117.91153
33.655304,-117.906685
33.62592,-117.91153
33.642326,-117.923775
33.6430673,-117.9272832
33.641045,-117.925934
33.6428727,-117.9193164
33.63352,-117.91756
33.656868,-117.9172
33.636,-117.92146
33.6520426,-117.9265299
33.6436822,-117.9314023
33.648243,-117.92797
33.657024,-117.92807
33.64237,-117.92038
33.65727,-117.93174
33.646374,-117.9150386
33.6576571,-117.9168285
33.640774,-117.94015
33.6369602,-117.9222288
33.640774,-117.94015
33.6426,-117.91813
33.657406,-117.91871
33.647987,-117.9132
33.632774,-117.9272
33.6449952,-117.928228
33.642773,-117.92955
33.652237,-117.91785
33.6407734,-117.9401475
33.6575037,-117.9321457
33.6395924,-117.9271062
33.65522,-117.906784
33.633366,-117.916855
33.6403428,-117.9221969
33.6499982,-117.9301209
33.643078,-117.93237
33.64721,-117.930374
33.64188,-117.92678
33.6320737,-117.9133996
33.64879,-117.91574
33.6395924,-117.9271062
33.633062,-117.9270308
33.625645,-117.911125
33.652237,-117.91785
33.65653,-117.91885
33.631884,-117.9123223
33.6430673,-117.9272832
33.633566,-117.9200865
33.62841,-117.90925
33.6521326,-117.9324632
33.651016,-117.922
33.643143,-117.93597
33.6500897,-117.9113869
33.65727,-117.93174
33.655197,-117.926834
33.6422743,-117.9347811
33.654243,-117.91577
33.64313,-117.9244
33.6437916,-117.9242617
33.65041,-117.930435
33.6361,-117.91935
33.642082,-117.9402
33.6426,-117.91813
33.649475,-117.930176
33.6482216,-117.9217055
33.65212,-117.93165
33.648155,-117.9208
33.6426,-117.91813
33.6284118,-117.90925
33.6559,-117.92081
33.656612,-117.907234
33.657085,-117.908066
33.657085,-117.908066
33.63397,-117.93164
33.65126,-117.91304
33.6327,-117.92118
33.623184,-117.90762
33.62592,-117.91153
33.6576571,-117.9168285
33.6337576,-117.9150471
33.626198,-117.9119
33.64287186,-117.9193192
33.6426931,-117.9332298
33.656418,-117.92975
33.63702,-117.921074
33.62592,-117.91153
33.6573,-117.93194
33.644737,-117.91857
33.64565,-117.915634
33.655304,-117.906685
33.6456497,-117.9156339
33.652016,-117.93294
33.6564725,-117.9226493
33.6426171,-117.9187478
33.6491157,-117.9235774
33.64384,-117.92762
33.646374,-117.9150386
33.6571237,-117.9292118
33.62676,-117.90877
33.6426,-117.91813
33.644653,-117.91992
33.64547,-117.93145
33.647987,-117.9132
33.63286,-117.9270719
33.6576571,-117.9168285
33.639538,-117.92902
33.6321081,-117.9274201
33.65578,-117.91906
33.640774,-117.94015
33.6343071,-117.9218255
33.64698,-117.92073
33.634523,-117.9203653
33.65683,-117.9144
33.6568662,-117.9172009
33.640774,-117.94015
33.6436472,-117.9285556
33.633062,-117.9270308
33.6564492,-117.9170687
33.64721,-117.930374
33.639297,-117.927986
33.6430673,-117.9272832
33.6395924,-117.9271062
33.6426516,-117.933342
33.6324562,-117.9142526
33.6576115,-117.9083295
33.631483,-117.91979
33.65575,-117.930695
33.646576,-117.927986
33.6559015,-117.9204389
33.6552195,-117.9067861
33.651016,-117.922
33.6540768,-117.9211357
33.642082,-117.9402
33.64386,-117.92414
33.65212,-117.93165
33.657272,-117.90481
33.6509543,-117.9245748
33.65041,-117.930435
33.64237,-117.92038
33.6530406,-117.9116627
33.6325132,-117.9167399
33.650967,-117.92447
33.632515,-117.91674
33.656334,-117.92049
33.65727,-117.93174
33.642506,-117.93654
33.6426,-117.91813
33.62891,-117.90894
33.648155,-117.9208
33.646374,-117.9150386
33.6522374,-117.9178478
33.657405,-117.918706
33.6558741,-117.9283938
33.6483,-117.9319
33.639923,-117.93101
33.657562,-117.92453
33.64313,-117.9244
33.6568662,-117.9172009
33.654243,-117.91577
33.656612,-117.907234
33.64364243,-117.9294968
33.62592,-117.91153
33.6256443,-117.9111278
33.62592,-117.91153
33.6568662,-117.9172009
33.646374,-117.9150386
33.6326044,-117.9320385
33.6337576,-117.9150471
33.625877,-117.91117
33.656418,-117.92975
33.657406,-117.91871
33.65578,-117.91906
33.6568662,-117.9172009
33.650913,-117.90865
33.6426215,-117.9328636
33.643654,-117.931274
33.62592,-117.91153
33.6476255,-117.918257
33.625847,-117.91093
33.6508274,-117.9104467
33.62592,-117.91153
33.6425997,-117.9181264
33.6522374,-117.9178478
33.625923,-117.909615
33.652016,-117.93294
33.6474419,-117.9222157
33.653736,-117.91875
33.62415,-117.908745
33.644737,-117.91857
33.6565033,-117.9197476
33.6290883,-117.9103563
33.6422922,-117.922907
33.63455,-117.92042
33.6565302,-117.9188552
33.6554789,-117.9297049
33.6565302,-117.9188552
33.6474419,-117.9222157
33.6430673,-117.9272832
33.643812,-117.9280396
33.64268,-117.933525
33.6428193,-117.9186145
33.6456497,-117.9156339
33.6426,-117.91813
33.656868,-117.9172
33.64106,-117.931206
33.656868,-117.9172
33.6428727,-117.9193164
33.657406,-117.91871
33.639957,-117.9287577
33.640774,-117.94015
33.652287,-117.92421
33.655304,-117.906685
33.644997,-117.92823
33.640729,-117.9401194
33.640774,-117.94015
33.65751,-117.932144
33.64016,-117.93062
33.65399,-117.92873
33.643654,-117.92102
33.63188,-117.91236
33.643078,-117.93237
33.638853,-117.9278144
33.6430942,-117.9367766
33.657387,-117.92378
33.6479891,-117.9131981
33.633062,-117.9270308
33.6511163,-117.9274914
33.6395924,-117.9271062
33.644653,-117.91992
33.650967,-117.92447
33.6430673,-117.9272832
33.65475082,-117.9109497
33.6547515,-117.9110474
33.641407,-117.919266
33.63927,-117.92956
33.642784,-117.93614
33.65041,-117.930435
33.643394,-117.93199
33.6449952,-117.928228
33.642082,-117.9402
33.651016,-117.922
33.6576571,-117.9168285
33.65522,-117.906784
33.63014,-117.9106
33.634636,-117.91891
33.6482216,-117.9217055
33.6558741,-117.9283938
33.643703,-117.92296
33.640156,-117.931
33.644753,-117.919464
33.6552195,-117.9067861
33.646374,-117.9150386
33.641407,-117.919266
33.6565302,-117.9188552
33.657314,-117.91716
33.6436472,-117.9285556
33.655304,-117.906685
33.644737,-117.91857
33.636887,-117.92411
33.656868,-117.9172
33.65522,-117.906784
33.6343451,-117.9184468
33.642036,-117.93237
33.6576571,-117.9168285
33.643177,-117.9247925
33.64287,-117.91932
33.6408361,-117.9215776
33.642082,-117.9402
33.625847,-117.91092
33.642292,-117.93353
33.643105,-117.93672
33.642277,-117.9405
33.65222,-117.92642
33.64837647,-117.9185181
33.6422387,-117.9349231
33.64325,-117.924126
33.64302,-117.935684
33.6531134,-117.9167484
33.6513146,-117.9109478
33.642616,-117.91875
33.64279175,-117.928299
33.654095,-117.90829
33.6546996,-117.9186724
33.652016,-117.93294
33.657272,-117.90481
33.64227676,-117.934227
33.656715,-117.92471
33.6373197,-117.9394652
33.648922,-117.93016
33.65176,-117.91867
33.6576115,-117.9083295
33.64385,-117.92369
33.647619,-117.9279895
33.65403,-117.91239
33.652511,-117.908881
33.6568662,-117.9172009
33.638165,-117.93121
33.631886,-117.91232
33.6559015,-117.9204389
33.6540768,-117.9211357
33.62841,-117.90925
33.6566877,-117.9314622
33.63014,-117.9106
33.652016,-117.93294
33.6547515,-117.9110474
33.65727,-117.93174
33.639297,-117.92784
33.6568662,-117.9172009
33.641407,-117.919266
33.6535346,-117.9169901
33.6479891,-117.9131981
33.64287,-117.91932
33.633566,-117.9200865
33.6435329,-117.9272825
33.646374,-117.9150386
33.64287,-117.91932
33.6568662,-117.9172009
33.6530406,-117.9116627
33.651016,-117.922
33.65683,-117.9144
33.6408361,-117.9215776
33.643692,-117.924904
33.6566877,-117.9314622
33.647865,-117.92102
33.648403,-117.93169
33.64038,-117.929794
33.6473601,-117.9212068
33.641956,-117.92033
33.657124,-117.929214
33.65088,-117.93239
33.657204,-117.92807
33.625847,-117.91092
33.655613,-117.92836
33.643177,-117.92479
33.6535346,-117.9169901
33.6513146,-117.9109478
33.62676,-117.90877
33.64744,-117.92222
33.656876,-117.92867
33.646374,-117.9150386
33.6511163,-117.9274914
33.653843,-117.9091
33.6508771,-117.9105724
33.654076,-117.921135
33.6356865,-117.9204254
33.6354242,-117.9239064
33.656075,-117.91269
33.654076,-117.921135
33.6504103,-117.9159452
33.63352,-117.91756
33.6408361,-117.9215776
33.6356865,-117.9204254
33.6343549,-117.9161811
33.64232,-117.920105
33.634346,-117.91845
33.639957,-117.9287577
33.64287,-117.91932
33.657405,-117.918706
33.632545,-117.91658
33.652016,-117.93294
33.6414057,-117.9192653
33.63397,-117.917861
33.64282,-117.91862
33.6408361,-117.9215776
33.636726,-117.924644
33.6405907,-117.9245798
33.65088,-117.910576
33.655613,-117.92836
33.655994,-117.90717
33.65727,-117.93174
33.642506,-117.93654
33.657405,-117.918706
33.6549429,-117.9142639
33.643654,-117.92102
33.6530406,-117.9116627
33.656868,-117.9172
33.6533071,-117.9167911
33.63717,-117.9386
33.65475082,-117.9109497
33.65601,-117.909676
33.63808,-117.929245
33.6575741,-117.9215186
33.6566877,-117.9314622
33.6552195,-117.9067861
33.6511163,-117.9274914
33.63698,-117.923744
33.646374,-117.9150386
33.64016,-117.932755
33.6242947,-117.9095365
33.6482216,-117.9217055
33.651016,-117.922
33.657124,-117.929214
33.6521326,-117.9324632
33.653496,-117.92248
33.6540768,-117.9211357
33.6427709,-117.9295525
33.631886,-117.91232
33.638824,-117.92799
33.6576571,-117.9168285
33.649117,-117.92358
33.647865,-117.92102
33.6428193,-117.9186145
33.6552195,-117.9067861
33.642082,-117.9402
33.65683,-117.9144
33.626328,-117.907524
33.65652,-117.93112
33.6327,-117.92118
33.625847,-117.91092
33.6428727,-117.9193164
33.6343071,-117.9218255
33.6568662,-117.9172009
33.64287,-117.91932
33.6456497,-117.9156339
33.6256443,-117.9111278
33.62592,-117.91153
33.62841,-117.90874
33.626396,-117.91105
33.62592,-117.91153
33.628002,-117.90877
33.64264,-117.93234
33.643066,-117.927284
33.656933,-117.90839
33.6565302,-117.9188552
33.6325977,-117.9153186
33.644737,-117.91857
33.657406,-117.91871
33.657406,-117.91871
33.632263,-117.914734
33.625877,-117.91117
33.65727,-117.93174
33.6428727,-117.9193164
33.64744,-117.92222
33.65751,-117.932144
33.631884,-117.9123223
33.65727,-117.93174
33.6299791,-117.913863
33.656868,-117.9172
33.65522,-117.906784
33.6456497,-117.9156339
33.643177,-117.92479
33.64315,-117.934074
33.655304,-117.906685
33.65578,-117.91906
33.64121,-117.920654
33.6430673,-117.9272832
33.64744,-117.92222
33.644653,-117.91992
33.6426,-117.91813
33.626396,-117.91105
33.64721,-117.930374
33.6338328,-117.9159738
33.640774,-117.94015
33.6430942,-117.9367766
33.6343549,-117.9161811
33.6568662,-117.9172009
33.6568662,-117.9172009
33.656868,-117.9172
33.6414621,-117.9199596
33.6474419,-117.9222157
33.645,-117.92739
33.64879,-117.91574
33.6395924,-117.9271062
33.63929,-117.928375
33.640163,-117.943794
33.6563,-117.92989
33.651215,-117.921005
33.6566877,-117.9314622
33.64637375,-117.9150391
33.6479891,-117.9131981
33.631886,-117.91232
33.6243535,-117.9085602
33.650967,-117.92447
33.6426,-117.91813
33.654404,-117.91703
33.6381627,-117.9313716
33.6422387,-117.9349231
33.642506,-117.93654
33.643066,-117.927284
33.6482216,-117.9217055
33.6427709,-117.9295525
33.6513146,-117.9109478
33.65522,-117.906784
33.631884,-117.9123223
33.6399217,-117.9282434
33.63079,-117.9133
33.646576,-117.927986
33.642082,-117.9402
33.64981,-117.9252
33.6568662,-117.9172009
33.639297,-117.927986
33.6565302,-117.9188552
33.656334,-117.92049
33.652016,-117.93294
33.6408361,-117.9215776
33.6547515,-117.9110474
33.655304,-117.906685
33.64966,-117.93061
33.6327,-117.92118
33.62592,-117.91153
33.62592,-117.91153
33.6431647,-117.9202633
33.640728,-117.94012
33.63397,-117.91786
33.6337576,-117.9150471
33.6376192,-117.9316025
33.639297,-117.927986
33.626087,-117.91134
33.62845,-117.90918
33.624985,-117.909935
33.634523,-117.9203653
33.625923,-117.909615
33.652016,-117.93294
33.625923,-117.909615
33.62592,-117.91153
33.644737,-117.91857
33.625923,-117.909615
33.625637,-117.91145
33.654633,-117.91696
33.6422387,-117.9349231
33.6467147,-117.9148076
33.65212,-117.93165
33.632263,-117.914734
33.6343196,-117.9165537
33.655403,-117.90685
33.638853,-117.9278144
33.63352,-117.91756
33.65574,-117.91836
33.656075,-117.91269
33.65578,-117.91906
33.631884,-117.9123223
33.6325132,-117.9167399
33.6568662,-117.9172009
33.643066,-117.927284
33.648243,-117.92797
33.6272747,-117.9076157
33.640343,-117.922195
33.6472184,-117.9155666
33.655304,-117.906685
33.646374,-117.9150386
33.64302,-117.935684
33.6540768,-117.9211357
33.6456497,-117.9156339
33.6414621,-117.9199596
33.634308,-117.92183
33.6491157,-117.9235774
33.6422743,-117.9347811
33.625084,-117.91009
33.640774,-117.94015
33.657405,-117.918706
33.640774,-117.94015
33.64744,-117.92222
33.6430942,-117.9367766
33.640774,-117.94015
33.635887,-117.92284
33.63929,-117.928375
33.65727,-117.93174
33.637264,-117.920105
33.64879,-117.91574
33.65764,-117.929886
33.63808,-117.929245
33.6474419,-117.9222157
33.644653,-117.91992
33.64698,-117.92073
33.6422387,-117.9349231
33.644287,-117.92724
33.657124,-117.929214
33.651215,-117.921005
33.63414,-117.91658
33.62841,-117.90925
33.639957,-117.9287577
33.6521326,-117.9324632
33.64219,-117.939705
33.6405079,-117.9309739
33.642082,-117.9402
33.65568,-117.91503
33.642822,-117.93681
33.640163,-117.943794
33.641407,-117.919266
33.640507,-117.93098
33.654404,-117.91703
33.647987,-117.91321
33.642506,-117.93654
33.6573138,-117.9171566
33.656334,-117.92049
33.6511163,-117.9274914
33.64303,-117.93587
33.64237,-117.92038
33.633446,-117.91428
33.639297,-117.927986
33.63808,-117.929245
33.644306,-117.916756
33.64228,-117.93492
33.656338,-117.92258
33.62492,-117.906204
33.63989,-117.94088
33.654243,-117.91577
33.655994,-117.90717
33.652016,-117.93294
33.6327,-117.92118
33.6293681,-117.9088204
33.656754,-117.91963
33.6357504,-117.9186298
33.6576571,-117.9168285
33.6337576,-117.9150471
33.632263,-117.914734
33.657405,-117.918706
33.64833,-117.9222
33.65591,-117.927025
33.64565,-117.915634
33.6547305,-117.9070497
33.6425997,-117.9181264
33.6318821,-117.9123644
33.6546058,-117.9187469
33.6408361,-117.9215776
33.6564,-117.91878
33.640835,-117.92158
33.633062,-117.9270308
33.6472184,-117.9155666
33.6571237,-117.9292118
33.6511163,-117.9274914
33.6430673,-117.9272832
33.6352309,-117.923071
33.656868,-117.9172
33.6564,-117.91878
33.632515,-117.91674
33.63397,-117.91786
33.656868,-117.9172
33.648243,-117.92797
33.6425997,-117.9181264
33.63266,-117.90986
33.643177,-117.9247925
33.652287,-117.92421
33.653793,-117.91863
33.6289095,-117.908945
33.632554,-117.91527
33.6549429,-117.9142639
33.6433955,-117.9319895
33.65212,-117.93165
33.6426215,-117.9328636
33.64364,-117.9288902
33.6520077,-117.9095837
33.6509543,-117.9245748
33.65033,-117.92629
33.654076,-117.921135
33.63266,-117.90986
33.633366,-117.916855
33.631483,-117.91979
33.6324562,-117.9142526
33.6474419,-117.9222157
33.641438,-117.92877
33.64879,-117.91574
33.6540768,-117.9211357
33.635858,-117.922696
33.63354,-117.917336
33.633366,-117.916855
33.643147,-117.92178
33.6426215,-117.9328636
33.654404,-117.91703
33.63455,-117.92042
33.651016,-117.922
33.6555877,-117.918605
33.64963,-117.93297
33.62841,-117.90925
33.634523,-117.9203653
33.64744,-117.92222
33.6422743,-117.9347811
33.6356866,-117.9204234
33.6564377,-117.9280569
33.6405079,-117.9309739
33.6543416,-117.9227671
33.639297,-117.927986
33.637775,-117.92859
33.656334,-117.92049
33.637173,-117.938614
33.64228,-117.93492
33.65424347,-117.9157715
33.637775,-117.92859
33.6547515,-117.9110474
33.639297,-117.927986
33.6571237,-117.9292118
33.647987,-117.9132
33.656612,-117.907234
33.65733,-117.904686
33.626087,-117.91134
33.6327,-117.92118
33.641407,-117.919266
33.642616,-117.91875
33.626087,-117.91134
33.632263,-117.914734
33.62592,-117.91153
33.6337576,-117.9150471
33.62592,-117.91153
33.625633,-117.91026
33.633144,-117.91664
33.656868,-117.9172
33.656452,-117.917076
33.6573,-117.93194
33.64565,-117.915634
33.64966,-117.93061
33.635063,-117.91778
33.6456497,-117.9156339
33.65727,-117.93174
33.6568662,-117.9172009
33.652252,-117.91868
33.65751,-117.932144
33.643177,-117.9247925
33.640156,-117.931
33.655304,-117.906685
33.64262,-117.93286
33.63929,-117.928375
33.6422387,-117.9349231
33.633062,-117.9270308
33.644737,-117.91857
33.642914,-117.926796
33.652237,-117.91785
33.654263,-117.9089
33.643784,-117.92424
33.6392957,-117.9279883
33.6428752,-117.9191459
33.64754,-117.93016
33.65726852,-117.9317398
33.652237,-117.91785
33.652016,-117.93294
33.63414,-117.91658
33.647987,-117.9132
33.65727,-117.93174
33.655304,-117.91708
33.6426,-117.91813
33.6414057,-117.9192653
33.641407,-117.919266
33.632515,-117.91674
33.64302,-117.935684
33.63959,-117.92711
33.6442436,-117.9302706
33.6449952,-117.928228
33.632774,-117.9272
33.6430942,-117.9367766
33.656179,-117.9193206
33.641396,-117.928535
33.63929,-117.928375
33.639297,-117.927986
33.6437174,-117.9313877
33.64879,-117.91574
33.640163,-117.943794
33.657405,-117.918706
33.6571237,-117.9292118
33.643063,-117.93619
33.652016,-117.93294
33.6426171,-117.9187478
33.647987,-117.91321
33.639957,-117.9287577
33.654404,-117.91703
33.642082,-117.9402
33.6442436,-117.9302706
33.654404,-117.91703
33.6399217,-117.9282434
33.6540768,-117.9211357
33.63808,-117.929245
33.6509543,-117.9245748
33.652252,-117.91868
33.655148,-117.93194
33.6427709,-117.9295525
33.651016,-117.922
33.65653,-117.91885
33.648471,-117.9245829
33.634523,-117.9203653
33.6564377,-117.9280569
33.625847,-117.91092
33.656334,-117.92049
33.65522,-117.906784
33.63409,-117.918175
33.641438,-117.92877
33.647884,-117.921486
33.6511163,-117.9274914
33.639297,-117.927986
33.65041,-117.930435
33.657658,-117.91683
33.6479891,-117.9131981
33.6534038,-117.9115305
33.649895,-117.91303
33.6520165,-117.9329391
33.6565302,-117.9188552
33.656334,-117.92049
33.655315,-117.93193
33.656612,-117.907234
33.62676,-117.90877
33.642506,-117.93654
33.62592,-117.91153
33.65652,-117.93112
33.62592,-117.91153
33.6256443,-117.9111278
33.65578,-117.91906
33.652287,-117.92421
33.62971,-117.91003
33.656418,-117.92975
33.625637,-117.91145
33.625847,-117.91093
33.624584,-117.90892
33.6369602,-117.9222288
33.631884,-117.9123223
33.62592,-117.91153
33.642773,-117.92955
33.6456497,-117.9156339
33.6573138,-117.9171566
33.625076,-117.90967
33.65727,-117.93174
33.634304,-117.92596
33.63808,-117.929245
33.6243535,-117.9085602
33.6511163,-117.9274914
33.6427916,-117.9283004
33.6565302,-117.9188552
33.6426,-117.91813
33.657406,-117.91871
33.636887,-117.92411
33.6422387,-117.9349231
33.655304,-117.906685
33.657405,-117.918706
33.6302925,-117.9181553
33.63188,-117.91236
33.6351893,-117.9181415
33.640774,-117.94015
33.655647,-117.91841
33.65399,-117.92873
33.6563,-117.92989
33.6438609,-117.9241416
33.643845,-117.921104
33.6405079,-117.9309739
33.6456497,-117.9156339
33.6318821,-117.9123644
33.6534038,-117.9115305
33.644997,-117.92823
33.6343451,-117.9184468
33.6326603,-117.9098582
33.6276558,-117.9084044
33.6414621,-117.9199596
33.64721,-117.930374
33.643192,-117.934074
33.6326044,-117.9320385
33.6436472,-117.9285556
33.6395924,-117.9271062
33.6325529,-117.914146
33.631886,-117.91232
33.6568662,-117.9172009
33.63812,-117.93011
33.642784,-117.93614
33.647884,-117.921486
33.6568662,-117.9172009
33.6547305,-117.9070497
33.6426,-117.91813
33.647987,-117.91321
33.639297,-117.927986
33.62676,-117.90877
33.656868,-117.9172
33.65736,-117.90815
33.65473,-117.90705
33.6474419,-117.9222157
33.631634,-117.91365
33.62841,-117.90925
33.65568,-117.91503
33.639732,-117.92091
33.6559671,-117.9225282
33.650497,-117.92296
33.642082,-117.9402
33.655304,-117.906685
33.63808,-117.929245
33.650974,-117.92218
33.645863,-117.93009
33.63419,-117.923225
33.6566877,-117.9314622
33.640774,-117.94015
33.6422387,-117.9349231
33.638866,-117.92941
33.656334,-117.92049
33.625847,-117.91092
33.6399217,-117.9282434
33.646374,-117.9150386
33.6547515,-117.9110474
33.6449952,-117.928228
33.6460688,-117.9296106
33.652016,-117.93294
33.6540768,-117.9211357
33.6414621,-117.9199596
33.6422387,-117.9349231
33.6408361,-117.9215776
33.657405,-117.918706
33.63929,-117.928375
33.641407,-117.919266
33.656715,-117.92471
33.6361154,-117.9212383
33.638874,-117.93156
33.656868,-117.9172
33.6307004,-117.9112425
33.654404,-117.9170303
33.6343451,-117.9184468
33.6576571,-117.9168285
33.656715,-117.92471
33.632053,-117.91443
33.641407,-117.919266
33.647865,-117.92102
33.631884,-117.9123223
33.652016,-117.93294
33.6375965,-117.9226305
33.65406,-117.92372
33.6511163,-117.9274914
33.65578,-117.91906
33.641747,-117.93433
33.6249068,-117.9058203
33.64279,-117.9283
33.6456497,-117.9156339
33.655304,-117.906685
33.6540768,-117.9211357
33.646572,-117.927986
33.6470478,-117.9274629
33.656334,-117.92049
33.65727,-117.93174
33.653793,-117.91863
33.6474419,-117.9222157
33.640404,-117.92007
33.6568662,-117.9172009
33.6447359,-117.9185726
33.6564725,-117.9226493
33.6422743,-117.9347811
33.6468,-117.92936
33.6561974,-117.9190564
33.6576115,-117.9083295
33.64237,-117.92038
33.6540768,-117.9211357
33.65709,-117.908226
33.643394,-117.93199
33.656475,-117.908
33.6481,-117.91336
33.6505778,-117.9156845
33.650974,-117.92218
33.64379,-117.92661
33.6487896,-117.9157432
33.6243535,-117.9085602
33.640156,-117.931
33.64287,-117.91932
33.643105,-117.93672
33.64314,-117.9297
33.654972,-117.92064
33.6566877,-117.9314622
33.6302925,-117.9181553
33.6479891,-117.9131981
33.6522873,-117.9242098
33.64386,-117.92414
33.6399217,-117.9282434
33.654404,-117.9170303
33.6410031,-117.9288591
33.642315,-117.92787
33.636,-117.92146
33.632515,-117.91674
33.642082,-117.9402
33.64544,-117.92446
33.64544,-117.92446
33.6426931,-117.9332298
33.631884,-117.9123223
33.641407,-117.919266
33.638134,-117.92775
33.656075,-117.91269
33.6471623,-117.9154858
33.632515,-117.91674
33.633816,-117.93512
33.6491157,-117.9235774
33.639297,-117.927986
33.646374,-117.9150386
33.6343549,-117.9161811
33.65088,-117.93239
33.643814,-117.921104
33.649773,-117.93091
33.6385685,-117.9279859
33.64963,-117.93022
33.652016,-117.93294
33.6320737,-117.9133996
33.654095,-117.913124
33.641044,-117.9259321
33.641407,-117.919266
33.650864,-117.91234
33.656338,-117.92258
33.65522,-117.906784
33.643764,-117.931136
33.651,-117.92289
33.64744,-117.92222
33.642094,-117.918724
33.634346,-117.91845
33.656334,-117.92049
33.65727,-117.93174
33.657124,-117.929214
33.642822,-117.93681
33.6405079,-117.9309739
33.65475082,-117.9109497
33.654076,-117.921135
33.6575741,-117.9215186
33.6428727,-117.9193164
33.6302925,-117.9181553
33.6422743,-117.9347811
33.646492,-117.93243
33.638853,-117.9278144
33.646374,-117.9150386
33.6565302,-117.9188552
33.6540768,-117.9211357
33.6555877,-117.918605
33.6566877,-117.9314622
33.651016,-117.922
33.6399217,-117.9282434
33.6540768,-117.9211357
33.6474419,-117.9222157
33.6329242,-117.9222287
33.64237,-117.92038
33.65522,-117.906784
33.644653,-117.91992
33.62676,-117.90877
33.65647,-117.91804
33.656334,-117.92049
33.656868,-117.9172
33.656876,-117.92867
33.6555743,-117.9194127
33.625847,-117.91092
33.639923,-117.93101
33.6327,-117.92118
33.625637,-117.91145
33.6337576,-117.9150471
33.6456497,-117.9156339
33.62592,-117.91153
33.625923,-117.909615
33.6422769,-117.9344352
33.642082,-117.9402
33.646374,-117.9150386
33.626087,-117.91134
33.648155,-117.9208
33.62592,-117.91153
33.655304,-117.906685
33.6568662,-117.9172009
33.65727,-117.93174
33.65578,-117.91906
33.657574,-117.93215
33.642616,-117.91875
33.632263,-117.914734
33.644737,-117.91857
33.656224,-117.91459
33.6463408,-117.9296356
33.633062,-117.9270308
33.6430673,-117.9272832
33.633816,-117.93512
33.6565033,-117.9197476
33.6573138,-117.9171566
33.63452,-117.920364
33.6344223,-117.9185279
33.652016,-117.93294
33.640728,-117.94012
33.65578,-117.91906
33.6343071,-117.9218255
33.644653,-117.91992
33.647987,-117.9132
33.638874,-117.93156
33.6565033,-117.9197476
33.6511163,-117.9274914
33.6436937,-117.9324415
33.6559015,-117.9204389
33.6422387,-117.9349231
33.636978,-117.9237404
33.6534038,-117.9115305
33.6520403,-117.9107565
33.6568662,-117.9172009
33.64188,-117.92678
33.6568153,-117.9186642
33.6302925,-117.9181553
33.65727,-117.93174
33.64016,-117.932755
33.6395924,-117.9271062
33.63929,-117.928375
33.65764,-117.929886
33.631886,-117.91232
33.6405907,-117.9245798
33.657405,-117.918706
33.65095,-117.917625
33.6414621,-117.9199596
33.6437844,-117.9242365
33.642083,-117.940197
33.6399217,-117.9282434
33.6422743,-117.9347811
33.6482216,-117.9217055
33.644737,-117.91857
33.6565302,-117.9188552
33.6474419,-117.9222157
33.6540768,-117.9211357
33.646374,-117.9150386
33.64279,-117.9283
33.6511163,-117.9274914
33.6470478,-117.9274629
33.6479891,-117.9131981
33.633842,-117.91566
33.631884,-117.9123223
33.656334,-117.92049
33.657608,-117.907166
33.639923,-117.93101
33.6327,-117.92118
33.64963,-117.93022
33.6337576,-117.9150471
33.6428787,-117.9292693
33.656921,-117.9084687
33.633144,-117.91664
33.6474419,-117.9222157
33.646374,-117.9150386
33.64877,-117.92526
33.643177,-117.9247925
33.65653,-117.91885
33.644737,-117.91857
33.6343196,-117.9165537
33.652016,-117.93294
33.641407,-117.919266
33.6474419,-117.9222157
33.655304,-117.906685
33.656868,-117.9172
33.64279,-117.9283
33.6272747,-117.9076157
33.6427916,-117.9283004
33.63352,-117.91756
33.65212,-117.93165
33.652287,-117.92421
33.6560804,-117.93215
33.6565302,-117.9188552
33.6576571,-117.9168285
33.657658,-117.91683
33.642277,-117.93423
33.63812,-117.93011
33.647903,-117.92967
33.6426,-117.91813
33.656868,-117.9172
33.6408361,-117.9215776
33.65578,-117.91906
33.654076,-117.921135
33.642303,-117.93313
33.634523,-117.9203653
33.625645,-117.911125
33.63354,-117.917336
33.6449952,-117.928228
33.6430942,-117.9367766
33.6299791,-117.913863
33.65727,-117.93174
33.635857,-117.9227
33.6474419,-117.9222157
33.6497713,-117.9309111
33.64879,-117.91574
33.63959,-117.92711
33.63808,-117.929245
33.6325132,-117.9167399
33.64313,-117.9244
33.6563354,-117.9204873
33.651775,-117.91868
33.657608,-117.907166
33.6425997,-117.9181264
33.631634,-117.91365
33.651215,-117.921005
33.632515,-117.91674
33.62841,-117.90925
33.655006,-117.932273
33.64282,-117.91862
33.6471623,-117.9154858
33.646374,-117.9150386
33.656475,-117.908
33.631634,-117.91365
33.6318821,-117.9123644
33.657124,-117.929214
33.6552195,-117.9067861
33.64793,-117.923096
33.629963,-117.910416
33.6436822,-117.9314023
33.64016,-117.932755
33.64279,-117.9283
33.641044,-117.9259321
33.6482216,-117.9217055
33.632515,-117.91674
33.656334,-117.92049
33.654972,-117.92064
33.6243535,-117.9085602
33.63954,-117.92823
33.641407,-117.919266
33.65242,-117.93054
33.654243,-117.91577
33.652016,-117.93294
33.65733,-117.904686
33.6327,-117.92118
33.62592,-117.91153
33.643177,-117.9247925
33.632263,-117.914734
33.645188,-117.9157923
33.6293681,-117.9088204
33.6568662,-117.9172009
33.65591,-117.927025
33.625645,-117.911125
33.646374,-117.9150386
33.640728,-117.94012
33.625923,-117.909615
33.6430673,-117.9272832
33.64877,-117.92526
33.64565,-117.915634
33.6407734,-117.9401475
33.6456497,-117.9156339
33.625637,-117.91145
33.6259211,-117.9115267
33.625923,-117.909615
33.625076,-117.90967
33.624584,-117.90892
33.626087,-117.91134
33.62592,-117.91153
33.656868,-117.9172
33.656788,-117.91733
33.6568662,-117.9172009
33.651215,-117.921005
33.633062,-117.9270308
33.657406,-117.91871
33.6430673,-117.9272832
33.647034,-117.921906
33.63359,-117.91741
33.6568662,-117.9172009
33.638504,-117.92916
33.655304,-117.906685
33.657405,-117.918706
33.652058,-117.917816
33.6521219,-117.9307891
33.6558654,-117.9133298
33.640774,-117.94015
33.6426,-117.91813
33.6564,-117.91878
33.6422692,-117.9422321
33.6326603,-117.9098582
33.6436822,-117.9314023
33.652016,-117.93294
33.625847,-117.91092
33.644997,-117.92823
33.6482216,-117.9217055
33.656868,-117.9172
33.65578,-117.91906
33.63188,-117.91236
33.63929,-117.928375
33.63808,-117.929245
33.6395924,-117.9271062
33.638813,-117.92821
33.6325529,-117.914146
33.6437844,-117.9242365
33.63397,-117.93164
33.65522,-117.906784
33.62841,-117.90925
33.6437844,-117.9242365
33.6568662,-117.9172009
33.651016,-117.922
33.646374,-117.9150386
33.6449952,-117.928228
33.631884,-117.9123223
33.6549429,-117.9142639
33.6540768,-117.9211357
33.64536,-117.93104
33.64744,-117.92222
33.64016,-117.932755
33.6511163,-117.9274914
33.656334,-117.92049
33.6565,-117.91975
33.625847,-117.91092
33.6566877,-117.9314622
33.6243535,-117.9085602
33.64803,-117.92086
33.6360031,-117.92146
33.65041,-117.930435
33.6547515,-117.9110474
33.657608,-117.907166
33.65578,-117.91906
33.626045,-117.911705
33.65652,-117.93112
33.62592,-117.91153
33.6327,-117.92118
33.626087,-117.91134
33.6256443,-117.9111278
33.657272,-117.90481
33.626087,-117.91134
33.63575,-117.91863
33.625103,-117.909615
33.655304,-117.906685
33.642616,-117.91875
33.634506,-117.92163
33.63430786,-117.9218292
33.6522524,-117.91868
33.65727,-117.93174
33.6564725,-117.9226493
33.6576571,-117.9168285
33.633062,-117.9270308
33.65722,-117.92323
33.655647,-117.91841
33.6430673,-117.9272832
33.6427709,-117.9295525
33.65522,-117.906784
33.64227676,-117.934227
33.657597,-117.93215
33.646374,-117.9150386
33.643814,-117.921104
33.656334,-117.92049
33.6344158,-117.9215362
33.6327076,-117.9277835
33.63777542,-117.9285889
33.636887,-117.92411
33.64279,-117.9283
33.633224,-117.918335
33.656075,-117.91269
33.644653,-117.91992
33.64754,-117.93016
33.64381,-117.92804
33.652287,-117.92421
33.640774,-117.94015
33.636726,-117.924644
33.6414621,-117.9199596
33.6563,-117.92989
33.6568662,-117.9172009
33.626663,-117.90885
33.65653,-117.91885
33.6395924,-117.9271062
33.63929,-117.928375
33.639297,-117.92784
33.639297,-117.927986
33.65494,-117.91426
33.640156,-117.931
33.642083,-117.940197
33.6426215,-117.9328636
33.63688,-117.92152
33.65041,-117.930435
33.642307,-117.94062
33.650967,-117.92447
33.657405,-117.918706
33.64016,-117.932755
33.65596,-117.918365
33.6474419,-117.9222157
33.642082,-117.9402
33.654404,-117.91703
33.654404,-117.91703
33.651016,-117.922
33.63874,-117.92714
33.653496,-117.92248
33.651016,-117.922
33.6399217,-117.9282434
33.6554013,-117.9068533
33.646374,-117.9150386
33.635586,-117.9389
33.64228,-117.93492
33.655304,-117.906685
33.65522,-117.906784
33.6503285,-117.9262961
33.646378,-117.91503
33.634144,-117.91467
33.640163,-117.943794
33.65669,-117.931465
33.64379,-117.92661
33.65627,-117.90701
33.6491157,-117.9235774
33.656334,-117.92049
33.657405,-117.918706
33.6571237,-117.9292118
33.6573,-117.93194
33.62592,-117.91153
33.62592,-117.91153
33.6293681,-117.9088204
33.65578,-117.91906
33.6293681,-117.9088204
33.6422769,-117.9344352
33.6337576,-117.9150471
33.646374,-117.9150386
33.642773,-117.92955
33.626045,-117.911705
33.657271,-117.9048104
33.62592,-117.91153
33.65204,-117.91076
33.625923,-117.909615
33.625645,-117.911125
33.64565,-117.915634
33.625645,-117.911125
33.62592,-117.91153
33.6423673,-117.9203827
33.6456497,-117.9156339
33.63354,-117.926476
33.626087,-117.91134
33.636,-117.92146
33.626198,-117.9119
33.6520426,-117.9265299
33.65727,-117.93174
33.63414,-117.91658
33.652252,-117.91868
33.644737,-117.91857
33.639297,-117.927986
33.6564,-117.91878
33.656075,-117.91269
33.647987,-117.9132
33.65522,-117.906784
33.655304,-117.906685
33.64262,-117.93286
33.6426,-117.91813
33.640835,-117.92158
33.646572,-117.927986
33.62632,-117.90639
33.6568662,-117.9172009
33.65727,-117.93174
33.6568662,-117.9172009
33.6431468,-117.9217799
33.634308,-117.92183
33.6431314,-117.9244004
33.6571237,-117.9292118
33.652016,-117.93294
33.6559015,-117.9204389
33.6405079,-117.9309739
33.6422743,-117.9347811
33.633062,-117.9270308
33.6392957,-117.9279883
33.64355,-117.928764
33.640774,-117.94015
33.64238,-117.932274
33.6334469,-117.9220396
33.63188,-117.91236
33.6571237,-117.9292118
33.638172,-117.93066
33.64289,-117.93854
33.63808,-117.929245
33.63929,-117.928375
33.6568662,-117.9172009
33.638813,-117.92821
33.6568662,-117.9172009
33.62841,-117.90925
33.65475082,-117.9109497
33.6320737,-117.9133996
33.632515,-117.91674
33.630035,-117.91167
33.641044,-117.9259321
33.643703,-117.92296
33.631886,-117.91232
33.655304,-117.906685
33.654404,-117.91703
33.656334,-117.92049
33.631884,-117.9123223
33.657406,-117.91871
33.6540768,-117.9211357
33.65407562,-117.9211349
33.6497713,-117.9309111
33.640163,-117.943794
33.639297,-117.927986
33.65669,-117.931465
33.6552195,-117.9067861
33.65212,-117.93165
33.65653,-117.91885
33.6474419,-117.9222157
33.6565,-117.91975
33.644737,-117.91857
33.65653,-117.91885
33.6428727,-117.9193164
33.6426,-117.91813
33.655304,-117.906685
33.65033,-117.92629
33.636978,-117.9237405
33.656868,-117.9172
33.632126,-117.9150826
33.65596,-117.918365
33.6558235,-117.9286194
33.648056,-117.91971
33.655304,-117.91708
33.633144,-117.91664
33.65522,-117.906784
33.656868,-117.9172
33.6426,-117.91813
33.642682,-117.922144
33.63808,-117.929245
33.6552195,-117.9067861
33.639297,-117.927986
33.64359,-117.927345
33.648067,-117.91944
33.64744,-117.92222
33.650967,-117.92447
33.64744,-117.92222
33.655197,-117.926834
33.656868,-117.9172
33.650497,-117.92296
33.657405,-117.918706
33.657124,-117.929214
33.640182,-117.93001
33.656868,-117.9172
33.650974,-117.92218
33.6474419,-117.9222157
33.62841,-117.90925
33.631886,-117.91232
33.6318821,-117.9123644
33.644657,-117.91857
33.656715,-117.92471
33.6325132,-117.9167399
33.6399217,-117.9282434
33.634422,-117.918526
33.6410031,-117.9288591
33.6540768,-117.9211357
33.6431314,-117.9244004
33.649895,-117.91303
33.64744,-117.92222
33.64879,-117.92966
33.6549429,-117.9142639
33.63924,-117.93796
33.64705,-117.92746
33.6556112,-117.9283623
33.642677,-117.93315
33.6547515,-117.9110474
33.656334,-117.92049
33.656612,-117.907234
33.6425997,-117.9181264
33.64224,-117.92678
33.654404,-117.9170303
33.6511544,-117.9325966
33.65727,-117.93174
33.641888,-117.93314
33.632515,-117.91674
33.64287,-117.91932
33.6484041,-117.9316902
33.648643,-117.921646
33.642277,-117.93443
33.649895,-117.91303
33.6561117,-117.9283455
33.640156,-117.931
33.6369436,-117.9222697
33.639923,-117.928246
33.652237,-117.91785
33.65669,-117.931465
33.6433025,-117.9291327
33.656334,-117.92049
33.631483,-117.91979
33.65088,-117.910576
33.644737,-117.91857
33.655304,-117.906685
33.6491157,-117.9235774
33.6447359,-117.9185726
33.6367251,-117.9246408
33.63698,-117.923744
33.6343549,-117.9161811
33.64279,-117.9283
33.6511544,-117.9325966
33.656334,-117.92049
33.6422743,-117.9347811
33.642056,-117.93459
33.633495,-117.91534
33.643074,-117.93237
33.6556112,-117.9283623
33.6427916,-117.9283004
33.65522,-117.906784
33.657658,-117.91683
33.640156,-117.931
33.639923,-117.93101
33.656334,-117.92049
33.6540768,-117.9211357
33.652237,-117.91785
33.65409,-117.909386
33.65212,-117.93165
33.6426783,-117.9331478
33.634523,-117.9203653
33.652022,-117.9318874
33.6474419,-117.9222157
33.63808,-117.929245
33.65475082,-117.9109497
33.651016,-117.922
33.65727,-117.93174
33.634346,-117.91845
33.6290883,-117.9103563
33.6484041,-117.9316902
33.646374,-117.9150386
33.6555748,-117.9194107
33.6418808,-117.9373348
33.6540768,-117.9211357
33.6510179,-117.9219939
33.6399217,-117.9282434
33.652122,-117.93245
33.637486,-117.93193
33.6540768,-117.9211357
33.6406426,-117.9242536
33.6565302,-117.9188552
33.656334,-117.92049
33.6474419,-117.9222157
33.652603,-117.911354
33.6556112,-117.9283623
33.6437564,-117.9225202
33.654404,-117.91703
33.6564,-117.91878
33.631886,-117.91232
33.64016,-117.932755
33.640163,-117.943794
33.65669,-117.931465
33.642803,-117.94271
33.640163,-117.943794
33.65652,-117.93112
33.64279,-117.9283
33.625847,-117.91092
33.657883,-117.90355
33.652016,-117.93294
33.648641,-117.919212
33.625923,-117.909615
33.6456497,-117.9156339
33.625923,-117.909615
33.642616,-117.91875
33.623955,-117.90863
33.62592,-117.91153
33.626198,-117.9119
33.626514,-117.91123
33.62592,-117.91153
33.657555,-117.926155
33.654243,-117.91577
33.62592,-117.91153
33.657562,-117.92453
33.640507,-117.93098
33.62592,-117.91153
33.636911,-117.9214127
33.626087,-117.91134
33.64335,-117.93341
33.633062,-117.9270308
33.6422387,-117.9349231
33.6568662,-117.9172009
33.63808,-117.929245
33.634422,-117.918526
33.6430673,-117.9272832
33.65522,-117.906784
33.640907,-117.931435
33.656406,-117.931305
33.65740585,-117.9187088
33.6463408,-117.9296356
33.6426,-117.91813
33.652008,-117.909584
33.644653,-117.91992
33.647987,-117.9132
33.642273,-117.930214
33.6405079,-117.9309739
33.646374,-117.9150386
33.657314,-117.91716
33.65073,-117.916046
33.6559015,-117.9204389
33.640774,-117.94015
33.640774,-117.94015
33.64227676,-117.934227
33.65683,-117.9144
33.64721,-117.930374
33.6428021,-117.9427081
33.6407734,-117.9401475
33.63929,-117.928375
33.639297,-117.927986
33.6476707,-117.9216443
33.643814,-117.921104
33.65764,-117.929886
33.631886,-117.91232
33.657124,-117.929214
33.639297,-117.927986
33.654404,-117.91703
33.654404,-117.9170303
33.65727,-117.93174
33.640156,-117.931
33.642082,-117.9402
33.6422743,-117.9347811
33.650345,-117.926315
33.6479891,-117.9131981
33.65033,-117.92629
33.656334,-117.92049
33.648113,-117.91369
33.6401619,-117.928676
33.63722,-117.92014
33.639297,-117.927986
33.65212,-117.93165
33.6556112,-117.9283623
33.64705,-117.92746
33.6426,-117.91813
33.65578,-117.91906
33.657608,-117.907166
33.64744,-117.92222
33.62565,-117.91144
33.626045,-117.911705
33.6327,-117.92118
33.62592,-117.91153
33.640728,-117.94012
33.62592,-117.91153
33.63397,-117.91786
33.6337576,-117.9150471
33.65727,-117.93174
33.652016,-117.93294
33.646374,-117.9150386
33.64877,-117.92526
33.63929,-117.928375
33.6405907,-117.9245798
33.626198,-117.9119
33.625923,-117.909615
33.652252,-117.91868
33.626087,-117.91134
33.624584,-117.90892
33.633062,-117.9270308
33.64292,-117.92726
33.645374,-117.91926
33.644737,-117.91857
33.634422,-117.918526
33.65441513,-117.9186325
33.652237,-117.91785
33.6565302,-117.9188552
33.64302,-117.935684
33.62592,-117.91153
33.6272747,-117.9076157
33.644245,-117.93027
33.6422922,-117.922907
33.626663,-117.90885
33.641884,-117.92222
33.657499,-117.91899
33.65727,-117.93174
33.6570904,-117.9082284
33.639957,-117.9287577
33.640774,-117.94015
33.648643,-117.921646
33.65204,-117.91076
33.640774,-117.94015
33.6549429,-117.9142639
33.63188,-117.91236
33.63929,-117.928375
33.651215,-117.921005
33.64224,-117.92678
33.63808,-117.929245
33.640217,-117.92001
33.625645,-117.911125
33.63815,-117.93032
33.6426,-117.91813
33.62841,-117.90925
33.639297,-117.927986
33.639297,-117.927986
33.6381627,-117.9313716
33.65727,-117.93174
33.651016,-117.922
33.642147,-117.93173
33.6463408,-117.9296356
33.65653,-117.91885
33.6361,-117.92045
33.6410031,-117.9288591
33.642673,-117.9335
33.6405907,-117.9245798
33.656334,-117.92049
33.656334,-117.92049
33.65737152,-117.9269257
33.6259401,-117.9083703
33.65669,-117.931465
33.657608,-117.907166
33.652016,-117.93294
33.62592,-117.91153
33.6327,-117.92118
33.62492,-117.906204
33.6256443,-117.9111278
33.623917,-117.90855
33.626087,-117.91134
33.656406,-117.931305
33.65709,-117.908226
33.6576571,-117.9168285
33.654495,-117.93182
33.64877,-117.92526
33.6573,-117.93194
33.65727,-117.93174
33.65591,-117.927025
33.64287,-117.91932
33.62592,-117.91153
33.655834,-117.93192
33.657406,-117.91871
33.643654,-117.92102
33.65212,-117.93165
33.6343071,-117.9218255
33.6513146,-117.9109478
33.638504,-117.92916
33.6573,-117.93194
33.650345,-117.926315
33.6408361,-117.9215776
33.656475,-117.908
33.64279,-117.9283
33.6568662,-117.9172009
33.65722,-117.92323
33.6426,-117.91813
33.6428429,-117.9194308
33.633062,-117.9270308
33.63808,-117.929245
33.63929,-117.928375
33.64288,-117.92927
33.648243,-117.92797
33.6547305,-117.9070497
33.6430673,-117.9272832
33.6501642,-117.9113981
33.6405079,-117.9309739
33.6426,-117.91813
33.640774,-117.94015
33.657406,-117.91871
33.64287,-117.91932
33.65494,-117.91426
33.65727,-117.93174
33.640728,-117.94012
33.653496,-117.92248
33.6343071,-117.9218255
33.64379,-117.92661
33.655403,-117.90685
33.6559671,-117.9225282
33.6449952,-117.928228
33.6395924,-117.9271062
33.640156,-117.931
33.643177,-117.9247925
33.631886,-117.91232
33.6428429,-117.9194308
33.640163,-117.943794
33.631884,-117.9123223
33.6572688,-117.9317426
33.652134,-117.932465
33.6406426,-117.9242536
33.657405,-117.918706
33.6484041,-117.9316902
33.652813,-117.91143
33.654404,-117.91703
33.62841,-117.90925
33.6243535,-117.9085602
33.651016,-117.922
33.6417802,-117.9351348
33.650967,-117.92447
33.64744,-117.92222
33.63906,-117.92802
33.656334,-117.92049
33.656868,-117.9172
33.639297,-117.927986
33.632515,-117.91674
33.6530405,-117.9114002
33.6389165,-117.9214976
33.657677,-117.91685
33.654972,-117.92064
33.657608,-117.907166
33.65041,-117.91595
33.62592,-117.91153
33.62592,-117.91153
33.65751,-117.932144
33.643845,-117.921104
33.632263,-117.914734
33.62971,-117.91003
33.65226,-117.92677
33.646374,-117.9150386
33.639297,-117.927986
33.657405,-117.918706
33.62592,-117.91153
33.64536,-117.93104
33.64565,-117.915634
33.6565033,-117.9197476
33.626198,-117.9119
33.626087,-117.91134
33.652016,-117.93294
33.6456497,-117.9156339
33.65727,-117.93174
33.6573,-117.93194
33.637775,-117.92859
33.644737,-117.91857
33.6568662,-117.9172009
33.6414621,-117.9199596
33.633062,-117.9270308
33.657658,-117.91683
33.6430673,-117.9272832
33.6426,-117.91813
33.6463767,-117.9150291
33.6422769,-117.9344352
33.655304,-117.906685
33.64111,-117.93197
33.6474419,-117.9222157
33.6436472,-117.9285556
33.65522,-117.906784
33.647034,-117.921906
33.6540768,-117.9211357
33.657658,-117.91683
33.640774,-117.94015
33.639297,-117.927986
33.6557871,-117.9291283
33.640774,-117.94015
33.6427,-117.933365
33.657505,-117.931946
33.6563,-117.92989
33.640774,-117.94015
33.64188,-117.92678
33.64178,-117.935135
33.6564,-117.91878
33.63929,-117.928375
33.632687,-117.9321
33.650967,-117.92447
33.6510179,-117.9219939
33.65727,-117.93174
33.63354,-117.917336
33.6540768,-117.9211357
33.6540768,-117.9211357
33.6544963,-117.9318247
33.648471,-117.9245829
33.6568662,-117.9172009
33.648403,-117.93169
33.6431468,-117.9217799
33.639297,-117.927986
33.652283,-117.925095
33.6422387,-117.9349231
33.6470478,-117.9274629
33.65653,-117.91885
33.631886,-117.91232
33.65522,-117.906784
33.643574,-117.93274
33.65041,-117.930435
33.6325132,-117.9167399
33.6408361,-117.9215776
33.6558235,-117.9286194
33.651016,-117.922
33.6428727,-117.9193164
33.634144,-117.91467
33.626663,-117.90885
33.64803,-117.92086
33.644737,-117.91857
33.6280223,-117.9129841
33.656334,-117.92049
33.657608,-117.907166
33.64288,-117.92927
33.657562,-117.92453
33.6421883,-117.9397037
33.632515,-117.91674
33.626087,-117.91134
33.650497,-117.92296
33.62592,-117.91153
33.631634,-117.91633
33.6372106,-117.9366757
33.6520403,-117.9107565
33.65653,-117.91885
33.64565,-117.915634
33.62592,-117.91153
33.634308,-117.92183
33.636,-117.92146
33.6520077,-117.9095837
33.63397,-117.91786
33.632877,-117.92725
33.657658,-117.91683
33.633062,-117.9270308
33.65424347,-117.9157715
33.64315,-117.938866
33.6430673,-117.9272832
33.655304,-117.906685
33.6327076,-117.9277835
33.65494,-117.91426
33.652016,-117.93294
33.64262,-117.93286
33.636707,-117.924614
33.652016,-117.93294
33.640774,-117.94015
33.656868,-117.9172
33.6423673,-117.9203827
33.640774,-117.94015
33.65584,-117.91947
33.65653,-117.91885
33.63455,-117.92042
33.64379,-117.92661
33.6428021,-117.9427081
33.640774,-117.94015
33.652317,-117.924644
33.6554341,-117.9192791
33.642357,-117.920044
33.63929,-117.928375
33.6449952,-117.928228
33.64188,-117.92678
33.639297,-117.927986
33.644653,-117.91992
33.63808,-117.929245
33.6325529,-117.914146
33.6510179,-117.9219939
33.631886,-117.91232
33.64705,-117.92746
33.6476707,-117.9216443
33.642784,-117.93614
33.640408,-117.93838
33.65475082,-117.9109497
33.6410031,-117.9288591
33.637787,-117.91573
33.6249,-117.90583
33.634758,-117.91427
33.651016,-117.922
33.652016,-117.93294
33.648674,-117.92459
33.64379,-117.92661
33.6401619,-117.928676
33.643703,-117.92296
33.65399,-117.92873
33.640408,-117.93838
33.65522,-117.906784
33.656334,-117.92049
33.6499982,-117.9301209
33.6565,-117.91975
33.64224,-117.92678
33.639523,-117.91835
33.656334,-117.92049
33.65407562,-117.9211349
33.654076,-117.921135
33.65641785,-117.9297485
33.657406,-117.91871
33.646572,-117.927986
33.657677,-117.91685
33.642982,-117.93584
33.65212,-117.93165
33.632515,-117.91674
33.63271,-117.92778
33.6422692,-117.9422321
33.636887,-117.92411
33.6436472,-117.9285556
33.650967,-117.92447
33.632732,-117.92777
33.643177,-117.92479
33.64302,-117.935684
33.63352,-117.91756
33.6408361,-117.9215776
33.65686798,-117.9171982
33.6425997,-117.9181264
33.646873,-117.92314
33.657024,-117.92807
33.63014,-117.9106
33.64287,-117.91932
33.64313,-117.9244
33.6565302,-117.9188552
33.6549429,-117.9142639
33.65444,-117.91447
33.65722,-117.92323
33.63455,-117.92042
33.648075,-117.91971
33.6540768,-117.9211357
33.656334,-117.92049
33.654243,-117.91577
33.635887,-117.92284
33.64744,-117.92222
33.6341857,-117.9181862
33.649834,-117.93008
33.6540768,-117.9211357
33.63452,-117.920364
33.63808,-117.929245
33.64544,-117.92446
33.62841,-117.90925
33.6557871,-117.9291283
33.6556112,-117.9283623
33.64287,-117.91932
33.64013,-117.92377
33.63186,-117.91996
33.6401619,-117.928676
33.6410031,-117.9288591
33.65407562,-117.9211349
33.642616,-117.91875
33.6389165,-117.9214976
33.6479891,-117.9131981
33.64674,-117.927475
33.65737152,-117.9269257
33.656334,-117.92049
33.654404,-117.91703
33.653496,-117.92248
33.648403,-117.93169
33.652016,-117.93294
33.656334,-117.92049
33.6436472,-117.9285556
33.632496,-117.916824
33.64544,-117.92446
33.63455,-117.92042
33.643177,-117.9247925
33.6426,-117.91813
33.648643,-117.921646
33.638866,-117.92941
33.6343549,-117.9161811
33.657562,-117.92453
33.638596,-117.92185
33.6345479,-117.9204163
33.652016,-117.93294
33.6379144,-117.9159772
33.64526,-117.92455
33.653366,-117.90794
33.6549429,-117.9142639
33.65403,-117.91239
33.63488,-117.92852
33.654495,-117.93182
33.647987,-117.91321
33.65653,-117.91885
33.63188,-117.91236
33.6576571,-117.9168285
33.656868,-117.9172
33.65212,-117.93165
33.6568662,-117.9172009
33.6325132,-117.9167399
33.650517,-117.932335
33.6468,-117.92936
33.6433025,-117.9291327
33.631886,-117.91232
33.643654,-117.92102
33.6530405,-117.9114002
33.656338,-117.92258
33.6568662,-117.9172009
33.642822,-117.93681
33.631884,-117.9123223
33.65452,-117.91868
33.63258,-117.9167
33.6557797,-117.919061
33.6491157,-117.9235774
33.6425997,-117.9181264
33.64287,-117.91932
33.65073,-117.92053
33.6356,-117.920105
33.6565302,-117.9188552
33.6243535,-117.9085602
33.640507,-117.93098
33.63488,-117.92852
33.64241,-117.93226
33.655197,-117.926834
33.65522,-117.906784
33.650974,-117.92218
33.652016,-117.93294
33.649475,-117.930176
33.6399217,-117.9282434
33.6540768,-117.9211357
33.6510179,-117.9219939
33.656334,-117.92049
33.64705,-117.92746
33.6428076,-117.9289735
33.649895,-117.91303
33.65407562,-117.9211349
33.6552195,-117.9067861
33.6249,-117.90583
33.6479891,-117.9131981
33.642082,-117.9402
33.649998,-117.93012
33.655586,-117.9186
33.655197,-117.926834
33.625847,-117.91092
33.6328687,-117.9277835
33.647175,-117.91836
33.6337576,-117.9150471
33.6456497,-117.9156339
33.627647,-117.9097
33.65522,-117.906784
33.62592,-117.91153
33.62592,-117.91153
33.625923,-117.909615
33.62592,-117.91153
33.65578,-117.91906
33.62785,-117.91
33.65765762,-117.916832
33.657405,-117.918706
33.6573,-117.93194
33.6428787,-117.9292693
33.636887,-117.92411
33.6463408,-117.9296356
33.656338,-117.92258
33.62592,-117.91153
33.62592,-117.91153
33.62592,-117.91153
33.626198,-117.9119
33.632835,-117.916145
33.624584,-117.90892
33.6503285,-117.9262961
33.626663,-117.90885
33.657505,-117.931946
33.6423673,-117.9203827
33.641884,-117.92222
33.634308,-117.92183
33.6426,-117.91813
33.64302,-117.935684
33.655304,-117.906685
33.633686,-117.91729
33.6573729,-117.929271
33.65727,-117.93174
33.656868,-117.9172
33.63352,-117.91756
33.647987,-117.9132
33.657658,-117.91683
33.64288,-117.93923
33.63452,-117.920364
33.63856,-117.9294
33.65722,-117.92323
33.640774,-117.94015
33.640774,-117.94015
33.643177,-117.9247925
33.640156,-117.931
33.6565302,-117.9188552
33.640774,-117.94015
33.64705,-117.92746
33.6568662,-117.9172009
33.64721,-117.930374
33.64188,-117.92678
33.65683,-117.9144
33.63929,-117.928375
33.6474419,-117.9222157
33.642685,-117.93379
33.650967,-117.92447
33.650497,-117.92296
33.644737,-117.91857
33.63808,-117.929245
33.62601,-117.91054
33.64744,-117.92222
33.631886,-117.91232
33.65475082,-117.9109497
33.650345,-117.926315
33.642082,-117.9402
33.6431647,-117.9202633
33.6356865,-117.9204254
33.642506,-117.93654
33.6320537,-117.9144304
33.638844,-117.92477
33.644066,-117.931274
33.6399217,-117.9282434
33.63808,-117.929245
33.64279,-117.9283
33.654076,-117.921135
33.656334,-117.92049
33.6249,-117.90583
33.65041,-117.930435
33.64237,-117.92038
33.64237,-117.92038
33.6547515,-117.9110474
33.656334,-117.92049
33.65682983,-117.9143982
33.63808,-117.929245
33.641815,-117.93472
33.656612,-117.907234
33.64948,-117.93009
33.624584,-117.90892
33.62592,-117.91153
33.6327,-117.92118
33.6337576,-117.9150471
33.65578,-117.91906
33.657513,-117.930984
33.6503285,-117.9262961
33.65591,-117.927025
33.65727,-117.93174
33.639072,-117.920235
33.65592,-117.907196
33.657272,-117.90481
33.6430673,-117.9272832
33.6372106,-117.9366757
33.632263,-117.914734
33.631626,-117.90897
33.6474419,-117.9222157
33.62592,-117.91153
33.652016,-117.93294
33.653736,-117.91875
33.6422769,-117.9344352
33.63286,-117.9270719
33.655304,-117.906685
33.632515,-117.91674
33.6428812,-117.9392349
33.6576571,-117.9168285
33.648026,-117.92084
33.63452,-117.920364
33.633062,-117.9270308
33.63352,-117.91756
33.639297,-117.927986
33.655403,-117.90685
33.6425997,-117.9181264
33.65683,-117.9144
33.6430673,-117.9272832
33.636,-117.92146
33.6426215,-117.9328636
33.62592,-117.91153
33.642048,-117.934784
33.6426,-117.91813
33.6423673,-117.9203827
33.6463408,-117.9296356
33.652283,-117.925095
33.644653,-117.91992
33.657405,-117.918706
33.642083,-117.940197
33.636978,-117.9237404
33.63452,-117.920364
33.640774,-117.94015
33.654686,-117.91587
33.639297,-117.927986
33.6556112,-117.9283623
33.656868,-117.9172
33.6573138,-117.9171566
33.63929,-117.928375
33.6530405,-117.9114002
33.65088,-117.910576
33.65405,-117.91504
33.65764,-117.929886
33.640408,-117.93838
33.6476707,-117.9216443
33.640823,-117.93011
33.646374,-117.9150386
33.6557871,-117.9291283
33.657562,-117.92453
33.62841,-117.90925
33.6474419,-117.9222157
33.652237,-117.91785
33.6426,-117.91813
33.634523,-117.9203653
33.642506,-117.93654
33.6491157,-117.9235774
33.656334,-117.92049
33.652016,-117.93294
33.65682983,-117.9143982
33.650974,-117.92218
33.6428812,-117.9392349
33.6428193,-117.9340719
33.656612,-117.907234
33.6508771,-117.9105724
33.652016,-117.93294
33.652016,-117.93294
33.639923,-117.93101
33.6327,-117.92118
33.6293681,-117.9088204
33.65578,-117.91906
33.6568662,-117.9172009
33.6337576,-117.9150471
33.63677,-117.92782
33.6437018,-117.9229592
33.632263,-117.914734
33.64565,-117.915634
33.643177,-117.92479
33.646122,-117.924446
33.650967,-117.92447
33.65578,-117.91906
33.646374,-117.9150386
33.655197,-117.926834
33.64264,-117.93234
33.650517,-117.932335
33.63359,-117.91741
33.65737,-117.92927
33.6568662,-117.9172009
33.6426,-117.91813
33.63698,-117.923744
33.652252,-117.91867
33.63808,-117.929245
33.633816,-117.93512
33.6426,-117.91813
33.631886,-117.91232
33.6568662,-117.9172009
33.65494,-117.91426
33.6426516,-117.933342
33.65522,-117.906784
33.65578,-117.91906
33.641438,-117.92877
33.65041,-117.91595
33.642773,-117.92955
33.651215,-117.921005
33.642083,-117.940197
33.654076,-117.921135
33.6545686,-117.918431
33.65578,-117.91906
33.6436472,-117.9285556
33.6564,-117.91878
33.64744,-117.92222
33.6474419,-117.9222157
33.656334,-117.92049
33.64744,-117.92222
33.655903,-117.92044
33.6568662,-117.9172009
33.633366,-117.916855
33.632633,-117.926346
33.655197,-117.926834
33.62841,-117.90925
33.656868,-117.9172
33.6326,-117.91532
33.65522,-117.906784
33.6427644,-117.9237503
33.6367251,-117.9246408
33.65522,-117.906784
33.631886,-117.91232
33.657405,-117.918706
33.656868,-117.9172
33.63679,-117.924644
33.65096,-117.92422
33.6320737,-117.9133996
33.64705,-117.92746
33.6335418,-117.9264764
33.657272,-117.90481
33.641956,-117.92033
33.64121,-117.920654
33.64145,-117.926186
33.6249,-117.90583
33.6482216,-117.9217055
33.6410031,-117.9288591
33.6573138,-117.9171566
33.643185,-117.91949
33.65403,-117.91239
33.654243,-117.91577
33.6293681,-117.9088204
33.639923,-117.93101
33.6552195,-117.9067861
33.647102,-117.9248
33.6474419,-117.9222157
33.646374,-117.9150386
33.632515,-117.91674
33.64744,-117.92222
33.6430006,-117.9312938
33.655315,-117.93193
33.6456497,-117.9156339
33.64565,-117.915634
33.644737,-117.91857
33.6428727,-117.9193164
33.6386587,-117.9244221
33.655304,-117.906685
33.6549429,-117.9142639
33.65522,-117.906784
33.643417,-117.92836
33.654076,-117.921135
33.650517,-117.932335
33.65212,-117.93165
33.6425997,-117.9181264
33.6426,-117.91813
33.63959,-117.92711
33.63882,-117.92878
33.6522524,-117.91868
33.633062,-117.9270308
33.6427916,-117.9283004
33.6422922,-117.922907
33.6436472,-117.9285556
33.657405,-117.918706
33.63188,-117.91236
33.64314,-117.92109
33.6422387,-117.9349231
33.638134,-117.92775
33.656921,-117.9084687
33.632515,-117.91674
33.65128708,-117.913269
33.656334,-117.92049
33.6559015,-117.9204389
33.6575741,-117.9215186
33.64705,-117.92746
33.655827,-117.91992
33.631886,-117.91232
33.6568662,-117.9172009
33.64744,-117.92222
33.64705,-117.92746
33.62841,-117.90925
33.6419563,-117.9203276
33.638844,-117.92477
33.646374,-117.9150386
33.639923,-117.93101
33.6522607,-117.9265325
33.639854,-117.931046
33.634523,-117.9203653
33.6540768,-117.9211357
33.650974,-117.92218
33.6544135,-117.918636
33.642277,-117.93443
33.65216,-117.93168
33.630898,-117.9135
33.63354,-117.917336
33.62398,-117.906654
33.65403,-117.91239
33.6521071,-117.9193601
33.657543,-117.927246
33.650497,-117.92296
33.633812,-117.927315
33.656334,-117.92049
33.657658,-117.91683
33.642784,-117.93614
33.63014,-117.9106
33.63188,-117.91236
33.65737152,-117.9269257
33.6436472,-117.9285556
33.652023,-117.931885
33.6369602,-117.9222288
33.64287,-117.91932
33.63698,-117.923744
33.6408361,-117.9215776
33.65522,-117.906784
33.6422387,-117.9349231
33.648643,-117.921646
33.63882,-117.92878
33.632496,-117.916824
33.622616,-117.906654
33.64323,-117.9308
33.6405907,-117.9245798
33.640156,-117.931
33.6423673,-117.9203827
33.6325132,-117.9167399
33.65737,-117.92927
33.656334,-117.92049
33.641884,-117.92222
33.6530405,-117.9114002
33.65727,-117.93174
33.65522,-117.906784
33.657314,-117.91716
33.64705,-117.92746
33.6395924,-117.9271062
33.6426,-117.91813
33.62841,-117.90925
33.631886,-117.91232
33.6504103,-117.9159452
33.6564,-117.91878
33.642784,-117.93614
33.650497,-117.92296
33.65571,-117.92211
33.65669,-117.931465
33.6249,-117.90583
33.650967,-117.92447
33.65424347,-117.9157715
33.6427709,-117.9295525
33.65416,-117.91884
33.6513146,-117.9109478
33.6410031,-117.9288591
33.640156,-117.931
33.658684,-117.932014
33.6540768,-117.9211357
33.64224,-117.92678
33.64238,-117.932274
33.65571,-117.92211
33.648403,-117.93169
33.64912,-117.93016
33.65737,-117.92927
33.657215,-117.92949
33.6563354,-117.9204873
33.6423673,-117.9203827
33.6426931,-117.9332298
33.635857,-117.9227
33.6530405,-117.9114002
33.64224,-117.92678
33.6573138,-117.9171566
33.6555743,-117.9194127
33.6568662,-117.9172009
33.64081,-117.92115
33.656868,-117.9172
33.6343549,-117.9161811
33.6552195,-117.9067861
33.6437916,-117.9242617
33.63455,-117.92042
33.65522,-117.906784
33.632496,-117.916824
33.6425997,-117.9181264
33.6540768,-117.9211357
33.65727,-117.93174
33.650517,-117.932335
33.654076,-117.921135
33.6540768,-117.9211357
33.657314,-117.91716
33.6576571,-117.9168285
33.657405,-117.918706
33.65475082,-117.9109497
33.640835,-117.92158
33.634523,-117.9203653
33.65522,-117.906784
33.635685,-117.920425
33.65199,-117.92027
33.650974,-117.92218
33.652138,-117.920525
33.6570594,-117.9244247
33.6249,-117.90583
33.648373,-117.91489
33.63397,-117.91786
33.638638,-117.92191
33.639297,-117.927986
33.65407562,-117.9211349
33.6410031,-117.9288591
33.656334,-117.92049
33.63882,-117.92878
33.65669,-117.931465
33.641903,-117.93606
33.641956,-117.92033
33.631886,-117.91232
33.6474419,-117.9222157
33.64237,-117.92038
33.641956,-117.92033
33.656334,-117.92049
33.65722,-117.92323
33.625847,-117.91092
33.652016,-117.93294
33.625847,-117.91092
33.6564725,-117.9226493
33.63029,-117.91815
33.627647,-117.9097
33.625877,-117.91117
33.645542,-117.927956
33.65727,-117.93174
33.6414621,-117.9199596
33.656418,-117.92975
33.6430006,-117.9312938
33.649998,-117.93012
33.6456497,-117.9156339
33.65727,-117.93174
33.633144,-117.91664
33.62592,-117.91153
33.62592,-117.91153
33.644737,-117.91857
33.642616,-117.91875
33.625637,-117.91145
33.625645,-117.911125
33.632263,-117.914734
33.623917,-117.90855
33.625923,-117.909615
33.62592,-117.91153
33.642784,-117.93614
33.625923,-117.909615
33.6546219,-117.9171171
33.633062,-117.9270308
33.64262,-117.93286
33.6425997,-117.9181264
33.62592,-117.91153
33.6430673,-117.9272832
33.64237,-117.92038
33.6426,-117.91813
33.635887,-117.92284
33.652016,-117.93294
33.63808,-117.929245
33.656284,-117.931816
33.6285298,-117.9153015
33.6426,-117.91813
33.65059,-117.90887
33.632515,-117.91674
33.652317,-117.924644
33.642784,-117.93614
33.640774,-117.94015
33.6568662,-117.9172009
33.6325132,-117.9167399
33.6449952,-117.928228
33.6568662,-117.9172009
33.640774,-117.94015
33.6441434,-117.9255326
33.6428193,-117.9186145
33.65644,-117.915405
33.6428787,-117.9292693
33.6422387,-117.9349231
33.65653,-117.91885
33.64188,-117.92678
33.6464134,-117.9152703
33.63929,-117.928375
33.6568662,-117.9172009
33.63808,-117.929245
33.6540768,-117.9211357
33.656406,-117.931305
33.6540768,-117.9211357
33.64288,-117.92927
33.642277,-117.93443
33.6343071,-117.9218255
33.652287,-117.92421
33.6361154,-117.9212383
33.639957,-117.9287577
33.654076,-117.921135
33.6522607,-117.9265325
33.6328792,-117.9272537
33.62527743,-117.9304762
33.652283,-117.925095
33.650967,-117.92447
33.6316319,-117.9136533
33.6540768,-117.9211357
33.654488,-117.91754
33.64016,-117.932755
33.6522374,-117.9178478
33.6428193,-117.9186145
33.6576571,-117.9168285
33.640163,-117.943794
33.6318821,-117.9123644
33.64313,-117.9244
33.6437844,-117.9242365
33.640156,-117.931
33.64237,-117.92038
33.65669,-117.931465
33.656338,-117.92258
33.641438,-117.92877
33.64228,-117.93492
33.655197,-117.926834
33.639297,-117.927986
33.643654,-117.92102
33.641044,-117.9259321
33.639297,-117.927986
33.63808,-117.929245
33.63029,-117.91815
33.6573,-117.93194
33.6327,-117.92118
33.62592,-117.91153
33.640728,-117.94012
33.6476255,-117.918257
33.6456497,-117.9156339
33.6372106,-117.9366757
33.626087,-117.91134
33.657574,-117.93215
33.64565,-117.915634
33.646374,-117.9150386
33.6503285,-117.9262961
33.640835,-117.92158
33.65596,-117.918365
33.63397,-117.91786
33.641136,-117.92593
33.62592,-117.91153
33.6343196,-117.9165537
33.6426,-117.91813
33.633062,-117.9270308
33.641884,-117.92222
33.64241,-117.93171
33.6430673,-117.9272832
33.6425997,-117.9181264
33.633686,-117.91729
33.6426215,-117.9328636
33.6521198,-117.9316508
33.6463408,-117.9296356
33.644653,-117.91992
33.643177,-117.9247925
33.633442,-117.915306
33.633076,-117.915886
33.65059,-117.90887
33.63286,-117.9270719
33.64744,-117.92222
33.64279,-117.9283
33.6428193,-117.9186145
33.6497997,-117.9301188
33.6433955,-117.9319895
33.64282,-117.91862
33.65688,-117.92473
33.6427405,-117.9202445
33.63188,-117.91236
33.6568662,-117.9172009
33.640774,-117.94015
33.640774,-117.94015
33.637596,-117.92263
33.6568662,-117.9172009
33.6475066,-117.9118936
33.638103,-117.92944
33.635857,-117.9227
33.6395924,-117.9271062
33.63929,-117.928375
33.650967,-117.92447
33.64792,-117.92852
33.640163,-117.943794
33.6427916,-117.9283004
33.656406,-117.931305
33.6325529,-117.914146
33.6568662,-117.9172009
33.62841,-117.90925
33.651215,-117.921005
33.657383,-117.923584
33.642082,-117.9402
33.65727,-117.93174
33.6530405,-117.9114002
33.654404,-117.91703
33.657543,-117.92725
33.64744,-117.92222
33.65601,-117.909676
33.6522607,-117.9265325
33.642506,-117.93654
33.654243,-117.91577
33.639297,-117.927986
33.6433473,-117.9176061
33.640156,-117.931
33.6482216,-117.9217055
33.654404,-117.91703
33.6547515,-117.9110474
33.656334,-117.92049
33.656612,-117.907234
33.644737,-117.91857
33.639297,-117.927986
33.640163,-117.943794
33.656868,-117.9172
33.6355691,-117.9182179
33.65273,-117.92316
33.639297,-117.927986
33.6474419,-117.9222157
33.6575633,-117.9245296
33.6567349,-117.9319446
33.62592,-117.91153
33.6256443,-117.9111278
33.652016,-117.93294
33.63029099,-117.9181519
33.63188,-117.91236
33.6337576,-117.9150471
33.6576571,-117.9168285
33.65709,-117.908226
33.657883,-117.90355
33.63397,-117.91786
33.65591,-117.927025
33.657608,-117.93215
33.65727,-117.93174
33.65727,-117.93174
33.654858,-117.8993
33.65596,-117.918365
33.64565,-117.915634
33.62592,-117.91153
33.625847,-117.91093
33.65059,-117.90887
33.6558272,-117.919923
33.65724,-117.93154
33.62592,-117.91153
33.627647,-117.9097
33.625645,-117.911125
33.65727,-117.93174
33.657574,-117.93215
33.654858,-117.8993
33.6522607,-117.9265325
33.65761,-117.90833
33.633062,-117.9270308
33.641136,-117.92593
33.65522,-117.906784
33.656868,-117.9172
33.6530405,-117.9114002
33.6425997,-117.9181264
33.6430673,-117.9272832
33.64083481,-117.9215775
33.645775,-117.93146
33.640774,-117.94015
33.63808,-117.929245
33.640774,-117.94015
33.656406,-117.931305
33.6427916,-117.9283004
33.64947,-117.91424
33.65578,-117.91906
33.6449952,-117.928228
33.6437844,-117.9242365
33.6395924,-117.9271062
33.642083,-117.940197
33.63808,-117.929245
33.638813,-117.92821
33.656868,-117.9172
33.634308,-117.92183
33.642334,-117.92516
33.63059,-117.91301
33.654076,-117.921135
33.654095,-117.913124
33.643812,-117.9280396
33.643105,-117.93672
33.634523,-117.9203653
33.642616,-117.91875
33.6422755,-117.9345741
33.62841,-117.90874
33.654972,-117.92064
33.650665,-117.930626
33.644653,-117.91992
33.6484041,-117.9316902
33.65345,-117.92246
33.652237,-117.91785
33.64032,-117.94358
33.6423673,-117.9203827
33.65522,-117.906784
33.654404,-117.91703
33.6243535,-117.9085602
33.6419563,-117.9203276
33.62912,-117.90884
33.65669,-117.931465
33.641956,-117.92033
33.646576,-117.927986
33.655148,-117.93194
33.656612,-117.907234
33.6474419,-117.9222157
33.656334,-117.92049
33.631884,-117.9123223
33.641815,-117.93472
33.636726,-117.924644
33.639297,-117.927986
33.6243535,-117.9085602
33.65751,-117.932144
33.62592,-117.91153
33.62592,-117.91153
33.647175,-117.91836
33.656406,-117.931305
33.625633,-117.91026
33.6568662,-117.9172009
33.6337576,-117.9150471
33.65724,-117.93154
33.654858,-117.8993
33.6456497,-117.9156339
33.652016,-117.93294
33.6573,-117.93194
33.655304,-117.906685
33.65751,-117.93154
33.6408361,-117.9215776
33.640163,-117.92867
33.646374,-117.9150386
33.641136,-117.92593
33.633062,-117.9270308
33.65727,-117.93174
33.654858,-117.8993
33.6430673,-117.9272832
33.65522,-117.906784
33.654243,-117.91577
33.639297,-117.927986
33.632515,-117.91674
33.6414057,-117.9192653
33.65469,-117.90809
33.657658,-117.91683
33.651016,-117.922
33.656868,-117.9172
33.644737,-117.91857
33.642956,-117.9296
33.6565,-117.91975
33.64287,-117.91932
33.6510179,-117.9219939
33.653496,-117.92248
33.6497997,-117.9301188
33.6540768,-117.9211357
33.656284,-117.931816
33.64744,-117.92222
33.6410031,-117.9288591
33.656334,-117.92049
33.654404,-117.91703
33.656334,-117.92049
33.640163,-117.943794
33.646122,-117.924446
33.63523,-117.92305
33.62592,-117.91153
33.6256443,-117.9111278
33.62592,-117.91153
33.6573,-117.93194
33.6576571,-117.9168285
33.625633,-117.91026
33.6573,-117.93194
33.65727,-117.93174
33.654858,-117.8993
33.6422769,-117.9344352
33.657562,-117.92453
33.62592,-117.91153
33.6456497,-117.9156339
33.626217,-117.91152
33.64650345,-117.9323959
33.65059,-117.90887
33.64565,-117.915634
33.627647,-117.9097
33.6293681,-117.9088204
33.634523,-117.9203653
33.6428787,-117.9292693
33.65727,-117.93174
33.643654,-117.931274
33.654858,-117.8993
33.6463408,-117.9296356
33.6425997,-117.9181264
33.6426,-117.91813
33.642083,-117.940197
33.65469,-117.90809
33.652317,-117.924644
33.638554,-117.92956
33.62785,-117.91
33.6568662,-117.9172009
33.652016,-117.93294
33.657658,-117.91683
33.655617,-117.903725
33.636,-117.92146
33.63452,-117.920364
33.657425,-117.92446
33.63452,-117.920364
33.656334,-117.92049
33.65639877,-117.9187775
33.6449952,-117.928228
33.65727,-117.93174
33.64224,-117.92678
33.64288,-117.93923
33.631886,-117.91232
33.651215,-117.921005
33.63286,-117.9270719
33.6558272,-117.919923
33.6369436,-117.9222697
33.63397,-117.91786
33.633062,-117.9270308
33.62841,-117.90925
33.63354111,-117.9173355
33.6320537,-117.9144304
33.650974,-117.92218
33.640163,-117.943794
33.6430673,-117.9272832
33.641815,-117.93472
33.65475082,-117.9109497
33.654076,-117.921135
33.642982,-117.93584
33.6540768,-117.9211357
33.6427916,-117.9283004
33.6530405,-117.9114002
33.656868,-117.9172
33.651215,-117.921005
33.640156,-117.931
33.650497,-117.92296
33.633812,-117.927315
33.651215,-117.921005
33.656612,-117.907234
33.655575,-117.91941
33.640163,-117.943794
33.636726,-117.924644
33.64379,-117.92661
33.655872,-117.92839
33.633686,-117.91729
33.6243535,-117.9085602
33.63808,-117.929245
33.641396,-117.928535
33.655403,-117.90685
33.6427916,-117.9283004
33.6436472,-117.9285556
33.655865,-117.91333
33.6285045,-117.9091486
33.632263,-117.914734
33.65751,-117.93164
33.64121,-117.920654
33.6522524,-117.91868
33.6425997,-117.9181264
33.65522,-117.906784
33.6431669,-117.9247858
33.6408361,-117.9215776
33.6568662,-117.9172009
33.655304,-117.91708
33.64418,-117.91529
33.634422,-117.918526
33.655304,-117.906685
33.645103,-117.91936
33.641815,-117.93472
33.656715,-117.92471
33.64744,-117.92222
33.6437916,-117.9242617
33.643646,-117.92851
33.631886,-117.91232
33.65727,-117.93174
33.64265,-117.93334
33.640404,-117.92007
33.6468,-117.92936
33.6568662,-117.9172009
33.638866,-117.92941
33.636978,-117.9237405
33.6404037,-117.9200686
33.62841,-117.90925
33.6474419,-117.9222157
33.6530405,-117.9114002
33.634523,-117.9203653
33.65403,-117.91239
33.642784,-117.93614
33.652237,-117.91785
33.641407,-117.919266
33.6570594,-117.9244247
33.6431314,-117.9244004
33.6565,-117.91975
33.650974,-117.92218
33.6410031,-117.9288591
33.65669,-117.931465
33.6540768,-117.9211357
33.6422743,-117.9347811
33.65522,-117.906784
33.654243,-117.91577
33.656334,-117.92049
33.65407562,-117.9211349
33.654922,-117.9117
33.653843,-117.9091
33.637775,-117.92859
33.6475066,-117.9118936
33.63397,-117.91786
33.6243535,-117.9085602
33.6568662,-117.9172009
33.6568662,-117.9172009
33.654404,-117.91703
33.638824,-117.92799
33.6573729,-117.929271
33.64744,-117.92222
33.6426215,-117.9328636
33.6474838,-117.9211886
33.6389165,-117.9214976
33.6442436,-117.9302706
33.6408361,-117.9215776
33.653366,-117.90794
33.6243535,-117.9085602
33.631884,-117.9123223
33.6425997,-117.9181264
33.642925,-117.916534
33.635858,-117.922696
33.642925,-117.916534
33.64840317,-117.9316864
33.6482216,-117.9217055
33.6552195,-117.9067861
33.6576571,-117.9168285
33.656868,-117.9172
33.6559,-117.92081
33.6530405,-117.9114002
33.656334,-117.92049
33.642704,-117.91873
33.65644,-117.915405
33.65727,-117.93174
33.645542,-117.927956
33.6422387,-117.9349231
33.65592,-117.907196
33.6482216,-117.9217055
33.656334,-117.92049
33.6573867,-117.9237793
33.642704,-117.91873
33.643177,-117.92479
33.65653,-117.91885
33.63808,-117.929245
33.657543,-117.92725
33.644737,-117.91857
33.63062,-117.91829
33.654076,-117.921135
33.65756,-117.92178
33.634523,-117.9203653
33.64754,-117.93016
33.6565302,-117.9188552
33.635857,-117.9227
33.63655,-117.917336
33.65126,-117.91304
33.6510179,-117.9219939
33.6505877,-117.9150099
33.64313,-117.9244
33.65522,-117.906784
33.634346,-117.91845
33.6540768,-117.9211357
33.651287,-117.91327
33.636978,-117.9237405
33.6401619,-117.928676
33.6540768,-117.9211357
33.65407562,-117.9211349
33.631884,-117.9123223
33.6559,-117.92081
33.63808,-117.929245
33.64287,-117.91932
33.649895,-117.91303
33.65647,-117.91804
33.6243535,-117.9085602
33.643063,-117.93619
33.6570594,-117.9244247
33.65669,-117.931465
33.65727,-117.93174
33.654495,-117.93182
33.65727,-117.93174
33.625847,-117.91092
33.627647,-117.9097
33.62592,-117.91153
33.63029,-117.91815
33.6456497,-117.9156339
33.62531,-117.91061
33.62592,-117.91153
33.62592,-117.91153
33.657405,-117.918706
33.625645,-117.911125
33.6431647,-117.9202633
33.644814,-117.91593
33.625923,-117.909615
33.65592,-117.907196
33.625877,-117.91117
33.62592,-117.91153
33.6576571,-117.9168285
33.653736,-117.91875
33.625633,-117.91026
33.6344223,-117.9185279
33.6573,-117.93194
33.65522,-117.906784
33.644737,-117.91857
33.656075,-117.91269
33.6471163,-117.9154203
33.633062,-117.9270308
33.6425997,-117.9181264
33.655178,-117.899635
33.6568662,-117.9172009
33.6430673,-117.9272832
33.65059,-117.90887
33.636757,-117.92115
33.655304,-117.906685
33.6426,-117.91813
33.6405079,-117.9309739
33.654415,-117.91863
33.657658,-117.91683
33.634308,-117.92183
33.633062,-117.9270308
33.644653,-117.91992
33.6419563,-117.9203276
33.640774,-117.94015
33.6426215,-117.9328636
33.63188,-117.91236
33.64188,-117.92678
33.63286,-117.9270719
33.655617,-117.903725
33.641956,-117.92033
33.6556112,-117.9283623
33.64879,-117.91574
33.650967,-117.92447
33.64284,-117.91943
33.65024,-117.92544
33.643646,-117.92851
33.6428193,-117.9186145
33.655575,-117.91941
33.65579,-117.90756
33.63808,-117.929245
33.6317295,-117.9145509
33.648373,-117.91489
33.634523,-117.9203653
33.657314,-117.91716
33.652237,-117.91785
33.654404,-117.91703
33.65041,-117.930435
33.63059,-117.91301
33.6426,-117.91813
33.63286,-117.92707
33.656334,-117.92049
33.6510179,-117.9219939
33.639297,-117.927986
33.654404,-117.91703
33.644737,-117.91857
33.647987,-117.91321
33.656868,-117.9172
33.64016,-117.932755
33.641815,-117.93472
33.65669,-117.931465
33.639297,-117.927986
33.656815,-117.91866
33.656334,-117.92049
33.649895,-117.91303
33.63954,-117.92823
33.6327,-117.92118
33.65727,-117.93174
33.62592,-117.91153
33.62592,-117.91153
33.65727,-117.93174
33.625877,-117.91117
33.634308,-117.92183
33.6456497,-117.9156339
33.640728,-117.94012
33.63414,-117.91658
33.65727,-117.93174
33.6372106,-117.9366757
33.625923,-117.909615
33.64877,-117.92526
33.62531,-117.91061
33.62592,-117.91153
33.650967,-117.92447
33.62592,-117.91153
33.65596,-117.918365
33.625633,-117.91026
33.627647,-117.9097
33.652237,-117.91785
33.644245,-117.93027
33.633062,-117.9270308
33.6302925,-117.9181553
33.6440898,-117.9255409
33.6430673,-117.9272832
33.633686,-117.91729
33.637775,-117.92859
33.63075,-117.911545
33.632774,-117.9272
33.657658,-117.91683
33.65727,-117.93174
33.628475,-117.9082
33.6454217,-117.9230517
33.6414057,-117.9192653
33.640774,-117.94015
33.64795,-117.90746
33.641827,-117.93221
33.657406,-117.91871
33.62998,-117.913864
33.63929,-117.928375
33.641396,-117.928535
33.63808,-117.929245
33.6474419,-117.9222157
33.65024,-117.92544
33.6474838,-117.9211886
33.62251755,-117.9331417
33.65073,-117.92053
33.640343,-117.922195
33.64188,-117.92678
33.6499982,-117.9301209
33.6361154,-117.9212383
33.6557797,-117.919061
33.65355,-117.91813
33.65045,-117.9306
33.63698,-117.923744
33.634771,-117.915752
33.63808,-117.929245
33.6408361,-117.9215776
33.640163,-117.943794
33.654404,-117.91703
33.657405,-117.918706
33.6243535,-117.9085602
33.64279,-117.9283
33.65317,-117.913445
33.642704,-117.91873
33.63808,-117.929245
33.656612,-117.907234
33.641815,-117.93472
33.65041,-117.930435
33.6428193,-117.9186145
33.6530405,-117.9114002
33.632515,-117.91674
33.65522,-117.906784
33.656868,-117.9172
33.65727,-117.93174
33.652016,-117.93294
33.6256443,-117.9111278
33.625877,-117.91117
33.62592,-117.91153
33.63575,-117.91863
33.6407734,-117.9401475
33.62527743,-117.9304762
33.62592,-117.91153
33.657505,-117.931946
33.656338,-117.92258
33.6337576,-117.9150471
33.6573,-117.93194
33.65596,-117.918365
33.6372106,-117.9366757
33.6573,-117.93046
33.65591,-117.927025
33.64565,-117.915634
33.633062,-117.9270308
33.6430673,-117.9272832
33.6401619,-117.928676
33.625633,-117.91026
33.6403428,-117.9221969
33.64013,-117.91838
33.64036,-117.919014
33.643894,-117.93177
33.6345479,-117.9204163
33.655163,-117.89961
33.640774,-117.94015
33.6426,-117.91813
33.657658,-117.91683
33.6549429,-117.9142639
33.6428727,-117.9193164
33.646374,-117.9150386
33.65024,-117.92544
33.639957,-117.9287577
33.6407734,-117.9401475
33.644653,-117.91992
33.65578,-117.91906
33.6558741,-117.9283938
33.657425,-117.92446
33.657536,-117.932144
33.655403,-117.90685
33.637775,-117.92859
33.6431314,-117.9244004
33.657513,-117.930984
33.63188,-117.91236
33.6568662,-117.9172009
33.656193,-117.90322
33.63929,-117.928375
33.6474419,-117.9222157
33.640408,-117.93838
33.640163,-117.943794
33.6474838,-117.9211886
33.642982,-117.93584
33.62527743,-117.9304762
33.651215,-117.921005
33.6325529,-117.914146
33.631886,-117.91232
33.657513,-117.930984
33.6425997,-117.9181264
33.654076,-117.921135
33.656868,-117.9172
33.640835,-117.92158
33.642693,-117.93323
33.641438,-117.92877
33.632515,-117.91674
33.634523,-117.9203653
33.651016,-117.922
33.650974,-117.92218
33.639954,-117.93074
33.647884,-117.921486
33.657677,-117.91685
33.65041,-117.930435
33.646374,-117.9150386
33.656334,-117.92049
33.63808,-117.929245
33.64279,-117.9283
33.65669,-117.931465
33.63754,-117.91696
33.642292,-117.93353
33.643185,-117.91949
33.643177,-117.9247925
33.654404,-117.91703
33.654404,-117.91703
33.657543,-117.92725
33.6356866,-117.9204234
33.657658,-117.91683
33.656868,-117.9172
33.6419563,-117.9203276
33.640163,-117.943794
33.656334,-117.92049
33.640156,-117.931
33.639297,-117.927986
33.6559,-117.92081
33.641815,-117.93472
33.62531,-117.91061
33.62592,-117.91153
33.65727,-117.93174
33.65733,-117.904686
33.65727,-117.93174
33.6576571,-117.9168285
33.652092,-117.90671
33.656693,-117.908485
33.6457488,-117.9181176
33.657597,-117.93215
33.65751,-117.93157
33.65578,-117.91906
33.6372106,-117.9366757
33.625923,-117.909615
33.654858,-117.8993
33.62841,-117.90874
33.6456497,-117.9156339
33.64565,-117.915634
33.64264,-117.93234
33.62592,-117.91153
33.641136,-117.92593
33.643654,-117.931274
33.65204,-117.91076
33.656868,-117.9172
33.656868,-117.9172
33.654404,-117.91703
33.64287,-117.91932
33.642982,-117.93584
33.65737,-117.92927
33.641884,-117.92222
33.638504,-117.92916
33.63808,-117.929245
33.640343,-117.922195
33.655304,-117.906685
33.6422656,-117.9344351
33.65059,-117.90887
33.6426,-117.91813
33.657658,-117.91683
33.6530405,-117.9114002
33.637775,-117.92859
33.640774,-117.94015
33.64744,-117.92222
33.636887,-117.9241
33.633062,-117.9270308
33.6553032,-117.9066835
33.63929,-117.928375
33.6395924,-117.9271062
33.6408361,-117.9215776
33.64381,-117.92804
33.63808,-117.929245
33.6474419,-117.9222157
33.65578,-117.91906
33.6474838,-117.9211886
33.640976,-117.92854
33.6454217,-117.9230517
33.64637375,-117.9150391
33.63906,-117.92802
33.656868,-117.9172
33.654076,-117.921135
33.656155,-117.91937
33.657505,-117.93175
33.632515,-117.91674
33.6484041,-117.9316902
33.6540768,-117.9211357
33.64803,-117.92086
33.64279,-117.9283
33.639297,-117.927986
33.640163,-117.943794
33.6556112,-117.9283623
33.650497,-117.930984
33.648155,-117.9208
33.64313,-117.9244
33.65751,-117.93152
33.656334,-117.92049
33.652016,-117.93294
33.65212,-117.93165
33.6419563,-117.9203276
33.65522,-117.906784
33.641815,-117.93472
33.643166,-117.920265
33.63452,-117.920364
33.656334,-117.92049
33.63808,-117.929245
33.639297,-117.927986
33.62531,-117.91061
33.6256443,-117.9111278
33.62592,-117.91153
33.6576571,-117.9168285
33.627567,-117.908134
33.6456497,-117.9156339
33.63430786,-117.9218292
33.6407734,-117.9401475
33.65522,-117.906784
33.654858,-117.8993
33.6548902,-117.8996602
33.631886,-117.91232
33.6456497,-117.9156339
33.6565033,-117.9197476
33.65596,-117.918365
33.62592,-117.91153
33.64227676,-117.934227
33.652016,-117.93294
33.657562,-117.92453
33.6522524,-117.91868
33.6436,-117.9275
33.6425997,-117.9181264
33.657505,-117.931946
33.6553032,-117.9066835
33.64279,-117.9283
33.634523,-117.9203653
33.657658,-117.91683
33.639732,-117.92091
33.6426,-117.91813
33.64803,-117.92086
33.65578,-117.91906
33.6530405,-117.9114002
33.64461,-117.9279
33.6392957,-117.9279883
33.64721,-117.930374
33.64744,-117.92222
33.65317,-117.913445
33.6563,-117.92989
33.640408,-117.93838
33.6325529,-117.914146
33.654076,-117.921135
33.64705,-117.92746
33.62841,-117.90925
33.640163,-117.943794
33.6334944,-117.9153344
33.631884,-117.9123223
33.651215,-117.921005
33.65041,-117.930435
33.6243535,-117.9085602
33.65765,-117.9115
33.6540768,-117.9211357
33.6559952,-117.9071728
33.6556112,-117.9283623
33.65349,-117.90611
33.6410031,-117.9288591
33.638668,-117.92562
33.656475,-117.922325
33.639297,-117.927986
33.6423591,-117.9179448
33.6422692,-117.9422321
33.6437691,-117.9107149
33.648373,-117.91489
33.64216614,-117.9235458
33.654243,-117.91577
33.653446,-117.9264
33.635796,-117.91373
33.65494,-117.931145
33.6546058,-117.9187469
33.64912,-117.93016
33.6361,-117.91935
33.656868,-117.9172
33.650967,-117.92447
33.62527743,-117.9304762
33.6471163,-117.9154203
33.655304,-117.906685
33.65379,-117.918564
33.655865,-117.91333
33.64237,-117.92038
33.6565,-117.91975
33.635857,-117.9227
33.6530405,-117.9114002
33.631886,-117.91232
33.65727,-117.93174
33.656868,-117.9172
33.6325529,-117.914146
33.6540768,-117.9211357
33.6568662,-117.9172009
33.6559952,-117.9071728
33.62841,-117.90925
33.64795,-117.90746
33.65522,-117.906784
33.65522,-117.906784
33.6565505,-117.9188599
33.6369602,-117.9222288
33.6414621,-117.9199596
33.64287,-117.91932
33.65522,-117.906784
33.6568662,-117.9172009
33.638866,-117.92941
33.646572,-117.927986
33.65656,-117.927376
33.643703,-117.92296
33.650803,-117.930725
33.65041,-117.91595
33.6540768,-117.9211357
33.647736,-117.92969
33.64237,-117.92038
33.6513146,-117.9109478
33.64178,-117.935135
33.65647,-117.922646
33.625847,-117.91092
33.6563354,-117.9204873
33.64840317,-117.9316864
33.638134,-117.92775
33.6425997,-117.9181264
33.656075,-117.91269
33.657314,-117.91716
33.634346,-117.91845
33.64284,-117.91677
33.6343549,-117.9161811
33.65522,-117.906784
33.643105,-117.93672
33.641407,-117.919266
33.632515,-117.91674
33.65655,-117.91886
33.6568662,-117.9172009
33.65669,-117.931465
33.6419563,-117.9203276
33.633446,-117.92204
33.65522,-117.906784
33.656338,-117.92258
33.65522,-117.906784
33.656475,-117.915825
33.6426931,-117.9332298
33.634523,-117.9203653
33.6565505,-117.9188599
33.656334,-117.92049
33.650974,-117.92218
33.657314,-117.91716
33.6573867,-117.9237793
33.6484041,-117.9316902
33.657405,-117.918706
33.635857,-117.9227
33.65345,-117.92246
33.644653,-117.91992
33.6491157,-117.9235774
33.646492,-117.93243
33.63354,-117.917336
33.63812,-117.93011
33.65592,-117.907196
33.657314,-117.91716
33.65655,-117.91886
33.6540768,-117.9211357
33.65212,-117.93165
33.6475066,-117.9118936
33.65407562,-117.9211349
33.648373,-117.91489
33.6535194,-117.9060687
33.6549227,-117.9116972
33.638824,-117.92799
33.65596,-117.918365
33.625633,-117.91026
33.62592,-117.91153
33.63575,-117.91863
33.6456497,-117.9156339
33.6337576,-117.9150471
33.65578,-117.91906
33.6565505,-117.9188599
33.6548902,-117.8996602
33.634308,-117.92183
33.65189,-117.9118063
33.6344158,-117.9215362
33.62592,-117.91153
33.65727,-117.93174
33.635685,-117.920425
33.656425,-117.93193
33.65727,-117.93174
33.625847,-117.91093
33.62592,-117.91153
33.62592,-117.91153
33.65724,-117.93154
33.65522,-117.906784
33.6343549,-117.9161811
33.63856,-117.9294
33.627655,-117.9084
33.6423673,-117.9203827
33.64121,-117.920654
33.640728,-117.94012
33.654095,-117.913124
33.653282,-117.91808
33.633686,-117.91729
33.6573138,-117.9171566
33.656334,-117.92049
33.657658,-117.91683
33.643784,-117.92424
33.6573729,-117.929271
33.63929,-117.928375
33.6395924,-117.9271062
33.638172,-117.93066
33.64262,-117.93286
33.6499046,-117.9195647
33.6474419,-117.9222157
33.652252,-117.91868
33.652287,-117.92421
33.6568662,-117.9172009
33.6565505,-117.9188599
33.6576571,-117.9168285
33.6568662,-117.9172009
33.6385057,-117.9291583
33.654404,-117.91703
33.641438,-117.92877
33.6540768,-117.9211357
33.6474419,-117.9222157
33.63929,-117.92129
33.6484041,-117.9316902
33.6307,-117.91124
33.63808,-117.929245
33.643654,-117.92102
33.639297,-117.927986
33.657658,-117.91683
33.656475,-117.908
33.639297,-117.927986
33.6254522,-117.9065716
33.65669,-117.931465
33.6565505,-117.9188599
33.657543,-117.92725
33.653282,-117.91808
33.63808,-117.929245
33.64224,-117.92678
33.62592,-117.91153
33.6576571,-117.9168285
33.654858,-117.8993
33.640728,-117.94012
33.6337576,-117.9150471
33.6456497,-117.9156339
33.62592,-117.91153
33.644737,-117.91857
33.656418,-117.92975
33.6372106,-117.9366757
33.65751,-117.93146
33.65751,-117.93136
33.631115,-117.913605
33.657505,-117.931946
33.62527743,-117.9304762
33.65655,-117.91886
33.63075,-117.911545
33.644655,-117.9199201
33.6548902,-117.8996602
33.6573,-117.93194
33.6430765,-117.9323745
33.65727,-117.93174
33.64279,-117.9283
33.6427047,-117.918732
33.653255,-117.9191
33.6425997,-117.9181264
33.644653,-117.91992
33.642083,-117.940197
33.63698,-117.923744
33.64224,-117.92678
33.656452,-117.93073
33.64282,-117.91862
33.65024,-117.92544
33.640217,-117.92001
33.655994,-117.90717
33.63698,-117.923744
33.640774,-117.94015
33.652016,-117.93294
33.652134,-117.932465
33.6540768,-117.9211357
33.65041,-117.930435
33.65024,-117.92544
33.657658,-117.91683
33.62998,-117.913864
33.6369602,-117.9222288
33.64224,-117.92678
33.63472,-117.91732
33.6361154,-117.9212383
33.638103,-117.92944
33.63286,-117.9270719
33.6428021,-117.9427081
33.65655,-117.91886
33.62841,-117.90925
33.6428193,-117.9186145
33.64111,-117.93197
33.637287,-117.92345
33.6535194,-117.9060687
33.64379,-117.92661
33.656868,-117.9172
33.65605,-117.91597
33.65688,-117.9236
33.657677,-117.91685
33.6540768,-117.9211357
33.65522,-117.906784
33.65522,-117.906784
33.65762,-117.90625
33.639297,-117.927986
33.65727,-117.93174
33.65669,-117.931465
33.644653,-117.91992
33.6522374,-117.9178478
33.6423218,-117.9204574
33.6356865,-117.9204254
33.627655,-117.9084
33.6552195,-117.9067861
33.6428727,-117.9193164
33.63808,-117.929245
33.657406,-117.91871
33.6552195,-117.9067861
33.654404,-117.91703
33.654495,-117.93182
33.6530405,-117.9114002
33.6474419,-117.9222157
33.652237,-117.91785
33.64228,-117.93492
33.6540768,-117.9211357
33.625877,-117.91117
33.62592,-117.91153
33.632557,-117.91531
33.62592,-117.91153
33.6576571,-117.9168285
33.630325,-117.91521
33.646374,-117.9150386
33.6337576,-117.9150471
33.6503285,-117.9262961
33.643654,-117.931274
33.62592,-117.91153
33.65591,-117.927025
33.65212,-117.93165
33.6503285,-117.9262961
33.6327,-117.92118
33.65596,-117.918365
33.6426215,-117.9328636
33.62785,-117.91
33.657505,-117.931946
33.651287,-117.91327
33.657406,-117.91871
33.65739,-117.92361
33.629444,-117.90953
33.64288,-117.92927
33.657513,-117.930984
33.64188,-117.92678
33.63929,-117.928375
33.6447359,-117.9185726
33.63808,-117.929245
33.644653,-117.91992
33.63906,-117.92802
33.657405,-117.918706
33.638813,-117.92821
33.656223,-117.91626
33.65601,-117.909676
33.6474838,-117.9211886
33.641815,-117.93472
33.6427405,-117.9202445
33.65727,-117.93174
33.639297,-117.927986
33.640774,-117.94015
33.640774,-117.94015
33.6427387,-117.9282514
33.643177,-117.9247925
33.657658,-117.91683
33.6456497,-117.9156339
33.638916,-117.9215
33.64286,-117.93267
33.657497,-117.91899
33.6474419,-117.9222157
33.633366,-117.916855
33.64178,-117.935135
33.6568662,-117.9172009
33.656868,-117.9172
33.652016,-117.93294
33.63286,-117.9270719
33.655903,-117.92044
33.646374,-117.9150386
33.6395924,-117.9271062
33.65041,-117.930435
33.656868,-117.9172
33.6428193,-117.9186145
33.631886,-117.91232
33.6325529,-117.914146
33.6254522,-117.9065716
33.652287,-117.92421
33.6373438,-117.9243052
33.65475082,-117.9109497
33.64744,-117.92222
33.6316011,-117.9145105
33.62785,-117.91
33.65214,-117.92712
33.653267,-117.90593
33.641044,-117.9259321
33.6437916,-117.9242617
33.650967,-117.92447
33.656334,-117.92049
33.655834,-117.93192
33.65669,-117.931465
33.65073,-117.92053
33.6497997,-117.9301188
33.65522,-117.906784
33.63808,-117.929245
33.64744,-117.92222
33.642616,-117.9118868
33.650166,-117.9114
33.649895,-117.91303
33.650166,-117.9114
33.6559,-117.92081
33.641815,-117.93472
33.641438,-117.92877
33.65605,-117.91597
33.6565505,-117.9188599
33.65596,-117.918365
33.625877,-117.91117
33.62592,-117.91153
33.6256443,-117.9111278
33.65578,-117.91906
33.64237,-117.92038
33.63455,-117.92042
33.636,-117.92146
33.634523,-117.9203653
33.6456497,-117.9156339
33.6548902,-117.8996602
33.652016,-117.93294
33.644245,-117.93027
33.642083,-117.940197
33.64188,-117.92678
33.640408,-117.93838
33.63808,-117.929245
33.633062,-117.9270308
33.640835,-117.92158
33.6430673,-117.9272832
33.642982,-117.93584
33.652016,-117.93294
33.643417,-117.92836
33.63959,-117.92711
33.657658,-117.91683
33.638336,-117.92771
33.657658,-117.91683
33.65041,-117.930435
33.63906,-117.92802
33.65735,-117.93077
33.642273,-117.934784
33.640774,-117.94015
33.656418,-117.92975
33.6508771,-117.9105724
33.6327758,-117.9272031
33.64803,-117.92086
33.64744,-117.92222
33.657405,-117.918706
33.636978,-117.9237404
33.655197,-117.926834
33.636,-117.92146
33.64288,-117.93923
33.631886,-117.91232
33.657562,-117.92453
33.6408361,-117.9215776
33.638866,-117.92941
33.63455,-117.92042
33.6361154,-117.9212383
33.655304,-117.906685
33.6540768,-117.9211357
33.6573729,-117.929271
33.63698,-117.923744
33.6564,-117.91878
33.654404,-117.91703
33.6325132,-117.9167399
33.653206,-117.917755
33.6426,-117.91813
33.638866,-117.92941
33.656334,-117.92049
33.6404037,-117.9200686
33.65682983,-117.9143982
33.6448,-117.91804
33.648155,-117.9208
33.63754,-117.91696
33.6558741,-117.9283938
33.65669,-117.931465
33.639297,-117.927986
33.648373,-117.91489
33.655994,-117.90717
33.6419563,-117.9203276
33.632458,-117.91425
33.6405079,-117.9309739
33.65735,-117.93077
33.6407914,-117.9198134
33.65522,-117.906784
33.647274,-117.93042
33.656612,-117.907234
33.6381737,-117.9308443
33.656334,-117.92049
33.656868,-117.9172
33.64795,-117.90746
33.6441137,-117.9295439
33.64225,-117.926125
33.65578,-117.91906
33.6337576,-117.9150471
33.6456497,-117.9156339
33.64264,-117.93234
33.654404,-117.91703
33.6422769,-117.9344352
33.652287,-117.92421
33.6437018,-117.9229592
33.644737,-117.91857
33.653496,-117.92248
33.6456497,-117.9156339
33.6427644,-117.9237503
33.6568662,-117.9172009
33.639297,-117.927986
33.6430673,-117.9272832
33.640343,-117.922195
33.634308,-117.92183
33.6425997,-117.9181264
33.640774,-117.94015
33.65522,-117.906784
33.63455,-117.92042
33.657314,-117.91716
33.652016,-117.93294
33.653282,-117.91808
33.65024,-117.92544
33.64744,-117.92222
33.6369602,-117.9222288
33.657658,-117.91683
33.656868,-117.9172
33.651775,-117.91868
33.631886,-117.91232
33.6565505,-117.9188599
33.656868,-117.9172
33.64744,-117.92222
33.638176,-117.92511
33.657405,-117.918706
33.64721,-117.930374
33.643078,-117.93237
33.6428021,-117.9427081
33.642765,-117.92375
33.63808,-117.929245
33.65727,-117.93174
33.6549429,-117.9142639
33.657314,-117.91716
33.6325529,-117.914146
33.632515,-117.91674
33.657314,-117.91716
33.650497,-117.92296
33.62841,-117.90925
33.6361154,-117.9212383
33.656067,-117.90839
33.64607,-117.92961
33.6484041,-117.9316902
33.64705,-117.92746
33.637596,-117.92263
33.651215,-117.921005
33.65722,-117.92323
33.656334,-117.92049
33.64379,-117.92661
33.6401619,-117.928676
33.6497997,-117.9301188
33.6540768,-117.9211357
33.656612,-117.907234
33.6482216,-117.9217055
33.6419563,-117.9203276
33.64379,-117.92661
33.657658,-117.91683
33.64279,-117.9283
33.640102,-117.92948
33.63452,-117.920364
33.648373,-117.91489
33.6448,-117.91804
33.64795,-117.90746
33.6325977,-117.9153186
33.626247,-117.9074
33.629444,-117.90953
33.6436472,-117.9285556
33.65088,-117.93239
33.643812,-117.9280396
33.6565505,-117.9188599
33.656075,-117.91269
33.6408361,-117.9215776
33.6425997,-117.9181264
33.6576571,-117.9168285
33.65574,-117.91836
33.656868,-117.9172
33.64963,-117.93022
33.643166,-117.92479
33.634346,-117.91845
33.631886,-117.91232
33.642742,-117.92024
33.6467,-117.91148
33.63354,-117.917336
33.6405726,-117.9199183
33.62909,-117.910355
33.64668,-117.930145
33.63409,-117.918175
33.643177,-117.9247925
33.63698,-117.923744
33.6317175,-117.9146936
33.6325529,-117.914146
33.65047,-117.92315
33.656868,-117.9172
33.62841,-117.90925
33.6474419,-117.9222157
33.644737,-117.91857
33.641044,-117.9259321
33.65494,-117.91426
33.634523,-117.9203653
33.6487896,-117.9157432
33.6565505,-117.9188599
33.64287,-117.91932
33.6249,-117.90583
33.656868,-117.9172
33.6510179,-117.9219939
33.6540768,-117.9211357
33.63721848,-117.9201431
33.650974,-117.92218
33.646492,-117.93243
33.6558741,-117.9283938
33.6576571,-117.9168285
33.6423501,-117.9122073
33.65407562,-117.9211349
33.635975,-117.9269
33.64216614,-117.9235458
33.641243,-117.91818
33.642165,-117.9235423
33.6325132,-117.9167399
33.6568662,-117.9172009
33.64754,-117.93016
33.647987,-117.9132
33.6401619,-117.928676
33.6419563,-117.9203276
33.632515,-117.91674
33.6448,-117.91804
33.6410031,-117.9288591
33.6552195,-117.9067861
33.6422743,-117.9347811
33.65649,-117.9215
33.655315,-117.93193
33.643105,-117.93672
33.6474419,-117.9222157
33.65722,-117.92323
33.638824,-117.92799
33.650497,-117.92296
33.64840317,-117.9316864
33.631718,-117.914696
33.657215,-117.92949
33.657405,-117.918706
33.642082,-117.9402
33.6436472,-117.9285556
33.640835,-117.92158
33.6425997,-117.9181264
33.656075,-117.91269
33.64279,-117.9283
33.64284,-117.91677
33.6508771,-117.9105724
33.656334,-117.92049
33.635857,-117.9227
33.656036,-117.9251
33.634346,-117.91845
33.65522,-117.906784
33.63808,-117.929245
33.654076,-117.921135
33.6290883,-117.9103563
33.644655,-117.9199201
33.65727,-117.93174
33.6437916,-117.9242617
33.656334,-117.92049
33.64912,-117.93016
33.6474419,-117.9222157
33.6474419,-117.9222157
33.655903,-117.92044
33.6573138,-117.9171566
33.65475082,-117.9109497
33.6361154,-117.9212383
33.642784,-117.93614
33.65469,-117.90809
33.6565505,-117.9188599
33.63808,-117.929245
33.654003,-117.91346
33.6540768,-117.9211357
33.650974,-117.92218
33.640343,-117.922195
33.63959,-117.92711
33.645832,-117.92576
33.6565505,-117.9188599
33.6510179,-117.9219939
33.6318596,-117.9123183
33.65433,-117.9049
33.657314,-117.91716
33.629444,-117.90953
33.6401619,-117.928676
33.639957,-117.9287577
33.64803,-117.92086
33.6437018,-117.9229592
33.63808,-117.929245
33.6431314,-117.9244004
33.6431314,-117.9244004
33.6422743,-117.9347811
33.6535194,-117.9060687
33.642165,-117.9235423
33.63995,-117.931046
33.657562,-117.92453
33.65733,-117.904686
33.6456497,-117.9156339
33.6337576,-117.9150471
33.6426406,-117.9323422
33.651215,-117.921005
33.6318821,-117.9123644
33.655647,-117.91841
33.631886,-117.91232
33.633062,-117.9270308
33.6425997,-117.9181264
33.65655,-117.91886
33.64551,-117.930046
33.65737,-117.92927
33.6430673,-117.9272832
33.65522,-117.906784
33.63808,-117.929245
33.6272747,-117.9076157
33.634523,-117.9203653
33.654404,-117.91703
33.6426,-117.91813
33.656868,-117.9172
33.65522,-117.906784
33.634308,-117.92183
33.63698,-117.923744
33.657658,-117.91683
33.633446,-117.92204
33.656258,-117.91731
33.657314,-117.91716
33.6565505,-117.9188599
33.639297,-117.927986
33.63286,-117.9270719
33.638844,-117.92477
33.64288,-117.93923
33.6325132,-117.9167399
33.63698,-117.923744
33.646374,-117.9150386
33.65737,-117.92927
33.6428193,-117.9186145
33.632687,-117.9321
33.657405,-117.918706
33.6556112,-117.9283623
33.652287,-117.92421
33.641438,-117.92877
33.6474838,-117.9211886
33.642303,-117.93313
33.6568662,-117.9172009
33.6361154,-117.9212383
33.633858,-117.93513
33.6320537,-117.9144304
33.632053,-117.91443
33.6557871,-117.9291283
33.6499982,-117.9301209
33.644142,-117.92553
33.657166,-117.92446
33.641956,-117.92033
33.643575,-117.9327404
33.654076,-117.921135
33.64744,-117.92222
33.654404,-117.91703
33.652016,-117.93294
33.63954,-117.92823
33.64754,-117.93016
33.65522,-117.906784
33.6540768,-117.9211357
33.6401619,-117.928676
33.65683,-117.9144
33.6448,-117.91804
33.640163,-117.943794
33.646492,-117.93243
33.6427231,-117.9115524
33.63679,-117.924644
33.655922,-117.92078
33.656334,-117.92049
33.65226,-117.92677
33.64808,-117.91648
33.652252,-117.91868
33.6381603,-117.9315666
33.657024,-117.92807
33.6367251,-117.9246408
33.6414057,-117.9192653
33.648373,-117.91489
33.650974,-117.92218
33.6556112,-117.9283623
33.657658,-117.91683
33.63186,-117.91996
33.63995,-117.931046
33.64367,-117.91085
33.6430006,-117.9312938
33.6456497,-117.9156339
33.643654,-117.931274
33.6565505,-117.9188599
33.63688,-117.92152
33.644737,-117.91857
33.65204,-117.91076
33.6372106,-117.9366757
33.64409,-117.92554
33.657405,-117.918706
33.639618,-117.93802
33.64237,-117.92038
33.639297,-117.927986
33.646374,-117.9150386
33.65522,-117.906784
33.65284,-117.92254
33.633062,-117.9270308
33.655647,-117.91841
33.631886,-117.91232
33.651215,-117.921005
33.6430673,-117.9272832
33.63808,-117.929245
33.6565505,-117.9188599
33.644653,-117.91992
33.63677,-117.92782
33.64754,-117.93016
33.6436472,-117.9285556
33.65722,-117.92323
33.6573729,-117.929271
33.6254522,-117.9065716
33.632515,-117.91674
33.65059,-117.90887
33.6426,-117.91813
33.657658,-117.91683
33.65494,-117.91426
33.654404,-117.91703
33.6568662,-117.9172009
33.6393127,-117.9252817
33.652016,-117.93294
33.6436822,-117.9314023
33.6425997,-117.9181264
33.657658,-117.91683
33.6476707,-117.9216443
33.6408361,-117.9215776
33.6534897,-117.9061114
33.652016,-117.93294
33.6552195,-117.9067861
33.656876,-117.92867
33.64237,-117.92038
33.65084,-117.92799
33.656868,-117.9172
33.6565505,-117.9188599
33.65399,-117.92873
33.63452,-117.920364
33.62841,-117.90925
33.63808,-117.929245
33.654404,-117.91703
33.631884,-117.9123223
33.656868,-117.9172
33.64744,-117.92222
33.643105,-117.93672
33.64808,-117.91648
33.6552195,-117.9067861
33.63696,-117.922226
33.633446,-117.92204
33.656334,-117.92049
33.6556112,-117.9283623
33.6482216,-117.9217055
33.648376,-117.91852
33.639957,-117.9287577
33.65669,-117.931465
33.65727,-117.93174
33.65682983,-117.9143982
33.656715,-117.92471
33.65167,-117.92619
33.641407,-117.919266
33.638493,-117.92439
33.6576571,-117.9168285
33.63186,-117.91996
33.644245,-117.93027
33.6576571,-117.9168285
33.656868,-117.9172
33.6568662,-117.9172009
33.65591,-117.927025
33.6456497,-117.9156339
33.656868,-117.9172
33.644737,-117.91857
33.64565,-117.915634
33.640408,-117.93838
33.6426,-117.91813
33.646374,-117.9150386
33.65722,-117.92323
33.656868,-117.9172
33.6454217,-117.9230517
33.65596,-117.907166
33.655613,-117.92836
33.64082,-117.921165
33.65059,-117.90887
33.649097,-117.92379
33.6325132,-117.9167399
33.631884,-117.9123223
33.6361,-117.91935
33.6565505,-117.9188599
33.63808,-117.929245
33.6421482,-117.9202261
33.6243535,-117.9085602
33.647987,-117.9132
33.6505891,-117.9088697
33.6425997,-117.9181264
33.64302,-117.935684
33.6568662,-117.9172009
33.6534897,-117.9061114
33.64279,-117.9283
33.64802551,-117.9208374
33.6517619,-117.9186727
33.63698,-117.923744
33.6335428,-117.9173338
33.64016,-117.932755
33.642784,-117.93614
33.6408361,-117.9215776
33.654243,-117.91577
33.656334,-117.92049
33.644655,-117.9199201
33.652287,-117.92421
33.631886,-117.91232
33.652831,-117.9186627
33.62909,-117.910355
33.634346,-117.91845
33.642165,-117.9235423
33.6508274,-117.9104467
33.642784,-117.93614
33.6556112,-117.9283623
33.6540768,-117.9211357
33.63452,-117.920364
33.656075,-117.91269
33.6568662,-117.9172009
33.63959,-117.92711
33.63679,-117.924644
33.642864,-117.9317163
33.65596,-117.918365
33.6471163,-117.9154203
33.6325529,-117.914146
33.646374,-117.9150386
33.6414057,-117.9192653
33.6426,-117.91813
33.62841,-117.90925
33.64637756,-117.9150314
33.6454217,-117.9230517
33.650974,-117.92218
33.656868,-117.9172
33.6423673,-117.9203827
33.6385355,-117.9220058
33.6482216,-117.9217055
33.642548,-117.92604
33.65669,-117.931465
33.6442905,-117.9298427
33.6249,-117.90583
33.6530405,-117.9114002
33.64379,-117.92661
33.653496,-117.92248
33.63452,-117.920364
33.6576571,-117.9168285
33.65073,-117.92053
33.650497,-117.92296
33.64963,-117.93022
33.6568662,-117.9172009
33.6543018,-117.9046009
33.6456497,-117.9156339
33.657405,-117.918706
33.65204,-117.91076
33.632515,-117.91674
33.6573729,-117.929271
33.644245,-117.93027
33.6408361,-117.9215776
33.639957,-117.9287577
33.644737,-117.91857
33.636627,-117.926254
33.65403,-117.91239
33.640408,-117.93838
33.646374,-117.9150386
33.625923,-117.909615
33.641884,-117.92222
33.6428727,-117.9193164
33.650578,-117.90888
33.64266,-117.93252
33.656868,-117.9172
33.6552195,-117.9067861
33.656868,-117.9172
33.65437,-117.9071
33.65737,-117.92927
33.62527743,-117.9304762
33.650967,-117.92447
33.633446,-117.92204
33.632496,-117.916824
33.634327,-117.916245
33.64754,-117.93016
33.643585,-117.93124
33.6428727,-117.9193164
33.638622,-117.93172
33.65737,-117.92927
33.6454988,-117.9100243
33.6540768,-117.9211357
33.657405,-117.918706
33.631718,-117.914696
33.65727,-117.93174
33.656452,-117.93073
33.6324968,-117.9168215
33.64406,-117.92998
33.653446,-117.9264
33.65073,-117.92053
33.6325132,-117.9167399
33.650497,-117.92296
33.6325529,-117.914146
33.6395924,-117.9271062
33.6423267,-117.923778
33.65688,-117.92473
33.62841,-117.90925
33.65683,-117.9144
33.64744,-117.92222
33.657406,-117.91871
33.6249068,-117.9058203
33.64705,-117.92746
33.6568662,-117.9172009
33.63808,-117.929245
33.6401619,-117.928676
33.6422743,-117.9347811
33.654076,-117.921135
33.65399,-117.92873
33.636,-117.92146
33.6482216,-117.9217055
33.655575,-117.91941
33.642082,-117.9402
33.6484041,-117.9316902
33.6565505,-117.9188599
33.65669,-117.931465
33.656334,-117.92049
33.6419563,-117.9203276
33.6426,-117.91813
33.6517522,-117.9129041
33.6410031,-117.9288591
33.6508771,-117.9105724
33.6427405,-117.9202445
33.6558741,-117.9283938
33.64234,-117.92356
33.6558741,-117.9283938
33.6428193,-117.9340719
33.65605,-117.91597
33.6564492,-117.9170687
33.6436472,-117.9285556
33.654892,-117.89966
33.631884,-117.9123223
33.657326,-117.9275
33.63808,-117.929245
33.655647,-117.91841
33.64287,-117.91932
33.6505891,-117.9088697
33.65655,-117.91886
33.64947,-117.91424
33.643646,-117.92851
33.6419563,-117.9203276
33.6511544,-117.9325966
33.62504541,-117.9293125
33.636387,-117.93162
33.650578,-117.90888
33.6474419,-117.9222157
33.6472435,-117.9114914
33.642742,-117.92024
33.633446,-117.92204
33.65727,-117.93174
33.642094,-117.918724
33.6318821,-117.9123644
33.65733,-117.904686
33.6496434,-117.9116518
33.6520426,-117.9265299
33.65522,-117.906784
33.656868,-117.9172
33.641438,-117.92877
33.6565505,-117.9188599
33.6426,-117.91813
33.62841,-117.90925
33.65072,-117.92195
33.6530405,-117.9114002
33.64744,-117.92222
33.626663,-117.90885
33.6426215,-117.9328636
33.6565505,-117.9188599
33.6534897,-117.9061114
33.644655,-117.9199201
33.654076,-117.921135
33.6553032,-117.9066835
33.6540768,-117.9211357
33.650497,-117.92296
33.6427231,-117.9115524
33.64224,-117.92678
33.6419563,-117.9203276
33.642842,-117.9167676
33.656334,-117.92049
33.650578,-117.9088806
33.640404,-117.92007
33.6565505,-117.9188599
33.6426278,-117.9151221
33.654076,-117.921135
33.642083,-117.940197
33.639297,-117.927986
33.630898,-117.9135
33.6570594,-117.9244247
33.64284,-117.91677
33.6367579,-117.9211489
33.6397934,-117.9276221
33.657406,-117.91871
33.648243,-117.92797
33.644245,-117.93027
33.642673,-117.9335
33.6419563,-117.9203276
33.65762,-117.90625
33.646374,-117.9150386
33.632515,-117.91674
33.65683,-117.9144
33.65403,-117.91239
33.64284,-117.91677
33.63808,-117.929245
33.63698,-117.923744
33.6386292,-117.9196753
33.6474419,-117.9222157
33.650578,-117.90888
33.6438484,-117.9236929
33.650993,-117.9226
33.65488,-117.90656
33.656715,-117.92471
33.65522,-117.906784
33.65059,-117.90887
33.6369436,-117.9222697
33.6343549,-117.9161811
33.6508274,-117.9104467
33.65591812,-117.907196
33.64541,-117.91927
33.6520426,-117.9265299
33.654076,-117.921135
33.626663,-117.90885
33.6540768,-117.9211357
33.656334,-117.92049
33.65727,-117.93174
33.6426215,-117.9328636
33.63722,-117.92014
33.65212,-117.93165
33.6419563,-117.9203276
33.64705,-117.92746
33.65688,-117.92473
33.641243,-117.91818
33.6426,-117.91813
33.6530405,-117.9114002
33.65475082,-117.9109497
33.656334,-117.92049
33.6540768,-117.9211357
33.65633392,-117.9204865
33.64795,-117.90746
33.6510179,-117.9219939
33.650993,-117.9226
33.6568662,-117.9172009
33.6474419,-117.9222157
33.632515,-117.91674
33.657314,-117.91716
33.645542,-117.927956
33.64379,-117.92661
33.643177,-117.9247925
33.65204,-117.91076
33.64668,-117.930145
33.6484041,-117.9316902
33.65059,-117.90887
33.6410031,-117.9288591
33.65407562,-117.9211349
33.656796,-117.90258
33.6499982,-117.9301209
33.654076,-117.921135
33.63995,-117.931046
33.65733,-117.904686
33.644245,-117.93027
33.6456497,-117.9156339
33.642292,-117.93353
33.64551,-117.930046
33.6389165,-117.9214976
33.6564,-117.91878
33.63268,-117.93208
33.632557,-117.91531
33.6243535,-117.9085602
33.6430006,-117.9312938
33.64409,-117.92554
33.6454988,-117.9100243
33.65737,-117.92927
33.64284,-117.91677
33.6354242,-117.9239064
33.6375642,-117.9227789
33.6375855,-117.9226575
33.65059,-117.90887
33.6517294,-117.9316856
33.657406,-117.91871
33.63812,-117.93011
33.6534897,-117.9061114
33.63808,-117.929245
33.6334958,-117.9172841
33.65578,-117.91906
33.634308,-117.92183
33.6543696,-117.9070952
33.631884,-117.9123223
33.6360031,-117.92146
33.636,-117.92146
33.6428727,-117.9193164
33.656994,-117.90246
33.633858,-117.93513
33.6367251,-117.9246408
33.64575,-117.91812
33.6565505,-117.9188599
33.633446,-117.92204
33.63188,-117.91236
33.64912,-117.93016
33.65655,-117.91886
33.6422769,-117.9344352
33.656338,-117.92258
33.64288,-117.93923
33.65737,-117.92927
33.6565505,-117.9188599
33.65655,-117.91886
33.646378,-117.91503
33.641438,-117.92877
33.6559,-117.92081
33.6333736,-117.9158019
33.64705,-117.92746
33.64858,-117.91676
33.6389165,-117.9214976
33.6530405,-117.9114002
33.657405,-117.918706
33.6433955,-117.9319895
33.6318821,-117.9123644
33.65737,-117.92927
33.6425997,-117.9181264
33.63397,-117.91786
33.6573729,-117.929271
33.637188,-117.92026
33.654076,-117.921135
33.6426,-117.91813
33.6549429,-117.9142639
33.657024,-117.92807
33.6552195,-117.9067861
33.6439232,-117.9202089
33.652122,-117.93245
33.656334,-117.92049
33.632515,-117.91674
33.6419563,-117.9203276
33.65416,-117.91884
33.6410031,-117.9288591
33.64313,-117.9244
33.640835,-117.92158
33.639297,-117.927986
33.656334,-117.92049
33.6335428,-117.9173338
33.64379,-117.92661
33.657314,-117.91716
33.64274,-117.92825
33.6539657,-117.905688
33.63576,-117.926605
33.64744,-117.92222
33.657406,-117.91871
33.654076,-117.921135
33.63995,-117.931046
33.631886,-117.91232
33.6562807,-117.907565
33.654655,-117.91783
33.643654,-117.931274
33.644245,-117.93027
33.625923,-117.909615
33.654114,-117.91335
33.6568662,-117.9172009
33.646374,-117.9150386
33.632557,-117.91531
33.656868,-117.9172
33.64284,-117.91677
33.65522,-117.906784
33.650974,-117.92218
33.648113,-117.91369
33.6437018,-117.9229592
33.64744,-117.92222
33.64279,-117.9283
33.652016,-117.93294
33.6565505,-117.9188599
33.636726,-117.924644
33.65059,-117.90887
33.6332473,-117.916679
33.6362051,-117.919451
33.640835,-117.92158
33.6565505,-117.9188599
33.647903,-117.92967
33.652016,-117.93294
33.65596,-117.918365
33.6409271,-117.9412309
33.642506,-117.93654
33.655575,-117.91941
33.6406426,-117.9242536
33.6558741,-117.9283938
33.650803,-117.930725
33.6564492,-117.9170687
33.64744,-117.92222
33.6530405,-117.9114002
33.6528156,-117.9138476
33.639072,-117.920235
33.631886,-117.91232
33.6325529,-117.914146
33.64575,-117.91812
33.6520426,-117.9265299
33.6436822,-117.9314023
33.6520426,-117.9265299
33.63186,-117.912315
33.629444,-117.90953
33.62841,-117.90925
33.6568662,-117.9172009
33.6565505,-117.9188599
33.6401619,-117.928676
33.6325132,-117.9167399
33.6547515,-117.9110474
33.635857,-117.9227
33.656334,-117.92049
33.63354,-117.917336
33.6556174,-117.9037234
33.6354242,-117.9239064
33.6480058,-117.9213846
33.6534897,-117.9061114
33.6393127,-117.9252817
33.6408361,-117.9215776
33.638844,-117.92477
33.63808,-117.929245
33.63376,-117.91505
33.6454988,-117.9100243
33.6510179,-117.9219939
33.65399,-117.92873
33.6367251,-117.9246408
33.632515,-117.91674
33.6558741,-117.9283938
33.63995,-117.931046
33.6568662,-117.9172009
33.62912,-117.90884
33.625645,-117.911125
33.64299,-117.91148
33.65204,-117.91076
33.6337576,-117.9150471
33.65578,-117.91906
33.64288,-117.93923
33.636627,-117.926254
33.655403,-117.90685
33.65591,-117.927025
33.642773,-117.92955
33.655865,-117.918365
33.63696,-117.922226
33.6568662,-117.9172009
33.65059,-117.90887
33.650967,-117.92447
33.638866,-117.92941
33.63688,-117.92152
33.6430673,-117.9272832
33.650578,-117.90888
33.644655,-117.9199201
33.658638,-117.93192
33.640354,-117.918785
33.6290883,-117.9103563
33.65437,-117.9071
33.65762,-117.90625
33.639904,-117.92244
33.650597,-117.91979
33.62527743,-117.9304762
33.6576571,-117.9168285
33.635597,-117.9178
33.63452,-117.920364
33.64262,-117.93286
33.65751,-117.931625
33.64279,-117.9283
33.6474419,-117.9222157
33.644043,-117.92998
33.6401619,-117.928676
33.652016,-117.93294
33.6423673,-117.9203827
33.63808,-117.929245
33.640602,-117.925995
33.64226,-117.93259
33.638103,-117.92944
33.644245,-117.93027
33.646374,-117.9150386
33.63808,-117.929245
33.655304,-117.906685
33.649895,-117.91303
33.65522,-117.906784
33.6564725,-117.9226493
33.654404,-117.91703
33.6573138,-117.9171566
33.6325132,-117.9167399
33.65647,-117.91804
33.64858,-117.91676
33.656334,-117.92049
33.636116,-117.92124
33.65095,-117.917625
33.6408361,-117.9215776
33.6573729,-117.929271
33.6511544,-117.9325966
33.62998,-117.913864
33.6474588,-117.9154484
33.656868,-117.9172
33.642165,-117.9235423
33.635685,-117.920425
33.64668,-117.930145
33.65403,-117.91239
33.632515,-117.91674
33.6457741,-117.9155444
33.6501642,-117.9113981
33.6552195,-117.9067861
33.62841,-117.90925
33.64744,-117.92222
33.645226,-117.915794
33.6423673,-117.9203827
33.63397,-117.93164
33.642082,-117.9402
33.64287,-117.91932
33.650974,-117.92218
33.65737,-117.92927
33.6426,-117.91813
33.634523,-117.9203653
33.650497,-117.92296
33.6425997,-117.9181264
33.65475082,-117.9109497
33.6558741,-117.9283938
33.6457074,-117.9157921
33.639637,-117.91765
33.6389165,-117.9214976
33.6534897,-117.9061114
33.6480058,-117.9213846
33.6405924,-117.9197834
